:020000041000EA
:1000000000B5324B212058609868022188439860DF
:10001000D860186158612E4B002199600221596106
:100020000121F02299502B49196001219960352056
:1000300000F044F80222904214D00621196600F024
:1000400034F8196E01211966002018661A6600F04E
:100050002CF8196E196E196E052000F02FF8012189
:100060000842F9D1002199601B49196000215960AB
:100070001A491B48016001219960EB211966A021F2
:10008000196600F012F800219960164914480160C1
:100090000121996001BC002800D000471248134993
:1000A000086003C880F30888084703B5996A0420EC
:1000B0000142FBD001200142F8D103BD02B5186610
:1000C0001866FFF7F2FF186E186E02BD00000240BE
:1000D000000000180000070000035F00212200005C
:1000E000F4000018222000A00001001008ED00E03C
:1000F00000000000000000000000000074B24E7A12
:1001000000200420F7010010CB010010CD010010E9
:10011000C9010010C9010010C9010010C901001077
:10012000C9010010C9010010C9010010CF01001061
:10013000C9010010C9010010D1010010D301001045
:10014000C1010010C1010010C1010010C101001067
:10015000C1010010C1010010C1010010C101001057
:10016000C1010010C1010010C1010010C101001047
:10017000C1010010C1010010C1010010C101001037
:10018000C1010010C1010010C1010010C101001027
:10019000C1010010C1010010C1010010C101001017
:1001A000C1010010C1010010C1010010C101001007
:1001B000C1010010C1010010C1010010C1010010F7
:1001C000EFF30580103800BE00BE00BE00BE00BECA
:1001D00000BE00BEF2EB8871DC3F0110FC3F011055
:1001E0003802001090A31AE700201E49086006C8D4
:1001F00081F3088810471C480068002801D00020BF
:10020000F3E70DA40ECC002902D000F012F8F9E7B4
:100210001649174A002000E001C19142FCD115495E
:100220008847154988471549884700BEFDE701C939
:1002300001C29A42FBD37047FC3F0110C00000206E
:10024000301100206C500110000004200000042038
:100250006C50011000100420001004200000000069
:100260007047000008ED00E0000000D030110020D1
:1002700078BF002041690010810200103969001028
:1002800010B506F065FE00F019F801F023F801F052
:1002900037F9FCE770B5084CA369DB060AD41025D2
:1002A000A3691D42FCD12068C0B201F081F9A369A5
:1002B0001D42F5D070BDC04600800340F0B5192046
:1002C00085B002F06DFBD026802301AC220001270F
:1002D0009B0436067362B361304B23CB23C220CC20
:1002E000280002F05DFB3B00AB400022B36201211D
:1002F000280002F02DFB04AB9C42F0D10224284DD3
:100300002849280008F032FE274A6B68146007224B
:10031000296823405140C8320A40244907200A6016
:10032000234A0121136002F0F9FA0121062002F0AC
:10033000F5FA002008F00EFE012002F031FB746295
:100340000220746102F02CFB04230320736202F08C
:1003500027FB08239621174C7362200073618901E3
:1003600003F054FA002301222000082103F0DEFAF2
:100370000221042002F0D2FA0221052002F0CEFA76
:100380005023A363626B183B13400B4A15200B49A3
:10039000136002F021FC05B0F0BDC046DC950010F2
:1003A00000C00340002D310104F0034000D00340A1
:1003B00004E00340008003403490034095020010A5
:1003C00010B5441E002805D0FA20800003F0ACF9D7
:1003D000013CF9D210BDC0460122D02382401B0649
:1003E0005B6813405A425341D8B27047D0238022F1
:1003F0001B069204002801D05A6170479A61FCE7FD
:1004000010B500290AD044182021054A93691942E1
:10041000FCD1037801301360A042F7D110BDC04673
:1004200000800340D02304221B06002801D05A611B
:1004300070479A61FCE7C04610B50A000100024807
:1004400008F092FE10BDC04600C00340A022094B38
:10045000D2051060536091608021074B4904D3603E
:1004600013690B42FCD110220449CB681A42FCD11B
:100470007047C04608C003401100080000C0034098
:10048000D02302221B06002801D15A6170479A61CD
:10049000FCE7C046D02308221B06002801D05A6181
:1004A00070479A61FCE7C04610B50400002002F0D6
:1004B00077FAD02301221B065A62002C01D05A6120
:1004C00010BD9A61FCE7C046F0B5C6460C0000B509
:1004D00000219046061C04F0B5FC00283FD10027FF
:1004E000002C27D00125AB005D19013C6D00002CCC
:1004F000F9D1301C04F0E0FC040004F0BBFC011C4A
:10050000301C04F056FC061C280004F0B3FC011C4F
:10051000301C04F068FC04F0CFFCC2178318534071
:10052000002F16D0220040461F4906F0D3F980BCA8
:10053000B846F0BD301C04F0BFFC040004F09AFC87
:10054000011C301C04F035FC04F0B6FCC217831803
:10055000534022004046154906F0BCF9E7E7301C3D
:1005600004F0E2FC02000B0006000F0003F0EAFFBB
:1005700002000B003000390003F0DBFF04F0C0F88C
:10058000061C002C01D00127ACE704F095FC040008
:1005900004F070FC011C301C04F00BFC04F08CFC1B
:1005A000C21783185340BDE7189200102092001024
:1005B000F0B55746DE464E4645469246E0B583B016
:1005C0001F000CAB00229B5E52460190002A25DDE5
:1005D000002F23DD5B00984600239B468BB2994693
:1005E0004F44D9469B46BFB24B465D000D9B5C46CF
:1005F0009C46019E65444E4436B221B201342A889D
:100600003000A4B200F038FE4544A742F5D10123E2
:100610009C46E1444B461AB29245E5DC03B0F0BC7F
:10062000BB46B246A946A046F0BDC046F8B50D4B44
:100630000027DF5F0C4B00269E5F002F10DD00259A
:10064000002E0DDD0024210001340022280024B2F8
:1006500000F012FEA642F6D101352DB2AF42F1D123
:10066000F8BDC046301000202E100020F0B55746CF
:100670004E464546DE46E0B591B00B931AAB1F8857
:100680001BAB894619781CAB1C788F4B0391002556
:100690005B5F0294834200DCAFE08C4B00255B5F24
:1006A0004B4500DCA9E08C464B0063445B001B1803
:1006B000002B00DCA1E04B46E500EB18002B00DC32
:1006C0009BE0AF2A00D9E3E091008A18804986B206
:1006D0005318741D0893A3B20A934B469BB204931C
:1006E0004B460F950B9D079609960C960D930E940D
:1006F000089B1B789B466B4624229B5E039A9C4674
:1007000005930823984600231C00624401920123AC
:100710005A46134200D177E0039BA2B2012B03D1CA
:10072000029B012B00D19DE00499029B8C465A4309
:10073000624412B291460199059A8A421BDA4B44EF
:100740001E00994517DA3B002F009A463500160027
:1007500006944C46210001343A00300024B200F0E7
:100760008BFDAC42F6DB0136019B36B29E42F0DBDC
:100770003D005746069C631C5CB25B465B089B468B
:100780004346013BDBB29846002BC0D1089B099C35
:1007900001330893039B0A9A9C466444A3B20993CD
:1007A000079B01339BB207939342A1D10D9B0C9EF3
:1007B00099460B9B0E9C0F9D9F421ED06346012BBA
:1007C00069D0039988468A004244B3181EB2B044E7
:1007D000ABB2464511DA4B441D0099450DDA4C4643
:1007E000210001343A00300024B200F045FDAC4253
:1007F000F6DB013636B24645F1DB11B0F0BCBB4644
:10080000B246A946A046F0BDAF42B4D0039BA2B207
:10081000012B02D1029B012B2FD00499029B8C4605
:100820005A4305990198624412B28142A3DA9E1894
:10083000B242A0DA2B00914635009A460E0006948B
:100840004C46210001343A00300024B200F014FD7F
:10085000AC42F6DB0136019B36B29E42F0DB5546D8
:10086000069C88E7049B9C466B46624411B21C20A0
:10087000185E2A0000F000FD7DE7049B9C466B4655
:10088000624411B21C20185E3A0000F0F5FC72E7D9
:100890000132D2B218E7029B012B04D026B2721C9F
:1008A0009046ABB297E76B461C241C5F4B464D4607
:1008B000DE1D290001353A0020002DB200F0DCFCDD
:1008C000B542F6DB99E7C046301000202E1000201C
:1008D000E8950010024B1880024B19807047C04603
:1008E00060BF002062BF0020024B1880024B1980BD
:1008F0007047C0462C10002064BF0020024B1880B7
:10090000024B18807047C0462A1000202810002093
:10091000F0B5DE464E4657464546E0B58BB0020080
:10092000324907A805F0D6FF07A808F0BFFB07ACBF
:100930002618002853D02E4B2E4D04932E4B98464C
:100940003DE00D2A38D00023E85E049B1B889C46BE
:1009500043461B889946294B9A460021595E6346B7
:100960005B0063445B001B180593254B0027DB5F8E
:100970009B46059B5B4508DD00232B804B46DB0037
:1009800059185346002009B219801E4B1B889A46FD
:100990004B46DBB202936346DBB201931A4B1B88D2
:1009A00000935346FFF762FE049B1B885A009B1876
:1009B0002A885B009B182B800134B4420FD0227828
:1009C0000A2ABED100220B4B01341A800A4B0B4A73
:1009D0001B881188DB005B181380B442EFD10BB089
:1009E000F0BCBB46B246A946A046F0BD2892001016
:1009F0002A10002060BF00202810002062BF0020C5
:100A0000301000202C10002064BF0020F0B5DE461E
:100A10004E4657464546E0B587B0040008F046FB11
:100A20002618002853D02D4B2D4D04932D4B98465E
:100A30003DE00D2A38D00023E85E049B1B889C46CD
:100A400043461B889946284B9A460021595E6346C7
:100A50005B0063445B001B180593244B0027DB5F9E
:100A60009B46059B5B4508DD00232B804B46DB0046
:100A700059185346002009B219801D4B1B889A460D
:100A80004B46DBB202936346DBB20193194B1B88E2
:100A900000935346FFF7EAFD049B1B885A009B18FE
:100AA0002A885B009B182B800134B4420FD0227837
:100AB0000A2ABED100220A4B01341A80094B0A4A85
:100AC0001B881188DB005B181380B442EFD107B09C
:100AD000F0BCBB46B246A946A046F0BD2A10002095
:100AE00060BF00202810002062BF002030100020CE
:100AF0002C10002064BF0020F8B5151804000F006A
:100B00001E00A84208DA200001343200390024B265
:100B100000F0B2FBAC42F6DBF8BDC046F8B5574674
:100B20004E464546DE46E0B51C006B4615001B8D63
:100B3000621A9946D317D2185A402B1A0F008C46C6
:100B4000D9175B184B40A2462E00834698469A421E
:100B500006DC2600BB462C00070090465546604642
:100B6000A74242DD5946891BCE1789197140884634
:100B7000391B8EB209B2B346CE0F7618012176101A
:100B80008A46A8423EDD414689B288469A4218DC30
:100B90004A462900200000F06FFB4346F31A9AB240
:100BA0001EB21B0403D555445A442DB216B201346B
:100BB00024B2BC42ECDDF0BCBB46B246A946A0461E
:100BC000F8BD4A462100280000F056FB4346F31AC0
:100BD0009AB21EB21B0403D555445A442DB216B224
:100BE000013424B2BC42ECDDE5E7E11B8EB209B270
:100BF000B346CE0F76187610A8420BDB2100050015
:100C00003C000F0009498A46414689B288469A420B
:100C1000D7DCBDE721003C000F0001218A46414698
:100C200089B2050088469A42CBDCB1E7FFFF00009D
:100C3000F0B583B06A462A230027002601ACD370A2
:100C4000E07001200D002780A670FFF719FC00203E
:100C5000FFF7E8FB6B460121D81CFFF7EDFB0020F6
:100C6000FFF70EFC0120FFF70BFC0120FFF7DAFB7A
:100C700004212000FFF7E0FB0020FFF701FC6A469B
:100C80002B230120D3702780A670E570FFF7F8FBB7
:100C90000020FFF7C7FB6B460121D81CFFF7CCFBF8
:100CA0000020FFF7EDFB0120FFF7EAFB0120FFF733
:100CB000B9FB04212000FFF7BFFB0020FFF7E0FB9A
:100CC0006A462C230120D370FFF7DAFB0020FFF7E0
:100CD000A9FB6B460121D81CFFF7AEFB0020FFF7F4
:100CE000CFFB03B0F0BDC04610B5012082B0FFF7C6
:100CF000DBFB0020FFF7CEFB0A20FFF761FB0120A2
:100D0000FFF7C8FB7820FFF75BFB6A460123012051
:100D1000D371FFF7B5FB0020FFF784FB6B46012181
:100D2000D81DFFF789FB0020FFF7AAFB9620FFF7ED
:100D300047FB6A4611230120D371FFF7A1FB002076
:100D4000FFF770FB6B460121D81DFFF775FB0020F4
:100D5000FFF796FBFA204000FFF732FB6A46B1230B
:100D60000120D371FFF78CFB0020FFF75BFB6B4684
:100D70000121D81DFFF760FB0020FFF781FB012058
:100D8000FFF77EFB0120FFF74DFBF74C032120000E
:100D9000FFF752FB0020FFF773FB6A46B2230120E6
:100DA000D371FFF76DFB0020FFF73CFB6B46012181
:100DB000D81DFFF741FB0020FFF762FB0120FFF782
:100DC0005FFB0120FFF72EFB03212000FFF734FB20
:100DD0000020FFF755FB6A46B3230120D371FFF7CC
:100DE0004FFB0020FFF71EFB6B460121D81DFFF7CC
:100DF00023FB0020FFF744FB0120FFF741FB01200C
:100E0000FFF710FB0621D948FFF716FB0020FFF77C
:100E100037FB6A46B4230120D371FFF731FB002072
:100E2000FFF700FB6B460121D81DFFF705FB0020F3
:100E3000FFF726FB0120FFF723FB0120FFF7F2FA63
:100E40000121CB48FFF7F8FA0020FFF719FB6A46AB
:100E5000C0230120D371FFF713FB0020FFF7E2FA54
:100E60006B460121D81DFFF7E7FA0020FFF708FBCA
:100E70000120FFF705FB0120FFF7D4FA0321BD484D
:100E8000FFF7DAFA0020FFF7FBFA6A46C1230120D8
:100E9000D371FFF7F5FA0020FFF7C4FA6B46012182
:100EA000D81DFFF7C9FA0020FFF7EAFA0120FFF783
:100EB000E7FA0120FFF7B6FA0121AF48FFF7BCFAC5
:100EC0000020FFF7DDFA6A46C2230120D371FFF745
:100ED000D7FA0020FFF7A6FA6B460121D81DFFF7CD
:100EE000ABFA0020FFF7CCFA0120FFF7C9FA012086
:100EF000FFF798FA0221A148FFF79EFA0020FFF7BA
:100F0000BFFA6A46C3230120D371FFF7B9FA002064
:100F1000FFF788FA6B460121D81DFFF78DFA0020F4
:100F2000FFF7AEFA0120FFF7ABFA0120FFF77AFADC
:100F300002219348FFF780FA0020FFF7A1FA6A46E2
:100F4000C4230120D371FFF79BFA0020FFF76AFA50
:100F50006B460121D81DFFF76FFA0020FFF790FACA
:100F60000120FFF78DFA0120FFF75CFA0221854886
:100F7000FFF762FA0020FFF783FA6A46C5230120D3
:100F8000D371FFF77DFA0020FFF74CFA6B46012181
:100F9000D81DFFF751FA0020FFF772FA0120FFF782
:100FA0006FFA0120FFF73EFA01217748FFF744FA74
:100FB0000020FFF765FA6A4620230120D371FFF76E
:100FC0005FFA0020FFF72EFA6B460121D81DFFF7CC
:100FD00033FA0020FFF754FA36246B460120DC7107
:100FE000FFF74EFA0020FFF71DFA6B460121D81DCE
:100FF000FFF722FA0020FFF743FA0120FFF740FA3B
:101000000120FFF70FFA01216048FFF715FA0020D1
:10101000FFF736FA6A463A230120D371FFF730FA18
:101020000020FFF7FFF96B460121D81DFFF704FAF6
:101030000020FFF725FA0120FFF722FA0120FFF731
:10104000F1F901215248FFF7F7F90020FFF718FAEC
:101050009F217F20FFF7ECFD6A46E0230120D3713A
:10106000FFF70EFA0020FFF7DDF96B460121D81DCE
:10107000FFF7E2F90020FFF703FA0120FFF700FA7B
:101080000120FFF7CFF910214248FFF7D5F90020E2
:10109000FFF7F6F96A46E1230120D371FFF7F0F973
:1010A0000020FFF7BFF96B460121D81DFFF7C4F9F7
:1010B0000020FFF7E5F90120FFF7E2F90120FFF733
:1010C000B1F910213448FFF7B7F90020FFF7D8F93C
:1010D0006A4613230120D371FFF7D2F90020FFF7EE
:1010E000A1F96B460121D81DFFF7A6F90020FFF7F3
:1010F000C7F90A20FFF764F96A4629230120D37152
:10110000FFF7BEF90020FFF78DF96B460121D81DCE
:10111000FFF792F90020FFF7B3F96420FFF750F9C9
:101120006B460120DC71FFF7ABF90020FFF77AF97D
:101130006B460121D81DFFF77FF90020FFF7A0F9CA
:101140000120FFF79DF90120FFF76CF901211348F9
:10115000FFF772F90020FFF793F97F219F20FFF737
:1011600067FD02B01CE0C046289B0010209B0010C9
:101170001F9B00101C9B00101A9B0010189B001056
:10118000149B0010109B00100E9B00100D9B001074
:101190000C9B0010FC9A0010EC9A0010E89A0010CA
:1011A00010BDC0469F2300B51B0683B06A4601935D
:1011B0002A230120D370FFF763F90020FFF732F9EB
:1011C0006B460121D81CFFF737F90020FFF758F9CB
:1011D0000120FFF755F90120FFF724F9042101A8A8
:1011E000FFF72AF90020FFF74BF9FE23DB056A46DB
:1011F00001932B230120D370FFF742F90020FFF762
:1012000011F96B460121D81CFFF716F90020FFF7F2
:1012100037F90120FFF734F90120FFF703F9042122
:1012200001A8FFF709F90020FFF72AF96A462C23E5
:101230000120D370FFF724F90020FFF7F3F86B4685
:101240000121D81CFFF7F8F80020FFF719F9012059
:10125000FFF716F90120FFF7E5F8A021054809027C
:10126000FFF7F4F80020FFF70BF90020FFF7A8F8CC
:1012700003B000BDF01A002030B5002811DB094B87
:1012800000241B5F83420CDD00290ADB064C00258D
:10129000645F8C4205DD4B43044C1B1852BA5B0063
:1012A0001A5330BD301000202E100020F01A0020FC
:1012B000A0220221054BD205D058014204D0D150C2
:1012C0000122034B1A7040BF7047C0461C04000047
:1012D0006CBF0020802270B592000021324803F0DC
:1012E000A1FE07F01BFE1F211A2001F017FB0022B0
:1012F00000211A2001F02CFB00211A2001F03CFBF8
:10130000E0222A4BD2011B6801201340284A1360B7
:10131000284B1A68284B5340284A1340284A136028
:1013200007F018FE0222274B0C201A60264901F014
:1013300053FC01210C2001F015FCFFF7D5FC00F057
:101340006FFC224B2248196803F039FD03F0E6FDDB
:10135000204C2060082002F013FC0500216848089A
:10136000401902F0ABFE0400602800D26024601E29
:1013700003F07BFDEC21890503F01EFD8721C905E3
:1013800003F031FD03F0CAFD084B2100186128006D
:1013900002F094FE03F069FD011C0F4803F00FFDFD
:1013A0000E4E306070BDC0468417002000C004405F
:1013B00000D0044008C00440090000010F00000FE5
:1013C00008D0044014240050B1120010381000203E
:1013D0000024744B2CBF00200024744928BF002037
:1013E0008022F8B5374952000B681342FCD08B6855
:1013F000134206D18021334B4900DA689A680A42C9
:10140000FBD00023304D314A2B70314B314C1A60E8
:10141000802252005C609A602F4A8721DA6008229D
:101420002E4BC9051A602E4B2E4E186803F0DBFCBC
:1014300003F074FD2C4BB76A9C466744C01902E068
:10144000B36A1B1A02D52B78002BF9D02B78082110
:101450005A425341254ADBB21370254B1960137869
:10146000002B1DD0A022234B0639D205D15080215C
:101470004904D36C0B42FCD18B211F4BC905186862
:1014800003F0B1FC1D4903F09AFC03F047FD8022F4
:101490000004030C92000343A21808C49442FCD138
:1014A0008022084952000B681342FCD08B6813421B
:1014B00006D18021034B4900DA689A680A42FBD0C2
:1014C000F8BDC04600C004406CBF00200CC0044002
:1014D00040000050841700202508120000E004405E
:1014E00028BF00200040054050C300006DBF002011
:1014F00000F0044044040000341000203333534013
:1015000010B5FFF76DFF084800F0EEF9074B1B78A8
:10151000002B05D101F0C0F90020FEF767FF10BDD8
:101520000120FEF763FFF5E78417002075BF002058
:1015300070B5154C2060082002F022FB05002168E0
:101540004808401902F0BAFD0400602800D2602467
:10155000601E03F08AFCEC21890503F02DFC872135
:10156000C90503F040FC03F0D9FC084B21001861C9
:10157000280002F0A3FD03F078FC011C044803F0EE
:101580001EFC044E306070BD2CBF002000C0044023
:101590000024744928BF002010B5FFF703FE322055
:1015A000FEF70EFFFA200121800002F041FBFEE76A
:1015B000732811D0532808D046280CD10422084B98
:1015C0001A70084B033A1A7005E00422044B1A7093
:1015D0000022044B1A7070470222014B1A70FAE77E
:1015E00072BF00204810002070B503F041F80D4A8A
:1015F0000D4B02F0CEFF00220C4B02F0CAFF0C4B49
:10160000040018680D0003F08FFC02000B0020009E
:10161000290002F08EFF02000B0002F093FF03F09E
:101620006FF870BD6666666666660A400000303F09
:101630003410002010B503F01BF8054A054B02F0EA
:10164000A8FF0022044B02F0A4FF03F059F810BDDC
:101650006666666666660A400000303FF0B557462B
:101660004E46DE464546E0B5002701268BB00024F5
:101670003DB221B2264200D1F5E028008A4A013469
:10168000FFF7FAFD602CF4D11037802FEFD100273F
:10169000012600243DB220B2264200D1DDE029001F
:1016A000814A0134FFF7E8FD802CF4D11037602F18
:1016B000EFD17E4B1F687E4B1E689B46300002F0C8
:1016C000D7FF7C4A7C4B02F064FF0D00040003F05E
:1016D00017F87A4B03901860994680231B06E91887
:1016E000200003F00DF8764B3D049A461860FF2366
:1016F0002D0C5B1B049005937F2B01DD7F2205924F
:10170000704A1100089200220A706F4909910A700C
:10171000002B00DCC0E06D4B6D00ED186C4B00241D
:1017200006936C4BA846079353463000DA46CB46E7
:10173000994603F09FFB069B051C186803F0F4FB19
:10174000434606000F00188802F092FF594A624B88
:1017500002F01FFF0022614B02F01BFF32003B0032
:1017600002F0E7FE02000B0002F0ECFE02F0C8FF00
:10177000291C03F038FB43460290588802F078FF9A
:101780004C4A554B02F005FF0022544B02F001FF7A
:1017900032003B0002F0CDFE02000B0002F0D2FE50
:1017A00002F0AEFF291C03F01EFB0399051C03F099
:1017B00057FB002801D05B461D600499281C03F0EC
:1017C00041FB002801D04B461D608321079BC905C2
:1017D0001E68029803F007FB311C03F0F0FA011CAD
:1017E0003F4803F0E6FA03F067FB832107B2C9051F
:1017F000281C03F0F8FA311C03F0E1FA011C384808
:1018000003F0D7FA03F058FB03B25F2F31DD01215B
:10181000099A5F2711705F2B1DDC002B03DA012270
:10182000089B1A7000232F49651C20B200912AB230
:101830003900FFF773F902239C46059B2C00E04416
:10184000AB4229DD534618685B461B6803934B4641
:101850001B6804936DE75F23E5E700222900FFF78B
:101860000BFD013417E700222800FFF705FD0134C6
:10187000FFE65F2B09DD0123099A1370002FEADAD6
:10188000089A002713705E33CDE7002FC5DA0121D7
:10189000089A00271170C0E70BB0F0BCBB46B246F7
:1018A000A946A046F0BDC046FFFF000040BF002093
:1018B000441000206666666666660AC0F8BE0020B0
:1018C00000BF002074BF00206BBF002084170020E1
:1018D000341000204010002066660A400000303FAF
:1018E00000003C42E0FF0000F0B5DE464E465746A1
:1018F0004546E0B5714B83B00600186803F014FB51
:101900006F4B040018680D0002F0B2FE02000B00DD
:1019100002F018FE02000B002000290002F01BFE5E
:10192000684B040018680D0003F0FEFA02000B007B
:101930002000290002F006FE0022634B02F029FE7F
:10194000624A634B02F007FE02F0AAFE614B624955
:10195000994600234A460B70136000235F4D070031
:101960002B605F4B32881B78012B3DD02037012440
:10197000974237DA3200002600238C46AB4631000E
:1019800005003E0027009A4698460133508885425C
:1019900013DB1488A54210DA002F0ED04046002831
:1019A0003ED1591C02327F2B00D174E001930B0011
:1019B0000121002788468A4650880124864200DBA0
:1019C0000024013327430232802BDFD10E1E6146F3
:1019D00002D04B46019A1A605346002B3BD0434637
:1019E0000B7038E00024C5E7203F0124974200DC5B
:1019F00000243200002600238C46AB46310005004F
:101A00003E0027009A46984601335088854235DCCF
:101A10001488AC4232DA002F30D04046002821D062
:101A20000E005D4661467F2B3CD0002E30D04A46EA
:101A30000198106002220A70019A981A03F01AFAAB
:101A4000284B196803F0CFF9274B011C1860274871
:101A500003F0B5F9286003B0F0BCBB46B246A94616
:101A6000A046F0BD5C1C02327F2B14D001210193F3
:101A7000230001248846A24600275088012486427C
:101A800000DC0024013327430232802BBDD19DE7C7
:101A900000220192CEE77F234A46614613607E3BD7
:101AA0000B70D8E7002E04D04B46019A1A607F23B2
:101AB000C0E7002301937F33BCE7C04644BF00204A
:101AC00044100020341000200000B04066666666B6
:101AD00066660A4040BF002075BF0020FCBE0020A3
:101AE0003C10002028BF002034BF0020002474498F
:101AF00010B584B0FEF79AFD0120FEF7FFFE00212D
:101B00000020FEF7E7FE3D490020FEF7EDFE3C4CCD
:101B10002000FEF77BFF00213848FEF7E5FE39483C
:101B2000FEF774FFFFF73EFB1020FEF755FC002880
:101B3000FAD09620FEF744FCFFF752FCFEF776FD44
:101B40000120FEF7DBFE00210020FEF7C3FE2B493B
:101B50000020FEF7C9FE2000FEF758FF27480021AD
:101B6000FEF7C2FE8022284B9200981800221988A6
:101B7000023352188342FAD1120A90B2FFF75AFD8B
:101B8000224B6A4602211860FEF79EFC2048FEF7B1
:101B90003DFF6846FEF73AFF1E4C2000FEF736FF79
:101BA0000020FFF721FD6A460221FEF78DFC1A484E
:101BB000FEF72CFF6846FEF729FF2000FEF726FF00
:101BC00080204001FFF710FD6A460221FEF77CFCF1
:101BD0001248FEF71BFF6846FEF718FF2000FEF7CD
:101BE00015FFFFF7DFFA1020FEF7F6FB0028FAD109
:101BF0009630FEF7E5FB04B010BDC046FFFF0000C5
:101C00002C92001040920010841700203410002005
:101C10006C92001080920010849200109892001034
:101C200000B583B0FEF702FD0A4BA0220193A0236A
:101C3000002100930020203BFEF7BAFC0120FEF7B4
:101C40005DFEFFF7AFFAFA20C000FEF7B9FB03B064
:101C500000BDC046549B001030B5012085B0FEF792
:101C60004DFE5E4D6A4601212868FEF72DFC0020DE
:101C70005B49FEF739FE01218020FEF72BFE594813
:101C8000FEF7C4FE00215648FEF72EFE0A218020F2
:101C9000FEF720FE6846FEF7B9FE534C6A46206800
:101CA0000121FEF711FC00204D49FEF71DFE152114
:101CB0008020FEF70FFE4D48FEF7A8FE00214848A1
:101CC000FEF712FE1E218020FEF704FE6846FEF796
:101CD0009DFE00204249FEF707FE29218020FEF7E5
:101CE000F9FD4348FEF792FE00213D48FEF7FCFD5A
:101CF00033218020FEF7EEFD2968206803F059F8B3
:101D00006A460121FEF7E0FB6846FEF77FFE394890
:101D1000FEF77CFE00203249FEF7E6FD3D218020E3
:101D2000FEF7D8FD3448FEF771FE00212C48FEF77F
:101D3000DBFD47218020FEF7CDFD304B30491C688C
:101D4000201C03F085F800282BD02E49201C03F01E
:101D50007FF800281BD12A49201C03F030F86A467E
:101D60000121FEF7B1FB6846FEF750FE51218020AD
:101D7000FEF7B0FD2448FEF749FE244B1B78002BEC
:101D80001FD100211648FEF7AFFD05B030BD201C65
:101D900003F092F8FA21890002F068F9FEF7B8FD25
:101DA000E4E7201C03F088F8FEF7B2FD5121802003
:101DB000FEF790FD1648FEF729FE144B1B78002B0A
:101DC000DFD0FC200021C000FEF78EFD5B218020CB
:101DD000FEF780FD0F48FEF719FED2E700BF002096
:101DE000FFFF0000AC920010F8BE0020B49200107B
:101DF000BC920010C4920010C8920010FCBE0020DB
:101E000000007A440050C347D092001075BF0020F4
:101E1000D4920010D8920010F0B5D6464F464646F0
:101E2000C0B5012084B0FEF769FDD74FD74E3B788F
:101E300032780021134300D14CE1F8200002FEF774
:101E400053FD69210020FEF745FDD148FEF7DEFD78
:101E50000021D048FEF748FD69211E20FEF73AFD1B
:101E6000CD48FEF7D3FD69213C20FEF733FDCB487A
:101E7000FEF7CCFD69215F20FEF72CFDC848FEF778
:101E8000C5FD69218220FEF725FDC64DC64928689B
:101E900002F0D8FF002800D18FE0C448FEF7B6FD5D
:101EA000C34C2378002B09D13B783278B9491343CE
:101EB00000D139E1F8200002FEF716FDBD4B6A465D
:101EC000186801219846FEF7FFFA73210020FEF7FB
:101ED00001FD6846FEF79AFDB748FEF797FD002121
:101EE000AC48FEF701FD2378012B00D1F6E0B34F9B
:101EF0006A4601213868FEF7E7FA73211E20FEF7D3
:101F0000E9FC6846FEF782FD0021A248FEF7ECFCE2
:101F10002378022B00D1FDE073213C20FEF7DAFC90
:101F2000A74B9A461B78012B00D1B6E0A548FEF7D7
:101F30006DFD00219748FEF7D7FC2378032B00D1D5
:101F4000B6E073215F20FEF7C5FC9F4B18689946E9
:101F5000FEF7DEFC9D48FEF759FD00218D48FEF797
:101F6000C3FC2378042B00D1D9E073218220FEF733
:101F7000B1FC2E688C49301C02F064FF002800D0B0
:101F80009BE09349301C02F05DFF002819D1301C02
:101F900002F092FFFA21890002F068F8FEF7B8FC1F
:101FA0000F20FEF719FA00281BD02378042B00D944
:101FB0006FE0884A9B00D3589F468748FEF726FD6E
:101FC0006EE78648FEF722FD286802F075FF64215F
:101FD00002F04CF8FEF79CFC0F20FEF7FDF90028FC
:101FE000E3D11120FEF7F8F9002825D02378042B3F
:101FF0001FD87B4A9B00D3589F462E687449301CDB
:1020000002F026FF002800D012E16749301C02F0E0
:102010001FFF002800D118E16349301C02F0CCFEFC
:10202000011C29606F4802F0CAFE02F077FFFFF73B
:102030007FFA9620FEF7C4F91020FEF7CDF90028AC
:1020400041D12378042B01D90023237004B0E0BCD4
:10205000BA46B146A846F0BD2E685D49301C02F074
:10206000FFFE002800D0E9E04F49301C02F0F8FEE6
:10207000002800D1EFE0301C4B4902F09AFE061C0C
:102080002860311C574802F09AFE02F047FFFFF724
:102090004FFA9620FEF794F9A3E75348FEF7B6FCF3
:1020A00000213C48FEF720FC2378032B00D048E7B2
:1020B00000203849FEF718FC43E7301C02F0FCFE14
:1020C000FEF726FC6CE72378962001332370FEF799
:1020D00077F9B6E72F48FEF707FCB2E600202D4956
:1020E000FEF702FC8321354FC905386802F07BFEFC
:1020F0004346196802F063FE011C3C4802F059FE99
:1021000002F0DAFEF82301B2802200201B02FEF763
:10211000F3FCEDE600201F49FEF7E6FBFCE600209D
:102120001C49FEF7E1FB20E70020FEF7DDFBC5E6DA
:1021300001234A461360ACE7002352461370A8E718
:10214000386802F0F1FE2A4A2A4B02F0F2F902F056
:10215000D7FA38609DE74346FC211E688905301C8C
:1021600002F07EFE002894D0FC21301C890502F08C
:1021700020FE434618608CE70A234A46136058E75E
:1021800001235246137054E774BF00206BBF002038
:10219000E0920010FFFF0000D8920010E8920010BB
:1021A000F0920010381000200000C842F892001091
:1021B00073BF002040100020C492001044BF0020D4
:1021C0003C100020109300104410002018930010C1
:1021D00000007A442C9B0010009300101C93001008
:1021E000409B00100024744B0893001000003C42F8
:1021F0009A9999999999B93F386802F095FE1D4AC4
:102200001D4B02F09FF902F07BFA386011E743465C
:102210001D681A49281C02F015FE002800D108E7A5
:10222000FC21281C890502F0C7FD4346186000E721
:102230001349301C02F0C0FD011CF2E6301C1049AD
:1022400002F0B7FD061C28601BE70E49301C02F0A7
:10225000B3FD011CE5E60B49301C02F001FE00282D
:1022600000D10EE7301C074902F0A3FD061C2860D0
:1022700007E7C0469A9999999999B93F000010418A
:1022800000007A4400002041F0B5DE46574645463E
:102290004E46E0B5050095B00120FEF72FFB052165
:1022A0000220FEF717FBB3490020FEF71DFBB248E2
:1022B000FEF7ACFBB148FEF7A9FBFEF773FF0AABD4
:1022C0009A465446AE4B07CB07C4022D00D177E0A7
:1022D00002AB9C463520AB496044022202F0A8FEC6
:1022E0005246A94B02AF23CB23C203CB03C21B78B8
:1022F00002211370A54B3A0018689946FEF7E4F8DE
:102300003A00A349504604F0E5FA8022A149520060
:10231000504604F0DFFAA04BA0491A68504604F07A
:10232000D9FA0520FEF74CF8BC462B209C4B9D4962
:102330001A68604422609A88A2809B790222A37165
:1023400002F076FE52460024974B984E03CB03C210
:10235000198811809B789370954B9B4606AB9846E5
:10236000944B01935B46186802F084FD051C30888D
:10237000FFF73AF9011C281C02F035FD3A00032151
:10238000FEF7A2F8200002F075FD4B46196802F036
:102390002AFD42460321FEF797F83B00424650468D
:1023A000019904F097FA8023013402365B009C42C5
:1023B000D8D115B0F0BCBB46B246A946A046F0BD88
:1023C000504606F073FE01005046FEF719F85246DB
:1023D000794B02AF23CB23C21A68504622609A88F9
:1023E000A2809B79A37106F061FE01005046FEF7C2
:1023F00007F85246714B23CB23C2504606F056FED7
:10240000554601005046FDF7FBFF6D4B07CB07C556
:10241000250006CB06C51A8850462A809B78AB70EB
:1024200006F044FE01005046FDF7EAFF5246564BC7
:1024300043CB43C2220003CB03C21B7850462B7010
:1024400006F034FE01005046FDF7DAFF4F4B3A002C
:10245000186802219946FEF737F83A004C49504671
:1024600004F038FA504606F021FE01005046FDF710
:10247000C7FF802247495200504604F02BFA5046CD
:1024800006F014FE01005046FDF7BAFF424B4349E7
:102490001A68504604F01EFA504606F007FE010086
:1024A0005046FDF7ADFF0520FDF78AFF5246454B2C
:1024B00023CB23C21A68504622609A88A2809B7957
:1024C000A37106F0F3FD01005046FDF799FF524657
:1024D0003D4B23CB23C21B785046237006F0E6FD0C
:1024E00001005046FDF78CFF52462F4B002403CBD2
:1024F00003C21988504611809B78937006F0D6FD70
:1025000001005046FDF77CFF294B284E9B4606AB49
:102510009846284B01935B46186802F0ABFC051CFB
:102520003088FFF761F8011C281C02F05CFC3A00BF
:102530000321FDF7C9FF200002F09CFC4B461968FF
:1025400002F051FC42460321FDF7BEFF3B0042462C
:102550000199504604F0BEF9504606F0A7FD01006F
:102560005046FDF74DFF8023013402365B009C424C
:10257000D1D11EE7FFFF0000209300103093001020
:102580003C9300105D9300106093001028BF002062
:10259000789300109493001040BF0020A89300107F
:1025A000C4930010D7930010DC9300108417002010
:1025B0004410002008940010E8930010FC930010D1
:1025C00048930010B8930010CC930010F0B5CE469D
:1025D000474680B504008FB00120FEF78FF9052132
:1025E0000220FEF777F99E490020FEF77DF99D480D
:1025F000FEF70CFA04AD9C48FEF708FAFEF7D2FD90
:102600002A009A4B43CB43C21B781370022C00D193
:102610006DE0974B6A4618680221FDF755FF954B10
:102620006A4619002800994604F054F9924B6C460A
:1026300098461B78002B3CD18022904E2800310018
:10264000520004F047F943461B78002B3BD0002290
:102650003100280004F03EF9894B2200186804215B
:10266000FDF732FF22004946280004F033F9854B7C
:1026700031001A68280004F02DF90120FDF7A0FEB2
:1026800043461B78002B25D07F4B002498467F4F74
:1026900042463B683100E3185B002800D25A0134FF
:1026A00004F018F9802CF3D10FB0C0BCB946B04685
:1026B000F0BD724E80223100280004F00BF9434631
:1026C0001B78002BC3D1714F310028003A6804F009
:1026D00001F9C1E780236C4C9B00E7182288310088
:1026E0002800023404F0F6F8BC42F7D1DCE72800F9
:1026F00006F0DCFC01002800FDF782FE5C4B6A4618
:1027000018680221FDF7E0FE5A4B6A4619002800BE
:10271000994604F0DFF8280006F0C8FC0100280004
:10272000FDF76EFE544B6C4698461B78002B75D116
:102730008022524E28003100520004F0CBF82800CD
:1027400006F0B4FC01002800FDF75AFE43461B7852
:10275000002B00D17DE000223100280004F0BAF8FF
:10276000280006F0A3FC01002800FDF749FE444BB9
:10277000220018680421FDF7A7FE22004946280020
:1027800004F0A8F8280006F091FC01002800FDF7ED
:1027900037FE3C4B31001A68280004F09BF82800F3
:1027A00006F084FC01002800FDF72AFE0120FDF759
:1027B00007FE43461B78002B37D0334B0024984646
:1027C000324F42463B683100E3185B00D25A280082
:1027D00004F080F8280006F069FC013401002800AC
:1027E000FDF70EFE802CECD12A00294B13CB13C22F
:1027F00003CB03C2280006F059FC01002800FDF7B6
:10280000FFFD244B28001A882A809B78AB7006F0C5
:102810004DFC01002800FDF7F3FD45E7174E80222F
:102820003100280004F056F889E78023164C9B00FD
:10283000E71822883100280004F04CF8280006F040
:1028400035FC023401002800FDF7DAFDBC42F0D16E
:10285000CAE70E4F310028003A6804F03BF87FE7E2
:10286000FFFF00002093001030930010149400101C
:1028700028BF002024940010481000202C94001041
:1028800034100020441000208417002040BF002096
:1028900034940010E493001010B5FDF7C7FE0F202C
:1028A000FDF79AFD002825D11A4C2378002B1CD166
:1028B000FEF7D4FEFFF7D0F9FFF7AEFA164C2378F7
:1028C000002B08D023782078022B07D8C0B2FFF75E
:1028D000DBFC00232370FEF765FC10BD0238C0B29C
:1028E000FFF774FE00232370F5E7FFF701F90023DB
:1028F0002370DDE71120FDF76FFD064C0028D4D0D2
:10290000012310202370FDF767FD0028CDD0FEF7CE
:1029100043FECAE769BF002072BF0020094A830056
:102920009A1810B514684022544080322240064C58
:10293000C000A44663441A60044B9C466044416056
:1029400010BDC04604C0014004D001400040014019
:10295000074B8000C3181B68C90092000A435A4005
:102960000C231340034A9446604403607047C046FA
:1029700004C0014004D001408000002905D0064B6E
:102980009C464023604403607047044B9C464023B0
:1029900060440360F8E7C04604E0014004F00140F1
:1029A0000123D0228340120693629361094A830077
:1029B0009A1811684022514080320A400649C000EE
:1029C0008C4663441A60054B9C4605236044436073
:1029D0007047C04604C0014004D00140004001409F
:1029E0008023DB051868000F7047C0460FB400B5A0
:1029F000084883B004F0FAF8049B002B07D005A91F
:102A00001800019103F07CFF034804F0EFF8012067
:102A100003F08EFF489400102094001070B5EFF37F
:102A2000108C72B60D4D2B68002BFCD0BFF35F8F5E
:102A30000724CB08C618C05C01230C40A3401C002F
:102A40000440034207D118433070BFF35F8F2C60FE
:102A50008CF3108870BD1000FFF7C8FF2C0100D068
:102A6000F8B54746CE46884680B5EFF3108C72B66F
:102A70001C4D2C68002CFCD0BFF35F8F9A4222D8EB
:102A800007210126894602E00132934218D34D46C0
:102A900037001540AF40D4080119045D2742F3D137
:102AA00010003C430C70BFF35F8F00220D4B1A6087
:102AB0008CF3108800280EDBC0BCB946B046F8BDC8
:102AC00001204042EFE7BFF35F8F00232B608CF3C0
:102AD0001088012040424346002BEDD00898FFF7B4
:102AE00085FFC0462C0100D0044A1078431CDBB29D
:102AF000172B00D9102313707047C04649100020CF
:102B000010B5064B064C82B00100009318221F231B
:102B10002000FFF7A5FF02B010BDC046589400107A
:102B20008C1A00200021044B044ABFF35F8F02C3BC
:102B30009342FAD17047C046000100D0800100D016
:102B4000054B064A1360064A136053609360D360D6
:102B500013615361936170478080808000E400E0DE
:102B600004E400E01F2318401E3B8340002905D0E9
:102B7000C021044A49005350136070478022014924
:102B80008B50FAE700E100E001228240034B1B6812
:102B900013405A1E9341D8B27047C04600E100E08E
:102BA000012380228340024952008B507047C04667
:102BB00000E100E0064B10309B688000C358054AD6
:102BC00000209B1A47229A424041C0B27047C0463B
:102BD00000ED00E04C10002010B5EFF3108C72B641
:102BE0000F4A1368002BFCD0BFF35F8F0D4B1030E2
:102BF0009B6880001B580C4A934201D099420CD12B
:102C0000084B9B681950BFF35F8FBFF35F8F0022A3
:102C1000034B1A608CF3108810BD01F0FDF8C0461C
:102C2000240100D000ED00E0C1010010F0B55746CE
:102C30004E46DE464546E0B58A4685B00600EFF3CF
:102C4000108972B663490B68002BFCD0BFF35F8F0D
:102C50000021614B59568C46002900DAB7E0490043
:102C60000D005E4C6544AD0067190291B9791036CC
:102C700019705B4BB1009B6801915B58191B472988
:102C800035D8012118008843C679964200D875E0EE
:102C90009B46029B019E9846039507E04D006D18E8
:102CA000AD006519EB7993424ED9280006214156B3
:102CB0000029F3DA45465B4601960295061D494D0B
:102CC0000396039E043FBF1B3F05474E7F0D3743CE
:102CD0006646878086710298604480002418E271FD
:102CE00052464248A5802060A171A26018E0404988
:102CF0008B4200D06BE03F4B3B4963533E4B023568
:102D0000043B65195B1B1B055B0D0B437B803B4B39
:102D1000FA71BB80FF23BB715346BB6001233B4369
:102D20002F4A019992685350BFF35F8FBFF35F8FB3
:102D30000022284B1A6089F3108805B0F0BCBB460E
:102D4000B246A946A046F0BD019646460296868840
:102D50005B467605B346061D039D03965E46361513
:102D6000B346061DB046C3445E4604356519751B5F
:102D7000E0262D056D0D36023543A2E7204BFA7192
:102D80009C46030066461B1B5B415E43360DB44602
:102D9000AE1CB046A0444646164B6353164B043552
:102DA000043B9B1B1B05104E5B0D33437B8063195B
:102DB000C31A043B1B055B0D3343BB806346BB71E9
:102DC0005346BB60094B03603B000B43A8E701F08F
:102DD00023F8C046240100D06EBF00204C10002014
:102DE00000ED00E001BD000000E0FFFF014880476A
:102DF000C101001000A1FFFF9410002001BDFFFFE2
:102E0000AAAA000070B501240443EFF30581EFF393
:102E1000108C72B6274A1368002BFCD0BFF35F8F6B
:102E2000254A0500254BAD1A6D416B431B0D244D02
:102E30008900AE685BB27658A64224D0062151566E
:102E4000994224D01221515699422AD01E2151561E
:102E5000994228D02A215156994226D036215156DE
:102E6000994224D0422151560524994210D0154A46
:102E7000117813708171BFF35F8F00220D4B1A60C0
:102E80008CF3108870BDAA680F4C5450EFE70024F3
:102E90006100091989005218FF2191710B49918035
:102EA000E5E70124F4E70224F2E70324F0E7042431
:102EB000EEE7C046240100D04C100020AAAA000072
:102EC00000ED00E06EBF0020C101001001BDFFFF5A
:102ED00010B5084B084C82B0010000930022052376
:102EE0002000FFF7BDFD002801DB1F23181A02B0E8
:102EF00010BDC0467494001076BF0020024B9C4663
:102F000061448900016070474000003470B5114C85
:102F1000114DAC420FD2FF262368002B0CD0FFF7D7
:102F2000E3FD01002000FFF7E9FFA680BFF35F8FFC
:102F30000834AC42F0D370BDFFF7D6FD010020008D
:102F4000FFF7DCFF2671BFF35F8F0834AC42E3D399
:102F5000F1E7C046281100203011002010B5040010
:102F6000FFF7C2FD01002000FFF7C8FFFF23237118
:102F7000BFF35F8F10BDC04610B504000120FFF7FE
:102F8000BFFD034BC3189B002360BFF35F8F10BDD1
:102F900040000034034B9C46614489000160BFF34C
:102FA0005F8F70474000003440BF00200021704711
:102FB000F0B5DE4657464E464546E0B589B0EFF3DC
:102FC000058303221A40B04B91005C5801239340C3
:102FD000994605924A46AD4B01911A6008239C46DA
:102FE000A444634604934B46A94843630823E55E23
:102FF000002D00DBAFE0A3881BB2002B00DA25E137
:103000002369EFF3108272B619680029FCD0BFF370
:103010005F8F0123A5885B42A3802DB22369BFF394
:103020005F8F0021196082F31088002D28DB049A3D
:103030002300904667696E007619F600BE19B268E3
:103040004146944608241A5F9B46F068002A08DA35
:103050000FE0834200D179E00023E25E2100002AE4
:1030600006DB5400A418E4003C19E3688342F0DD59
:103070005B460D800021755E3280002DDBDA1C007E
:103080000823E15E002900DAE0E081484B00844635
:1030900062695B180199DB00D3186144826A9F68FA
:1030A000DE680B69BD1A9B1A9D4219D30123026A7F
:1030B000059883401A4213D0A379002B14D1744889
:1030C00000F020FB8E4203DC8DD1874200D88AE7D6
:1030D00040BF09B0F0BCBB46B246A946A046F0BD11
:1030E0000F61A379002BEAD00023A3710823E25ECD
:1030F0000499531CE3D00020B846B34602E02900EF
:10310000531C20D0530067699B18DB00FD18160084
:10311000FA5E6B881BB2002BF1DA0A802369EFF3A9
:10312000108A72B61F003B68002BFCD0BFF35F8F84
:1031300063882B8023696680BFF35F8F18608AF3F2
:103140001088531CDED147465E46B8E7A368634546
:1031500000D881E78CE762696B0092465B19DB005F
:103160009A4453469E68DF6800F0CCFA8F4236DC02
:103170003BD0534652461B6952699346022B3DD0C1
:1031800052460821605E5288000410435946984711
:10319000029003910299039A0B00100013433DD053
:1031A00013000A00B61A9F41002806DB384800F0D9
:1031B000A9FA029E039F36184F4153469E60DF6076
:1031C00000229A5E002A0ADB530099186069C90040
:1031D000411806938B68C9689B46B9425ADDA3889B
:1031E0001BB2002B00DA4BE70AE78642F7D85346BA
:1031F00052461B6952699346022BC1D110001369D4
:10320000984700280AD05B461A685B6802920393CD
:103210000299039A0B0010001343C1D153461B8837
:1032200022692381EFF3108372B611680029FCD064
:10323000BFF35F8F514662880A8022696580BFF3C1
:103240005F8F0021116083F31088C8E7104C2000C5
:1032500000F058FA80220023A44612068018594133
:10326000019AA56A62441369461B5B1B9E4201D208
:1032700010612DE70123059D246AAB401C4200D05C
:1032800026E7106124E7C04610BF00203C700540CF
:1032900000400540B94201D1B342A0D808239C4662
:1032A000A44463460793A846A44622815D46069B34
:1032B000079C05E053009918C90041188D68C9683A
:1032C0009B18DB00C318B94205DC0DD01C0000239D
:1032D000E25E002AEEDA230064469C4653464546E9
:1032E0001A8063461D807AE7B542EFD9F3E7C046FE
:1032F00070B52C4C2569002D00D070BD2A4E0321DD
:10330000300000F0F5F9E660FFF7EEFB274B0322F3
:103310009C46D02322701B061B6801216370244B3E
:103320006044A3600F2380002061022063806369F2
:103330004942A18019800231198647311D835852B4
:1033400018315A5275325C399952183201319952FA
:103350001832013199521832013199520835183218
:103360009D52023118329952183201319952183255
:103370000131995218320131995218320131995262
:103380001832013199520B4B0B49DC600130356228
:10339000FFF722FC01210320FFF7E4FB074B1D6030
:1033A000ABE7C046AC1000200040054040000034B0
:1033B000FFFF100010BF0020B12F00103860054043
:1033C00000487047AC100020F8B51F0008AB1B7810
:1033D00004001600002B08D100F09CF932003B00DD
:1033E000121A8B41002B00DA52E02269EFF31080B1
:1033F00072B61368002BFCD0BFF35F8F0223E15E2F
:1034000063694A005218D2009B182269002936DBF2
:103410001D886580BFF35F8F0025156080F31088DD
:10342000069A9E60DF601A61079A5A615A880132D3
:103430005204520C101C002A1FD082B2588008047B
:1034400010432669EFF3108772B63268002AFCD069
:10345000BFF35F8FA2881A80A1802369BFF35F8FBB
:1034600000221A6087F310880A4923788C460132BB
:103470009A40E36863441A60F8BD0120DDE7BFF3BA
:103480005F8F0023136080F3108801204042F3E730
:103490000020F1E73C20000070B501000469EFF363
:1034A000108C72B620680028FCD0BFF35F8F02201A
:1034B0000D5E4C6968004019C00024180869002D91
:1034C00036DB26884E80BFF35F8F002606608CF3C4
:1034D0001088E36063880498013320615B040598D9
:1034E0005B0CA26060611A1C002B1FD093B22804F1
:1034F000628018430A69EFF3108C72B61368002BD0
:10350000FCD0BFF35F8F8B8823808D800B69BFF366
:103510005F8F00221A608CF310880B7801329A407A
:10352000CB6808498C4663441A6070BD0122DDE710
:10353000BFF35F8F002303608CF3108801204042AB
:10354000F3E7C0463C20000010B543890A149342BB
:103550001ADD53009B184269DB00D3180469EFF3AE
:10356000108C72B62268002AFCD0BFF35F8F5A8895
:10357000090494B2090C8A4208D00369BFF35F8F33
:1035800000221A608CF31088002010BD80221202E5
:1035900014435C80012302698371BFF35F8F0021B4
:1035A00011608CF31088044902788C469340C268FD
:1035B000012062441360E8E73C2000004078704737
:1035C000F0B557464E46DE464546E0B506000F00CC
:1035D00085B0EFF3058399468A46002B12D0414906
:1035E00000204B6ABB4206D38A6ADB1B591E8B4103
:1035F000B2424041184305B0F0BCBB46B246A946B2
:10360000A046F0BD384B9B46DB6898465B461B786E
:103610004046039300F076F84246039B04000433CF
:103620009B009B580D001B1A39003000001BA9415C
:1036300089451ADC17D02B4B5A6A524505D39B6A31
:103640000120B342D7D25245D5D120BF254B586A6D
:1036500050453BD3C01B9A6A431E98410023B24297
:103660005B411843C7E78342E5D900F053F83200C5
:103670003B00121A8B41002B24DB002301931B4BD0
:103680003200009358463B00FFF706FF011E19DD8C
:10369000144B5A6A524504D39B6AB34202D2524534
:1036A00000D120BF5846FFF74FFF0E4A0020536A53
:1036B0005345A0D3926ADB1B591E8B41B242404155
:1036C000184398E7074A536A534501D2002092E70E
:1036D0000020926ADB1BB24240415A1E93411843BC
:1036E00089E7C04600400540AC100020A92F00101B
:1036F00010B5024A0248FFF791F910BD90940010EE
:10370000901A00200300416A0A00986A596A8A42A6
:10371000FAD17047034B596A0A00986A596A914274
:10372000FAD170470040054070B5002806DB1C4AFE
:10373000916A936A5B1A9842FBD870BD0400002519
:10374000174A536A1900966A536A8B42FAD13000BD
:10375000190024184D41AB4218D9114B5B6A1C006B
:103760005A1C0AD0012301246442E5175B420C492C
:103770004A6A9A42FCD39A42DFD1094A02E0516A6E
:103780009942DAD1916AA142F9D3D6E7AB4201D18D
:10379000A642E2D8024A2B00526A9542E7D8EAE7ED
:1037A0000040054070B504000D00174A536A190027
:1037B000966A536A8B42FAD13000190024184D41A1
:1037C000AB4216D813D0104B2A005B6A9D4203D936
:1037D0000D494B6A9342FCD3934207D10A4A02E057
:1037E000516A994202D1916AA142F9D370BDA642B1
:1037F000E9D9054B5B6A1C005A1CEFD00122012459
:103800006442E5175242E3E700400540F8B5040082
:1038100006200D0000F0B4F9002844D0374B384999
:10382000E3185A1E93418022120494465B429B0D7A
:10383000344A9B0563441360334A136018000A68D6
:103840009043FBD12D4B314AE31859424B41802123
:103850005B0049000620995200F092F92900C0004F
:1038600000F02CFC0130C3091ED140270122626206
:10387000A362266BF30722D4E36A254B0620E518E2
:1038800000232B60266300F07BF93900800000F0F4
:1038900015FC7023E26A5A400E3313402B601D4B17
:1038A00023630323A364F8BD1B4A93421ED900235C
:1038B0001A4A1B4F6262A362266BF307DCD5194BD1
:1038C000144AE3181A60656AA36A0620AD01ED1870
:1038D00000F056F9144900F0F1FBAD020100280098
:1038E00000F0ECFB0021FFF75DFFC5E74006800E0E
:1038F0009F011A003F180300B9E7C0460080FCBFD3
:1039000008C0004000E0004000F0004048BF002038
:103910002C10000001030000FEFF0000FFFF00006C
:10392000C0FF3F00303000004E0E00000539013A64
:10393000F8B5D2004C0105001443002B06D0013B22
:103940005A4253419B00234302241C432E6BF3072E
:1039500008D46E23EA6A624013400E4AAA18136024
:103960002E63F8BD0C4B0D4AEB181A606F6AAB6AF8
:103970000620BF01FF1800F003F9094900F09EFB83
:10398000BF020100380000F099FB0021FFF70AFF99
:10399000DFE7C0462C1000003030000001030000BB
:1039A0004E0E0000F8B5DE464E4657464546E0B599
:1039B0008B4605000A991800160000F07FFB0A9B51
:1039C0006C001F02324B64199C46A4006444636877
:1039D00081469F4200D967602B1FDBB29846012BBE
:1039E00030D9C02380229B01E31812011A60294BB1
:1039F000AD0059599A4600291BD17301E02622686F
:103A000053401E40802342465B01E3181E60012A9A
:103A100030D9802380229B01E31812011A6053469B
:103A20004A4667605A51F0BCBB46B246A946A0461A
:103A3000F8BD586900F042FB013043001B18033BFE
:103A4000FDD2DAE75B46012BCBD1C02303229B01D9
:103A5000E3181A60023AA3681A42FCD07301E02608
:103A60002268AD0053401E4080230A4A5B01924603
:103A7000E3181E605A462168514003220A401A602A
:103A800001225B469A40A3681A42FCD0C1E7C046B7
:103A900000800040941A0020F0B546464F46D646B6
:103AA000C0B51F00344B44009C462418A400644455
:103AB000636888461600FF2B02D880235B00636092
:103AC000031FDBB29A46012B30D9C02380229B0111
:103AD000E31812011A60294B8500595999460029AB
:103AE0001BD17301E026226853401E4080235246BA
:103AF0005B01E3181E60012A30D9802380229B01DC
:103B0000E31812011A6080235B0063604B465F512B
:103B1000E0BCBA46B146A846F0BD586900F0CEFAFE
:103B2000013043001B18033BFDD2DAE74346012B6B
:103B3000CBD1C02303229B01E3181A60023AA36889
:103B40001A42FCD07301E0262268850053401E40D3
:103B500080230A4A5B019146E3181E6042462168B1
:103B6000514003220A401A60012342469340A26852
:103B70001342FCD0C1E7C04600800040941A0020E8
:103B8000014B8000C0587047941A0020F8B504001B
:103B900021481E0017000D0000F090FA01003800C7
:103BA00000F08CFA069B36041B031E432368002B8F
:103BB00020DB1A4B1A49E3185A1E934180229201C6
:103BC00094465B421B0B174A1B0363441360164A5F
:103BD00013601F000A689743FBD1144B2560E2185D
:103BE0002123A06013602368002BFCDA0823E66021
:103BF0001360F8BD3F2322681340AB42D9D1A368BC
:103C00001B051B0D8342D4D1EE22E368D202134080
:103C1000B342CED1EDE7C046001BB7000040FDBF68
:103C200008C0004000E0004000F000400430000008
:103C3000194B1A4A10B5DA618022194BD2051A6065
:103C4000184C194A146000290AD0E022174BD204FC
:103C50001A60002809D18022144B12061A6010BD88
:103C6000E022D2041A600028F5D043011B1A9B0001
:103C70001818802300015B04984209D203000C4A03
:103C800013608022044BD2055860084B1A60E6E7A7
:103C9000084B1800F3E7C046008005402131B76AA1
:103CA00000B00540FCFF01000820014000A00540D5
:103CB000F4BE0020FFFFFF0010B580241C4BE4057C
:103CC0001C6000281AD001231A4C18431A4BDC61DF
:103CD0001A4C44401C62596298628021144BC905F9
:103CE0001960174817490860E021C9041960002AC3
:103CF00007D18022144B12061A6010BD0E4BD861FA
:103D0000EBE753019B1A9B009A18802312015B0476
:103D10009A4209D213000D490B60074B5A6080226A
:103D2000094BD2051A60E8E7094B1A00F3E7C046D1
:103D300000B00540D3C007B0008005402D3FF84FCC
:103D4000FCFF01000820014000A00540F4BE002057
:103D5000FFFFFF008023024A9B000B43D3627047A2
:103D600000800540002310B50100988A1B8B9847FE
:103D700010BDC046162310B50100188802331B88F9
:103D8000984710BDF8B54746CE4680B50F1E18D0EF
:103D900014239946043304000025012698464B4617
:103DA0001888434621681B88984701C4431E9841E0
:103DB00001350640AF42F2D13000C0BCB946B04632
:103DC000F8BD0126F8E7C046002370B504000D00D9
:103DD000988A05491B8B984703000020002C01DBC3
:103DE0000130A0402900984755420000AA23064A06
:103DF0001B0113608D235B00D3600449044B1960E1
:103E00005368002BFCDA70470040024000B0FA0013
:103E1000006002407047C04610B50148FEF7E6FD5D
:103E2000B494001070B5074D074EB54209D2002476
:103E3000013E761BB60808CD984723000134B342F3
:103E4000F9D170BDD891001014920010054B064AAC
:103E500006491A60064A074B1A6010000B6898431F
:103E6000FBD1704700E00040BFCDFBFE08C0004022
:103E7000FE7F3C0000F00040044BDB6C002B03D1C4
:103E80008022034BD2021A607047C04600001150D6
:103E90004C201150044A054B1A60054A1368DB0197
:103EA0008033FBD17047C046FFFFFF0100F00040A8
:103EB00008C000404022034B9A675A671A67DA66C7
:103EC0007047C04600F0014010B5FEF72BFE10BD54
:103ED000F8B52749274C284D641AA4082200302C35
:103EE00000D930222800920001F0A2F82F2C3BD8F4
:103EF00030202F21A700EB195B07204A001BDB0FA6
:103F0000091B052916D92600002B01D0EA51661C91
:103F1000C01AE3189B004108EB18C900C9181A60C1
:103F20005A6008338B42FAD1012303421CD09843D4
:103F30008419A700EA51631C2F2C15D09B00EA506E
:103F4000A31C2E2C10D09B00EA50E31C2D2C0BD070
:103F50009B00EA50231D2C2C06D09B00EA50631DC9
:103F60002B2C01D09B00EA50054B9D60F8BDC0464C
:103F700000010010C001001000000020C10100106D
:103F800000ED00E0002310B5294C82B0A367FFF7D5
:103F90002DFF0122274B1A60636C012BFCD10322F9
:103FA000254B1A60224A936B012BFCD101330093FD
:103FB0000121224A22480433FFF7E8FD05230121AD
:103FC0000093204A2048FFF7E1FD0022022104204F
:103FD0001E4BFFF761FD0022012105201C4BFFF75E
:103FE0005BFD0022002107201A4BFFF755FD002240
:103FF00000210820174BFFF74FFD8023DB000093C3
:10400000002200210920134BFFF7CCFC0022104BAB
:1040100000210620FFF740FD0420FFF7B1FD0E4907
:1040200000F04CF801000020FFF794FE02B010BD34
:10403000008000403CB0004030B00040002F685984
:1040400000800240008C864700C00240001BB70081
:1040500040597307006CDC0240420F000148042104
:10406000014B1847D0100020853D0010124A936F75
:104070009B0815D29066D166002905D0FFE7FFE7BF
:10408000FFE7516F106F704704B580210906C21712
:104090005140002800D0C84305F08EF8002104BD2F
:1040A000F0B5146E556E576F166FFFF7E3FF146689
:1040B000556657671667F0BD000000D0114A936F30
:1040C0009B0813D210665166002905D0FFE7FFE771
:1040D000FFE7516F106F704704B5002801D0002032
:1040E000C04305F069F8002104BDC046F0B5146E68
:1040F000556E576F166FFFF7E5FF146655665767E5
:104100001667F0BD000000D094464A4A926F9208AC
:10411000624601D228E0C046F0B5464E346E756E58
:10412000776F366F00F020F89446424A1466556661
:10413000576716676246F0BD94463E4A926F9208F2
:10414000624601D254E0C046F0B53A4E346E756E08
:10415000776F366F00F04CF89446364A1466556611
:10416000576716676246F0BD002B24DB11D000298B
:104170003EDA00B5C943404200D1013100F038F8C1
:10418000C943404200D10131DB43524200D10133E7
:1041900000BD002AEBD1002801D1002905D0002064
:1041A000C90FC90701D1C043410800B504F0FCFFA5
:1041B0000022002300BD00B500290ADBDB43524288
:1041C00000D1013300F014F8C943404200D101315D
:1041D00000BDC943404200D10131DB43524200D10E
:1041E000013300F005F8DB43524200D1013300BD3A
:1041F000002923D1002B18D1002A0CD0BC460D4F2A
:1042000038667A6600210023FFE7FFE7FFE77A6F51
:10421000386F67467047002801D00748010000B595
:1042200004F0C2FF0022002300BD02000B000020AA
:1042300000217047000000D0FFFFFFFF002B00D0DF
:10424000BFE0130C28D1002AE7D080B4114F3966A3
:104250007A66FFE7FFE730B4040C7B6F396F1B040D
:1042600023433B667A66FFE7FFE7FFE7C04684B279
:104270007B6F3D6F1B0423433B667A66FFE7FFE7D6
:10428000C04600232C042D0C7A6F386F0019694149
:10429000B0BC7047000000D0F0B594460025140E65
:1042A00001D112020835140F01D112010435940F07
:1042B00001D192000235D40F01D152000135D40B47
:1042C0000134254F7C66254C3C660E0C93B2FFE70B
:1042D000FFE7FFE73C6F6643360C7703BE46734348
:1042E000DF0B5B04C01AB941130C7343DB18C91A06
:1042F000CE086643360CB64493B273431F0F1B01BE
:10430000C01AB941130C73431F0B1B05C01AB941E6
:10431000860D8F023E436643360C092D24DB520A7C
:104320007243801A7703460A6643360C16235B1BDA
:10433000DE40DF40BF1964466643821B7046043589
:1043400006330100D940A840C01900D30131A24270
:1043500006D20023F0BD0000000000D0FFFFFFFFE9
:10436000121B0130F3D3F1E709277F1BFE4064469F
:10437000A2B27243801A00D20139220C7243130C8C
:104380001204821A99410B0070460435133701005C
:10439000F940A840801900D30131002B02D1A2427C
:1043A0000AD2F0BD013000D30131121BFAD2013B19
:1043B000F8D1A24200D2F0BD013000D30131121B6E
:1043C000F7E7F0B51C0C00D080E00CB400251C0A07
:1043D00004D11B02160E3343120208351C0B04D104
:1043E0001B01160F3343120104359C0B04D19B00B3
:1043F000960F334392000235DC0B02D192185B41D9
:1044000001351C00971864410134464F7C66464CC8
:104410003C660E0CFFE7FFE7FFE7C0463C6F6643D4
:10442000360C7703BE4697B27743C01B00D20139E2
:10443000C01B00D201399FB27743C91BC91B170C9F
:1044400077437E04FF0B801BB941CE086643360CD0
:104450000C2D33DBB644120B1F053A431B0B97B2EE
:104460007743C01B00D201399FB27743C91B170C99
:1044700077433E043F0C801BB941860D8F023E43BB
:10448000664329277F1BFE400C3D7746AF40BF198E
:1044900030BCA2B2ABB272437343801A9941220C72
:1044A0007243130C1204801A994102000B00013769
:1044B000001BA941F9D2781E0021F0BD0C277F1BFB
:1044C000FE4077467F0BAF40FF19E0E700245D1CFC
:1044D00007D0144F7D663966FFE7FFE7FFE7FFE788
:1044E0003C6F95B29EB265436643401BB141150CCB
:1044F0001E0C6543664336042F0C3E432D04401BBF
:10450000B141994204D202000B0020000021F0BD0D
:1045100001D19042F7D3801A994101349942F2D3E4
:10452000F6E70000000000D0FFFFFFFF48404140D9
:10453000484018B41B4B5B68FC46019308BD04DF80
:10454000EF47001018B4174B1B68FC46019308BDD9
:1045500000DFF94700109446134A926F920809D27F
:10456000624618B40F4BDB68FC46019308BD0CDFB4
:10457000B14A00100C4AF0B5146E556E576F166FA5
:104580006246FFF7EEFF084A1466556657671667DE
:10459000F0BD18B4034B9B68FC46019308BD08DFCF
:1045A00055490010B8120020000000D0FFB550405F
:1045B0004240504059404B40594000E0FFB5154F34
:1045C0004C00640D03D0BC4204D10C0314D800206D
:1045D000090D09055C00640D03D0BC4204D11C0325
:1045E0000AD800221B0D1B0501264B4009D44B4065
:1045F00003D58B4200D18242FFBD9942FCD190424B
:10460000FFBD0B43DB1803431343F5D0C9434918DF
:10461000FFBD0000FF07000000B5FFF7CFFF80419E
:1046200000BDC04600B5FFF7C9FF01D9002000BD9D
:10463000012000BD00B5FFF7B9FF01D9002000BD82
:10464000012000BD00B5FFF7B1FF804100BD012092
:1046500040054A00121804D85A00121801D8002048
:1046600070470120704700000021002805D17047E5
:10467000C1174840401AFAD0C90713B5064B1B684A
:1046800098470CBC441CA2401005120B0349091B9F
:1046900009051943114310BD30BF00201F0400005D
:1046A00010B54C00620D8023D218DB00D21A5B05D6
:1046B0007E2A10DD9E3A13DACC1709034908194304
:1046C0005242D140640001341532202A05DAD0402C
:1046D0000843604310BD002010BD0846604310BD74
:1046E000C80FC018013810BD18B4044B5B6AFC46F3
:1046F000019308BD24DF614C00100000B8120020B7
:1047000018B4044BDB6FFC46019308BD7CDFE14C21
:1047100000100000B8120020132370B51D78012D81
:1047200019D014DD1F48FFF725FB06001E48FFF7D0
:1047300021FB1E4C80223100200000F079FC022D6C
:104740002DD01B48FFF70EFB1A4B186070BD1A4B9B
:10475000164CA364F5E7184B144C23606360A36008
:10476000E36023616361A361E36123626362A36227
:10477000E36223636363A363E36323646364A36407
:10478000E36423656365A365E36523666366A366E7
:10479000E36623676367A367E367A364D1E7064B18
:1047A000A364CEE75344000053460000B812002033
:1047B0004C33000030BF0020BD47001007B56046F5
:1047C00001880A0A0230DF2AFAD1C9B2820804D36A
:1047D000028840880004104300E00068014A5050FD
:1047E000039007BDB81200200FB403BC0CBCF0B599
:1047F0000124E407634000E0F0B50C0DCF0F661E06
:104800003605891B640503D3C943404200D30131F7
:10481000640D03D0661CF60A07D0E41B00207F005D
:10482000791C89078912803C24031D0DDF0F6E1E41
:1048300036059B1B6D0503D3DB43524200D3013386
:104840006D0D03D06E1CF60A07D0ED1B00227F0011
:104850007B1C9B079B12803D2D032F1B661B58D48E
:10486000A446202E46DA20371400BC401D00BD406F
:10487000F24033412A4380185941CB0F05D0C94338
:10488000C043002264425041514162464D0D28D13F
:104890000D0D07D100281FD0241940414941013A8C
:1048A0000D0DF9D0640006D3013000D30131002C86
:1048B00001D140084000013A0BD4941CE40A04D111
:1048C00012051144DB071944F0BDD907204B1943E9
:1048D00000E0D9070020F0BD0029DDD1002CDBD19C
:1048E000F0BD0132C6074008CD0728434908002E15
:1048F000E1D0D9E73C2E29DA203E40371400BC40F5
:1049000000D00124F24014431A00BB401C43D317CB
:10491000ACE7AC46202F08DA20360400B4400D0086
:10492000B540F84039412843A5E73C2F0CDA203F39
:1049300040360400B44000D00124F840044308008D
:10494000B1400C43C117EAE710001900002494E7B6
:104950000000F07FF0B50C0D661E3605891BE60AD7
:104960006405640D02D0651CED0A04D0002001210D
:104970000905803C2403A4461C0D671E3F05DB1B74
:10498000E70A6405640D02D0651CED0A04D000221C
:1049900001231B05803C24037740644497B484B210
:1049A00096B27443070C7E43150C6F4380B2684384
:1049B000361802D3012000043F183004350C0019CA
:1049C0007D41844688B29AB250430C0C62431F0C5E
:1049D0007C438EB27E43921902D301263604A41979
:1049E0001604170C3618674101BC81B29AB25143C4
:1049F000040C62431B0C5C4380B25843121802D370
:104A00000120000424181004130C401863412D18D1
:104A10005E410020474106BC88B293B258430C0C5B
:104A20006343120C544389B251435B1802D30121F2
:104A30000904641819041A0C091862416D185641CA
:104A40000020474118BCF902720D1143F0026A0DB3
:104A50001043ED020A0D03D16D1940414941013B5C
:104A6000124E9B1B7600B3420ED26D0007D301306D
:104A7000002671416646354301D1400840001B05C0
:104A8000C918E4072144F0BD0BDA013306D1013027
:104A900004D101314F0D01D04908F2E7E1070020B0
:104AA000F0BD013631050020EBE70000FF030000F8
:104AB000F0B51C0D671E3F05DB1BE70A6405640D9E
:104AC00002D0661CF60A04D0002201231B05803C9C
:104AD0002403D0252D060026F6432E661E096E6699
:104AE000CE0FF619B44649004F0D02D07E1CF60ACF
:104AF00003D000200021403F3F033E1BB600B444DA
:104B0000013F7F05C91B49082E6F013676089C02BC
:104B1000950D25437543ED137543AD1301356D10A8
:104B2000F603761B0CB4CC02450D2C43A2B2B3B2F3
:104B30005A43270C7B43350C6F43A4B26C431B19BB
:104B400002D3012424043F191C041D0CA4187D4128
:104B500024196D41009A91B2ACB26143170C7C43A9
:104B60002B0C5F4392B25A43A41802D301221204C1
:104B7000BF182204230C52187B41019C6C431B1963
:104B8000520ED9010A434401A01A81B2B2B2514374
:104B900003145A43360C734387B27743D617D2199E
:104BA00000277E4136049B191704160C7F185E41BE
:104BB0007316ED18F301002680337541A90F06D155
:104BC0006400690AE8055B0A184309D22FE0042251
:104BD000944480337541A90AA8059B0A184326D33B
:104BE000404149412404009A019B0D005543641B38
:104BF0004343E41A95B286B27543170C7E43030C07
:104C00005F4392B25A43B61802D301221204BF186E
:104C10003204330C52197B4152429C41002C02D485
:104C20000022013051414008CA071043490802B030
:104C30006246D7079210084BD218084B9A4203D20B
:104C400012058918C919F0BD0020002A01DC3900BD
:104C5000F0BD01331905F5E7FD030000FE07000074
:104C6000002200B5203200F004F8080000BD00006A
:104C700000220B150AD410B5944600F05FF8141406
:104C8000013400DA0021CB17144C2047002000210A
:104C900070476244343A0CD40C2A07DA040091407D
:104CA000904052422032D440214310BDD843D943D2
:104CB00010BD203207D40C4694405242203211419C
:104CC000D040204310BD0800C917203203D45242FF
:104CD0002032104110BD1800190010BD934C001077
:104CE0004A00520D144BD21A13DDFF2A1EDAD205E8
:104CF000CB0FDB071A43C300400F0903490A0843DF
:104D000010435B0001D301D0013070474308FBD250
:104D1000704702D0C80FC00770470A031213013250
:104D2000F8D1420F072AF5D1012200E0FF22C80F77
:104D300000028018C0057047800300000A0DCC0FE8
:104D4000531E1B05C91A520503D3C943404200D361
:104D50000131520D03D0531CDB0A07D0121B002077
:104D60006400611C89078912803A1203014BD21A30
:104D700070470000FF03000051434343C9188C46AD
:104D8000110C83B24B4310B4040C614392B280B255
:104D9000504362431C041B0C001910BC59411304FE
:104DA000120CC01851416144704700004840414016
:104DB00048400E4B5B6818470C4B1B6818470C4A61
:104DC000936F9B0802D2094BDB681847F0B5146E4D
:104DD000556E576F166FFFF7F6FF054A1466556656
:104DE00057671667F0BD014B9B681847B813002042
:104DF000000000D007B548404140484001E0C046AF
:104E000007B54200120E03D0FF2A03D1420218D880
:104E1000C00DC0054A00120E03D0FF2A03D14A027A
:104E20000FD8C90DC9050122414005D4414001D523
:104E3000814207BD884207BD0143491801D0C043E4
:104E4000001807BD00B5FFF7DBFF804100BDC0467D
:104E500000B5FFF7CFFF01D9002000BD012000BD44
:104E600000B5FFF7C7FF804100BD491A002807D1F0
:104E700008467047C10FC90700D54042002817D027
:104E8000F44603B40B4B1B68984706BC81409E3820
:104E90004042803107D20B0607D04900490AC005BD
:104EA0001043084360470130F8E7490A8902F5E7F3
:104EB0007047000030BF002041000A0E80231B060F
:104EC0007E2A0BDD9E3A0BDAC117400240081843D8
:104ED0005242D0404900013148437047002070479A
:104EE000C00FC01801387047C0420DD300B5400054
:104EF0004008002100F012F8002801D4404200BD13
:104F00008020000600BD0000034BDB69FC4618470B
:104F10001CDFCD4F00100000B8130020014B5B6A6E
:104F200018470000B8130020034BDB6FFC461847FE
:104F30007CDFE54F00100000B8130020132310B5EC
:104F400012481C78FEF716FF0100012C0AD003DD81
:104F500080220F4800F06CF80E48FEF703FF0E4B5E
:104F6000186010BD0A4C5422200000F061F80B4B71
:104F70006365A365E36523666366A366E3662367EB
:104F80006367A367E3672362E361E5E753460000D5
:104F9000B81300204C33000030BF0020A14F001098
:104FA00007B5604601880A0A0230DF2AFAD1C9B281
:104FB000820804D3028840880004104300E000689F
:104FC000014A5050039007BDB81300200021C215BC
:104FD0008032803201D0024A104700207047000022
:104FE000CD2A0000C30FDB0741000A0E07D0FF2ABD
:104FF00008D00909054A8918194340077047190064
:10500000002070470249C918FAE700000000003884
:105010000000F07F01480421014B1847E0100020F8
:10502000853D0010014B1B6818470000E010002070
:10503000014B5B6818470000E01000209A4200D244
:10504000885470477047C046F8B55746DE464E460E
:105050004546E0B599460A9B07009A460D9B88464F
:1050600093460B9C9B073BD10C9B9C423DD21E1B45
:105070000B9415000C005E442A004B4601352100BC
:105080002020B847B542F7D1A0460B9C002C20D079
:10509000454636195346321B013C185D29004B46E4
:1050A000B847002CF6D12B00350098460D9B9B0786
:1050B0000FD55B46EC1A0C9BA3420AD9464698468C
:1050C0002A004B46310020200134B84701354445C1
:1050D000F6D32800F0BCBB46B246A946A046F8BDB0
:1050E00016001500002CD3D1E0E716001500002CA7
:1050F000CED1EEE7F0B54546DE4657464E46E0B522
:1051000085B09C4610AB1B78149F934698460F9C25
:10511000129E139DBB074CD4002D42D1B44248D2FD
:1051200001233B4099460E9B013B9A46302304E005
:10513000524601341355A64201D9202CF8D14B46D2
:10514000002B00D183E00E9B013B99463023A54202
:1051500005D82EE04A4601341355AC4229D0202C04
:10516000F8D1FB060CD57B0554D4A64263D0A542EA
:1051700061D0119B102B50D0022B57D0202C32D154
:10518000202301930E9B5A46009303976346029592
:10519000FFF75AFF05B0F0BCBB46B246A946A04691
:1051A000F0BD01233B40994601233B422AD1B44242
:1051B000B9D3FB061CD57B05DBD4002CD5D1119BC4
:1051C000102B5BD0119B022B6BD0302301240E9A45
:1051D00013704346002B10D17B073ED52B260E9A29
:1051E000631C1655CDE72300013430260E9AD654A1
:1051F000202CC5D04346002BEED02D260E9A631CE2
:105200001655BEE74346002B2FD0013DB44200D2D5
:1052100089E798E7119B102BB2D1BB0637D5202C1C
:10522000AED058230E9A13550134A7E7202CA7D0EF
:105230002300013407E0631E012CC0D0119A102A0C
:1052400031D0022AD1D162260E9AD65496E7FB06B7
:10525000CED57B0500D488E78BE723003E0790D5A9
:1052600020260E9A013316558BE70C233B405A1E1D
:105270009341ED1AB44200D255E764E7BB060ED461
:1052800078230E9A0224137030235370A1E7202C48
:1052900000D175E778230E9A135501346EE7582331
:1052A000EFE76033EDE70E9AA61E91464E44BA062C
:1052B00002D55822327098E77822327095E7C046BE
:1052C00010B5002800D110BD01F046FCFBE7C04638
:1052D000F0B55746DE464E464546E0B595B08346A6
:1052E0000F00924698461E9A1F9B10001900209EA0
:1052F000FFF7ADF9002800D0EAE11E981F990122BE
:10530000C54B5242FFF788F9002800D014E11E98DF
:105310001F990122C14B5242FFF794F9002800D097
:10532000E9E01E981F990022BD4BFFF78BF900287A
:1053300000D0C8E01E981F990022BA4BFFF76CF905
:10534000002800D0BFE01E981F9900220023FFF71D
:1053500063F9002800D0E4E000230B93229B5B0557
:1053600000D406260024302307E0172106AA0134C2
:1053700052181355013E202C01D0092EF5D81E9845
:105380001F99FFF78DF9A84BF2009B181A685B680C
:10539000050008920993FFF76BF902000B001E98B5
:1053A0001F99FFF7C6F8089A099BFFF7F2F80690D5
:1053B0000791FFF799F98146FFF756F902000B00B4
:1053C00006980799FFF7B5F80022984B06900791C9
:1053D000FFF738F9002800D10DE101239C46E14494
:1053E0004846FFF741F902000B0008980999FFF7BA
:1053F00019F9002802D0002399460135002E00D16A
:10540000D9E006954D46B94614E006AA94461723FE
:105410000A216344280001341F19FEF74FFE303182
:10542000397028000A21013EFEF748FE092D00D8F8
:1054300017E10500202CE8D14F46069D20240CAE34
:1054400006AA17239446634499465B46B3460693DF
:105450000FE04B4628000A210134E618FEF706FE4D
:105460003031280031700A21FEF700FE051E00D100
:10547000E4E0202CEDD1069B5E469B460323229A56
:105480001340012B18D1219B002B15D00B9B002B17
:1054900000D1FDE0219B013B2193202B0CD930232F
:1054A000219A07E0172006A9013409180B559442E8
:1054B00000D3CCE0202CF5D1229B01940393219BB7
:1054C0000096029322E0229B52460493219B3900CE
:1054D000039358461E9B1F9C0296009301944346DB
:1054E00000F04AF90400200015B0F0BCBB46B246FB
:1054F000A946A046F0BD229B5B070FD403224C4B6C
:1055000022990192039121990093029143465246B8
:1055100039005846FFF798FD0400E4E70422454BA4
:10552000EEE71E9A1F9B00200021FFF702F80123DF
:105530001E901F910B9311E7229B54469B0711D19C
:10554000219B042B0ED9219B55469C465E46043C6C
:1055500064442A004346013539002020B047A54263
:10556000F7D1B346344D26002B1F99465B46A34620
:105570001C003200E87843463900013DA04701365F
:105580004D45F6D123005C469B46229B04349B0785
:10559000A9D55346219AE31A9A42A4D95E4615002A
:1055A0002200434639002020B04753460134E31A15
:1055B0009D42F5D897E72800FFF75AF802000B0044
:1055C0001E981F99FEF7B5FF0022184B0690079111
:1055D000FFF722F80CAE002800D031E706980799B3
:1055E0000022124BFFF72EF8002800D028E70123F5
:1055F00001359D4324E70022069807990B4BFFF7DE
:105600000BF8002800D0F9E64B46002B5CD10123B3
:105610009C46E144F2E6C046FFFFEFFFFFFFEF7F4D
:1056200065CDCD4165CDCDC1483D01100000E03FC5
:105630000C9500100495001014950010069B5E4612
:105640009B460323229A1340012B00D181E0202C9A
:1056500000D131E70B9B002B27D02D23335501348C
:105660002AE74F46069D202C00D1E7E63022331969
:1056700007E0172006A9013409180A55202C00D18B
:10568000DCE6A342F5D12E220CAE0134F254D7E66B
:105690000C23229A134257D0219B013B2193A34212
:1056A00000D9FCE6202C00D106E7229B5B0703D53E
:1056B0002B2333550134FFE6229B1B0700D4FBE666
:1056C000202333550134F7E6DB0700D496E69EE746
:1056D000229B55469B0711D1219B032B0ED9219B61
:1056E00054469C465E46033D6544220043460134D1
:1056F00039002020B047AC42F7D1B346B9465F46E7
:105700001C4EEC1C2A00B078434649460135B84788
:10571000013EAC42F6D1229BBB464F469B0700D4CC
:10572000E1E65346219AE31A9A4200D8DBE65E4648
:1057300015002200434639002020B047534601346B
:10574000E31AAB42F5D3CEE6219BA34200D9A6E6ED
:10575000B2E6219B002B00D179E70B9B002B97D061
:10576000219B013B21939C4200D298E6202C00D043
:1057700073E7A1E610950010F0B5DE4657464E4699
:105780004546E0B599B081468B4692469846229AA6
:10579000239B10001900FEF75AFF002800D0CAE032
:1057A000229823990122824B5242FEF74BFF002898
:1057B00000D0C0E02298239901227E4B5242FEF78E
:1057C0002BFF002800D0B6E0229823990022002366
:1057D000FEF722FF002800D0C9E1229B239C0893FA
:1057E0000994089809998023269ADB001A400D92A3
:1057F0008022269C1201144022000B94269C070054
:105800000E001C4200D0ADE00B00034300D0D5E0F9
:10581000002A00D00AE22200063324930223134018
:105820000C930223134200D002E2259B042B00D2EA
:105830000FE2043B0B93002304250A9300222298D5
:1058400023990023FEF7E8FE002800D003E25A4B1C
:10585000269A134004930B9B0393249B0293089B6B
:10586000099C009301945946434652464846FFF727
:105870002FFD02002020269B1F27034059424B4149
:105880005B421840531C0893594643464530C8476D
:105890000A9AD317D4185C40D30F0A936B1E0B934C
:1058A00008AB9C460025674401E0202D0FD0200066
:1058B0000A21FEF703FC01357E19303131702000DA
:1058C0000A21FEF7FBFB26000400092EEDD8052374
:1058D00006930B9B59460593002304930A330393C5
:1058E0000A9B4846029310AB0093089A43460195E1
:1058F000FFF700FC0C9B002B2DD05346C41A259BB0
:10590000A34228D94D465F4681461E0053463900C2
:105910001A19202043460134A847A642F6D8534618
:1059200048462599C21A01320023914200D386E1EC
:10593000013018180FE0269B0493259B0393249BAA
:105940000293229B239C009301944346524659465E
:105950004846FFF7BDFC19B0F0BCBB46B246A946AD
:10596000A046F0BD01432BD10B9B2200002B00D1A0
:1059700054E700230A93249B0A9A0024934200DDF3
:1059800085E12298239900220023FEF745FE002896
:1059900000D035E1269B084A02941A408023DB00A0
:1059A00013430493259B0393089B099CCBE7C046B4
:1059B000FFFFEF7FFFFFEFFFFFF7FFFF06232493BB
:1059C000B44B70009C46400D6044FEF751FEB24A55
:1059D000B24BFEF7DEFDB24AB24BFEF7B3FD360323
:1059E000B14B360B334304000D0038001900002280
:1059F000AE4BFEF79EFDAE4AAE4BFEF7CAFD02006F
:105A00000B0020002900FEF79DFDFEF749FE0A90DD
:105A1000FEF72EFEA84AA94B04000D00FEF7B9FDC3
:105A20000022A74BFEF78EFDFEF73AFEA54A0600C0
:105A3000A54B20002900FEF7ACFD040030000D004E
:105A40000C96FEF715FEA14AA14BFEF7A2FD02003F
:105A50000B0020002900FEF76CFD02000B00060081
:105A60000F00FEF796FD320004000D003B003000F1
:105A70003900FEF767FD00220E900F91954B200034
:105A80002900FEF768FD0022934BFEF75BFD020044
:105A90000B0020002900FEF75EFD00228F4BFEF771
:105AA00051FD02000B0020002900FEF754FD0D00FF
:105AB0008021040032003B000020C905FEF739FDBB
:105AC00002000B0020002900FEF73CFD02000B0045
:105AD0000E980F99FEF73FFD0022734BFEF732FD43
:105AE0007F4B0C9C9C46644400222305FEF751FD2D
:105AF00006000F0002000B0008980999FEF78CFDC4
:105B000000280AD00A9B3000013B39000A9300228A
:105B1000714BFEF720FD06000F000A9A3300633236
:105B20003900C62A12D802222698042510400B9A62
:105B30000C90002A25D1259B042B05D9002800D0E4
:105B4000A1E0259B043B0B93042541E0022226980B
:105B500010400B9A0C90002A12D1259B052B76D968
:105B6000002872D1259B0525053B0B9334E080224C
:105B700012069446229B0893239B6344099330E6C4
:105B800005250B4300D1F6E608980999554A564B6E
:105B9000FEF750FD002808D0089809990022534BC1
:105BA000FEF73AFD002800D0E5E6249B002B1CD030
:105BB0000D9B002B19D0249B013B2493259BAB42CA
:105BC00004D90C9B002B5AD002230C9300230B9377
:105BD0000A9B002B00D131E60898099932003B005E
:105BE000FEF7B9FC0890099128E6259BAB42EDD958
:105BF0000C9B002B43D000230B9302330C93E7E75D
:105C00008020269B3A4A00061A408023844602944C
:105C1000089C099D2900DB0013430493259B6144E4
:105C2000220003930B00009201938EE60524A8E660
:105C300000230B930A93023304250C93FEE553468D
:105C40008C46013B63441B1A72E602230C93052524
:105C5000C2E70423EDE58020089E099F0006390075
:105C60008446269A224B6144134004930B9B3200D6
:105C70000393249B02930B0000920193F3E5259B71
:105C80005B1B0B93A4E7022304250C93A0E79C1A4B
:105C9000013C76E601FCFFFFFB799F501344D33FA4
:105CA000B3C8608B288AC63F0000F03F0000F83F71
:105CB00061436F63A787D23F71A379094F930A406D
:105CC0000000E03F1655B5BBB16B0240EF39FAFE5C
:105CD000422EE63F00002C40000024400000184007
:105CE000FF0300002D431CEBE2361A3F80842E4157
:105CF000FFF7FFFFF0B5DE4657464E464546E0B596
:105D0000A5B01E002E9B92460C93CD4ACD4B8046EB
:105D10008B461A60002900D1EAE1002330789946C9
:105D2000002800D1ECE1C84B4C460B93C74B4546CD
:105D300057460E930AE0631C984622003B005946E2
:105D4000A84744463078002800D187E0013625284E
:105D5000F1D108239A46043B9946023B9846013B01
:105D600000229C460D943078711C0300203BDBB26E
:105D7000102B03D80B9C9B00E3589F460300303B3D
:105D800089460D9C092B3AD9002398462A2800D130
:105D9000C1E000239A462E284BD00300683BDBB2BB
:105DA000122B1ED80E999B00CB589F4663460E00BF
:105DB0001A43D8E743460E001A43D4E74B460E0079
:105DC0001A43D0E710230E001A43CCE753460E00C7
:105DD0001A43C8E780235B001A43FF3B9C46707858
:105DE000E1444E4667284FD82428A4D90300253B18
:105DF000DBB2422B9FD896499B00CB589F4600238D
:105E000094461E0000E00131B3009B195B001E1890
:105E10000878303E0300303B092BF4D90123624659
:105E200089469C460023B0469A460E00E1442E283F
:105E3000B3D13021802049428C46C00002437078A3
:105E40004B4684446146092900D86CE12A2800D1D8
:105E50007AE101239C464E46E1449EE7A146A846CE
:105E6000BA46CA4503D801235B4253449946534678
:105E70004A4659460020C047200025B0F0BCBB462A
:105E8000B246A946A046F0BD0300693BDBB20D93C4
:105E90000F2B00D94FE7012199408C466D49894667
:105EA00061464B4619400F91634649460B4200D06C
:105EB00028E10D9B0A2B3AD0072B00D03BE70C9B27
:105EC000190008C98846002B00D14BE1212002436C
:105ED000914614A98C461F220F2162448C465146DC
:105EE0000D950C91A24615000F9902E020290CD0C7
:105EF000130064461C4020003730092C00D80738B6
:105F0000013168541A090F2BF0D80C9B54460D9D93
:105F10009A460F9133E10C9B02CB8846002947DB60
:105F20000C9301239C4670784E46E14431E70C9B6C
:105F300002CB14935346002B00D138E19C460878DD
:105F40000B000C908C44002801D100F098FC89468D
:105F50006146944603E05A780133002A01D08B420F
:105F6000F9D1494662465B1A0C900F93530500D550
:105F700020E10223180010400D90134200D1CBE322
:105F80000D930B1BB1469A465E460C9822003B00CF
:105F90003100A84753460134185D0028F6D1B346B6
:105FA0004E460D9B002B00D0C7E1149B0C93C9E615
:105FB0000C9301239C462838494202438846707856
:105FC0004E46E144E5E670786C2800D17FE18023FD
:105FD0005B001A43FF3B9C46E14402E780239B00A1
:105FE0001A4301239C467078E144FAE670786828E9
:105FF00000D173E180231A437F3B9C46E144F0E6E5
:10600000672800D103E1472800D15AE1452800D193
:106010005AE10492072142460C9B039207335246F1
:106020008B43190002920CC92800009201930C9135
:1060300022003B005946FFF79FFB040082E6C04662
:10604000F55C0010F0BE0020A83B0110EC3B0110F5
:10605000383C011041900000462800D1DBE004925A
:10606000072142460C9B0392073352468B4319008B
:1060700002920CC92800009201930C9122003B006F
:106080005946FFF725F904005CE6631C9846220098
:106090003B0059462520A847444653E60C9B043351
:1060A0000D93631C9946920700D422E10C9B2200B9
:1060B000187859463B00A84743464444012B00D872
:1060C00085E23300B8462E005F4625004C469946CF
:1060D00022004346013439002020B047AC42F7D1BA
:1060E0002C00BB46350047464E460D9B0C9329E6D7
:1060F000DB4B3078984600239946002800D012E602
:106100000024AEE66F2800D188E000D80BE310230E
:10611000782800D1CFE09A430A239C4600230F93AE
:106120000A330D9380E05646B100891949000133C6
:106130000E181878303E010030390929F4D9B246DA
:106140001E000133994628E60C9B023602CB8A4694
:10615000C9435046C917084082460C933078731CD7
:1061600099461AE6102310009843113318438146CC
:1061700080201300C0000340024200D1A9E64B4634
:106180000693082305935346049310230393002397
:1061900002930F9B220001931CAB009359463B00D6
:1061A0002800FEF7A7FF434604000C93CAE501232D
:1061B0005B42C3E60F9B534501D953460F9302231D
:1061C000180010400D90134200D1B7E10D93D14655
:1061D0000B1B9A463300A1442E0022004D460C981A
:1061E000B9465F469B4608E04B463900541CB04711
:1061F0005346185D002877D022009542F4D15B46C3
:10620000BB464F46A94635004C461E00C9E68023D2
:106210001B011A43FDE620231A4320E708239C466E
:1062200000230F9308330D9380231100DB001940E6
:106230001A4200D116E10D239A4310008023020078
:106240009B001A401492184200D0C2E18023020041
:106250005B001A4091460C9A04320F92184200D00B
:10626000B7E2430600D59FE1030600D419E30C9B77
:106270001B880993002B00D0FCE1103398430029C0
:1062800000D1F7E100239946434605935346049312
:106290000D9B069003930023D2E0582808D0622873
:1062A00067D102239C4600230F9302330D93BBE773
:1062B00020231A43103B9C4600230F9310330D9369
:1062C000B2E780231B011A4320231A43A1E6C0230F
:1062D0009B001A43F31C9946B07882E5C0231A4309
:1062E000F31C9946B0787CE535005E46BB464F46C8
:1062F00057E64346012B00D863E1631E43449A46A8
:106300003300B9462E005F4655469B46A246220002
:106310004B46013439002020B047AC42F7D135005C
:106320005E46BB464F46A14654460C9B4A461878EB
:1063300059463B004444A847D7E6A1460F9B9845E1
:1063400000D832E64444E41A3300B8462E005F46D3
:1063500025004C469946220043460134390020204E
:10636000B047AC42F7D12C00BB46350047464E46FD
:106370001BE680231000DB0018401A4200D10FE119
:10638000112118008A430D920D9A802311009B0061
:1063900019408C461A4269D1802311005B001940D4
:1063A00089460C9904310F911A4200D0CAE11300BA
:1063B0005B0600D5F0E013001B0600D459E20C9BED
:1063C00000229B5ED9175A184A4092B2D90F0C91FD
:1063D000002B00D1F9E1100014AA944642461F2375
:1063E000149252466344A84616944D460400B9469A
:1063F000B2461F00159201E0202D0FD020000A2187
:10640000FDF75CFE01357E193031317020000A2124
:10641000FDF754FE26000400092EEDD8149B4F46CC
:10642000A94645469846159B56469A46169C0D9B8E
:10643000069343460593534604930A2303930C9B08
:1064400002934B4601931CAB2200009359463B003C
:106450002800FEF74FFE0F9B04000C9372E4C04629
:10646000455000100C239A431000E7E607220C9BCE
:1064700007339343013294469C4462460C920CCB02
:10648000D90F0F911100194300D191E0D917139141
:1064900012915140109113995940119110981199EE
:1064A000129A139B801A99411090119114AA0023FB
:1064B000944642469946149252461F336344A84676
:1064C000B24616944E46109C119DB94615921F0077
:1064D00001E0202E10D0200029000A220023FDF721
:1064E0002BFE013630322B00BA550D00220004007D
:1064F000002BEED1092AECD8149B10941195454637
:106500009846159B4F46B14656469A46169C0D9B9B
:10651000069343460593534604930A2303930F9B24
:1065200002934B4601931CAB2200009359463B005B
:106530002800FEF7DFFD0400FFF704FC0F9B9845E1
:1065400000D8C1E18023DB000D9343460F9A1B194D
:106550009B1A994633002E004D46B9465F469B462E
:106560000C9122004B46013439002020B047AC4248
:10657000F7D143460C9901330F930B7835000C93F8
:106580005E46BB464F46002B00D10EE50D9B002B0F
:1065900000D1F6E4002319E60C9B1B781A0015E7DE
:1065A00010239A430D92EFE60C9B1B78099361E64A
:1065B000002399460028AAD10022002310921193AB
:1065C00074E70C9B2200187859463B00A8474C46BC
:1065D0008BE50C9AFA3BFF3B07329A43013399460D
:1065E00091444B460C931368526815921A4306D196
:1065F0001032904300220992002900D081E06122EC
:10660000810600D54122D2B20A9214AA91460A9A72
:1066100000210A3A149242461792524618925A465C
:106620000991B3461F311E000F9B4944BA46199485
:106630001A950024674698468946159D16901B9228
:106640000AE03032D2B24B4601341A55A8454AD03E
:10665000202C4AD006000D003A000023300029000B
:10666000FDF76AFDD2B2092AEBD9149B9C4662441D
:10667000D2B2E8E76123820600D54123DBB20A3BB0
:106680000C93434614A91F228C461593534662442B
:10669000A046B2464C461797A9461700099D0D9E85
:1066A0001490169308E03033DBB201343B55B54209
:1066B0000ED3202C0CD0050031002800FDF7FEFC85
:1066C000CBB20929EFD90C9A94466344DBB2ECE7CC
:1066D000159B4D46A14644469846169B564614982F
:1066E0009A46179FD0E5B742B2D9179B57469846AE
:1066F000189B5E469A461B9B09949B461698199CCC
:106700001A9D43460593534604930D9B06900393AD
:1067100000230293099B05E70F9B984500D914E7D6
:1067200001330F932DE41023110099430D91692833
:1067300000D0BAE080231000DB0018401A4200D1DC
:1067400022E61DE60C9B1B68DA0F1100002B00D11E
:106750008CE0DA179818504014AA914642461F233D
:10676000149252464B44A046A9461697040065462B
:10677000B2461F000C91159201E0202D0FD0200091
:106780000A21FDF79BFC01357E1930313170200064
:106790000A21FDF793FC26000400092EEDD8149B76
:1067A000444698460C9BAC461900159B56464D46F0
:1067B0009A46169F0D9B02910693434605935346B6
:1067C00004930A23039363463CE6002800D02EE698
:1067D00002E60C9B1B689946002B03D110339843AB
:1067E000002938D16123820600D54123DBB20A3B60
:1067F0000C9343461693534614A91F228C461793B5
:106800002B006244A0464D46B246189799461700A1
:10681000149C0D9E159008E03033DBB201343B55DB
:10682000B5420ED3202C0CD0050031002800FDF716
:1068300045FCCBB20929EFD90C9A94466344DBB2EC
:10684000ECE7169B149444469846179B56464D46D3
:106850009A461598189F43460593534604930D9BFB
:106860000690039300230293149BEBE50028A1D12B
:1068700072E70C9B1B68D9175A184A40A6E580237B
:106880001000DB0018409C460F901A420FD00220E7
:10689000030013400F93104219D00023A1460F9319
:1068A0004CE50C9B1B680993E4E40A0034E40223E2
:1068B000180010400D90134200D03EE54346002BD7
:1068C00000D042E6FFF771FB01330F937FE463468C
:1068D0000D93F3E70EB4012230B584B007AC08CCB9
:1068E000064D01000094280052420394FFF702FA7B
:1068F00004B030BC08BC03B01847C0463D5000107F
:1069000010B5094A0300146884B0002C08D0012295
:1069100000910648524203A9A047012004B010BDCF
:1069200000F064F90020F9E7F0BE0020C152001029
:1069300000BEFDE77047C04610B5FFF7F9FFC0463F
:1069400070B5FDF76FFA074D074EB54209D2002426
:10695000013E761BB60808CD984723000134B342A8
:10696000F9D170BD1492001018920010030010B5F8
:10697000080011001B68984710BDC046F0B5C64618
:1069800000B5437D07000C001600002B46D0002AFE
:1069900017DD0B780A2B24D000239846012E13D044
:1069A00001252900635C01350A2B26D0B542F8D1B8
:1069B000464509DCA419013C23780D3B5A4253415A
:1069C0003B7580BCB846F0BD4346E018A419F11AE7
:1069D000013C3B68984723780D3B5A4253413B7535
:1069E000EFE7037D002BD7D102210F483B68984782
:1069F000012EDFD001239846D2E7631E5B5C0D2B8E
:106A0000D4D0884504DA4346C91AE0183B68984751
:106A1000022105483B68A8469847C7E7036811006C
:106A200020009847CDE7C046983D0110F0B5454697
:106A3000DE464E465746E0B583B091461C00804680
:106A40000D00FCF767FE0023304A12184B41002B63
:106A500002DA01222E4B52422E4908008A4602F0E9
:106A600063FB07006B1C03D1404602F01FFB0500CF
:106A7000002C27D0284E294B1C68002C18D04B46E0
:106A8000002B21D1264B994602E02469002C0FD01F
:106A90002368002BF9D04B461B68002B01D09C4289
:106AA000F3D120002A004146B0472469002CEFD1E1
:106AB000002F26D1280003B0F0BCBB46B246A94641
:106AC000A046F0BD174ED6E7154B99460A239B46C4
:106AD00002E02469002CEBD02368002BF9D04B4650
:106AE0001B68002B01D0A342F3D12A0041462000AD
:106AF000B0476B465A462000DA71D91D0122B047D3
:106B0000E7E7504602F020FBD4E7C04640420F00C2
:106B1000FFFFFF7F281100207D690010E41A00208C
:106B2000EC1A00206D6900100A4A1368002B05D189
:106B30000CE01A001B691032002B07D08342F8D1F9
:106B4000002902D118691060196170470029FCD032
:106B50001060FAE7E41A0020F0B5CE46474680B54B
:106B600083B06B460600DD1D2870FCF7D3FD0023C3
:106B7000194A12184B41002B02DA0122174B5242DC
:106B800017490800884602F0CFFA164B81461C6868
:106B9000002C14D0144F02E02469002C0FD023687D
:106BA000002BF9D03B68002B01D09C42F4D120008F
:106BB00001222900FFF7E2FE2469002CEFD14B46A9
:106BC000002B05D1300003B0C0BCB946B046F0BDC3
:106BD000404602F0B9FAF5E740420F00FFFFFF7FA1
:106BE00028110020E41A0020EC1A002070B50400DF
:106BF00002F05CFA01230100050001222000FFF7EA
:106C000015FF084B1C68002C06D06368002B05D0CC
:106C100098472469002CF8D1280070BD2469002C05
:106C2000F3D1F9E7E41A0020024B1860024B196017
:106C30007047C046841A0020881A002010B5024B05
:106C40001878FBF7ADFF10BD70BF0020154B70B575
:106C50001A68002A22D0EFF3108172B6106800285B
:106C6000FCD0BFF35F8F00200F4A596010701B6883
:106C7000BFF35F8F186081F31088002400250B4E4E
:106C80003078FBF781FF002804D10024002529007B
:106C9000200070BD3078FBF783FFF8E7FA24002569
:106CA000A400ECE708BF002071BF002070BF0020E7
:106CB00070B5040000200E0001F06CFB002834D0F9
:106CC000002001F07DFB00282FD0FCF723FD0023DE
:106CD000174A12184B41002B16DB164D280002F004
:106CE00023FA002821D0002001F054FB00280FD106
:106CF00001200021404200F077FD03246442280077
:106D000002F022FA200070BD01220B4B5242E4E750
:106D1000002001F055FB0028EAD0210032000020BD
:106D200001F058FB041EEAD1E7E703246442E9E7D7
:106D300040420F0038BF0020FFFFFF7F10B5FCF777
:106D4000E9FC00230D4A12184B41002B02DA012204
:106D50000B4B52420B4C200002F0E6F900280CD0FD
:106D600001200021404200F03FFD002001F076FBB1
:106D70000028F5D1200002F0E7F910BD40420F00D5
:106D8000FFFFFF7F38BF0020F8B5DE46574680B5CD
:106D900005000C00FCF7BEFC0023364A12184B41DC
:106DA000002B02DA0122344B5242344908008A4651
:106DB00002F0BAF9002803D1C0BCBB46B246F8BD08
:106DC000002001F0E7FA00284AD00026002C43DD1D
:106DD0002B4B9B4614E0A919002001F079FB07001A
:106DE00001200021404200F0FFFC002001F036FBB2
:106DF000FCF790FC224BF61918605960B4422BDD69
:106E0000002001F085FBA71B0200B84200DD3A001C
:106E1000002AE0D101200021404200F0E5FC0020E2
:106E200001F01CFB002001F0B5FA002814D000206E
:106E300001F06EFB0028E1D1FCF76CFC5B460F0013
:106E40001A685B68002184460E4812184B419F4225
:106E500002D8D3D19445D1D9504602F075F9ABE7A9
:106E600000200021064B18605960504602F06CF972
:106E7000A2E7C04640420F00FFFFFF7F38BF00205F
:106E8000B012002020A1070030B52A4C85B00021A7
:106E9000200002F079F900281CD1274B1A68002A3B
:106EA00016D0EFF3108172B610680028FCD0BFF343
:106EB0005F8F01242148596002781B68D2B20470A8
:106EC000BFF35F8F0020186081F31088002A17D06D
:106ED00005B030BD01200021404200F085FC0020BB
:106EE00001F06EFA0500200002F02EF9002DEFD01F
:106EF000134B1B68002BEBD0124A10689847E7E74A
:106F0000FCF75EFA0400FCF705FCFA22002392006D
:106F100012184B41002B02DA01220B4B5242012185
:106F2000029100210191094920000091FCF74CFADF
:106F3000CEE7C04638BF002008BF002071BF002048
:106F4000841A0020881A0020FFFFFF7F4D6C00107C
:106F5000D02310B51B0684B01C68FCF731FAFCF78F
:106F60002DFBA04202D0002004B010BD294B00210F
:106F700000201B7801F092FC27480368002B45D0C5
:106F80000120FBF7A5FFFF23244C25492070184062
:106F9000FBF722FE20780121FBF7E4FD0520FBF73B
:106FA00009FE002824D1082200211E48FEF73AF8E5
:106FB000FCF706FA0400FCF7ADFBFA22002392006E
:106FC00012184B41002B02DA0122174B52420121C9
:106FD000029100210191154920000091FCF7F4F97C
:106FE0000028C0DB12480121FFF79EFD0120BBE70E
:106FF0000120FBF785FD0B4B01001800FBF7CAFFD2
:10700000002205200B49FBF711FEEBE7FBF7A6FF7B
:10701000B6E7C046F83F011038BF002070BF00201F
:10702000896E001008BF0020FFFFFF7F4D6C00102D
:10703000F01000203D6C001000487047143E011015
:1070400000487047C03D011010B504001748037890
:10705000002B20D0002C06D1154B16484380063B50
:10706000FF3B038010BD052C1DD8134BA400E05836
:1070700012490123013804E001330A800231142B44
:107080000DD0C25C002AF7D1C022DBB25B009200B7
:1070900008481343E5E7112100F01AF8DAE7CA239C
:1070A00004489B00DDE70020DCE7C0464CBF002021
:1070B00009040000BC1A0020A83D0110BE1A0020DF
:1070C00010B5024800F0D8F810BDC04620BF00201F
:1070D00030B54B1E012900D1A7E0664A11780D0991
:1070E0002C0030349F2900D9A2E00470012B00D17C
:1070F000BEE00F21147821400C003034092900D95A
:1071000098E04470022B00D1B2E0547825092900A0
:1071100030319F2C00D990E08170032B00D1A7E083
:107120000F2121400C003034092900D987E0C470B8
:10713000042B00D19CE094782509290030319F2C44
:1071400000D97FE00171052B00D191E00F21214092
:107150000C003034092900D976E04471062B00D1A7
:1071600086E0D4782509290030319F2C00D96EE0C3
:107170008171072B00D17BE00F2121400C003034BE
:10718000092966D8C471082B00D171E0147925094A
:10719000290030319F2C5FD80172092B68D00F2154
:1071A00021400C003034092958D844720A2B5FD092
:1071B00054792509290030319F2C52D881720B2B2C
:1071C00056D00F2121400C00303409294BD8C4720D
:1071D0000C2B4DD094792509290030319F2C00D9F2
:1071E000073101730D2B43D00F2121400C003034A7
:1071F000092901D937310C0044730E2B38D0D179CD
:107200000C09220030329F2900D9073282730F2BDC
:107210002ED00F220A4011003731092A01D830320E
:107220001100C173102B23D010300023037030BD28
:1072300007345AE737310C0063E707316CE7373121
:107240000C0074E707317DE737310C0085E7073123
:107250008EE737310C0095E707319DE737310C0099
:10726000A3E70731AAE737310C00C4720C2BB1D168
:10727000C018DAE720BF002010B588B004000D2246
:1072800000216846FDF7CEFE0D22002104A8FDF77F
:10729000C9FE6A464B236846137004A900230D22D9
:1072A00001F092FF1521082220006944FDF7C0FE7D
:1072B00008B010BD7047C0460022014B1A707047DD
:1072C0006FBF00204B790020FF2B0BD18B79002B57
:1072D00008D1CB79012B05D1082A03D9024B8A7832
:1072E00009301A707047C0466FBF002001207047F8
:1072F00010B5012913D115495379107909781B026A
:1073000003430020994200D010BD5378012B08D0D0
:10731000022BF9D1642200210020FCF7CDFC0120D2
:10732000F2E7D17893780902194380230A005B00C1
:107330001A40194206D00A06D20F480A0323194000
:10734000FCF742FD01204042F8E7C0466FBF002035
:1073500000487047D03E011070B5050014000120B0
:10736000012909D153780020012B05D163791279C5
:107370001B021343072B00D070BD21002800024AD6
:107380009F3300F0E9FEF7E7283E01100123037068
:1073900000487047F43E01104B780A781B021343F3
:1073A0008A7810B512041A43CB781B061343962231
:1073B000D200934200D010BD0022012011004042B3
:1073C000FCF702FDF8B500F039F90C23194DFF2246
:1073D000AB6705201849FBF729FC184C4022002117
:1073E0002000FDF71FFE4027002301262121144A1B
:1073F00066702783A260136063545F3161844539EE
:107400006354104A10496360E2602787A1620B60F1
:107410006362E26201F0A0FE80239B052E64EB64B0
:1074200090230A4A0120EA508022094B5202DA6472
:10743000F8BDC0460000115041050020F0BA002000
:1074400084001050000110508000105010D0010036
:107450000020115010B501210520FBF783FB10BD62
:1074600010B500220021024800F008F910BDC04606
:1074700010BB0020044B1970002904D080219023F8
:10748000024A8902D150704767BF00200020115086
:107490000B785B0602D14B78052B00D070478A78B9
:1074A000014B1A60FAE7C04600001150F0B5C6461D
:1074B000CB7800B59B079C0F2000012C56D08D780F
:1074C0000A794B797F211B022940EE0913434A00B8
:1074D00094462C4F92195201BA18957001257540A7
:1074E000557000255B055B0DD5701383D476CA00FB
:1074F000012E2BD0244CA0468C0142443C19A260A2
:10750000156000292BD0214AC90090464144616092
:107510003F223F339343022830D032001C4C624458
:1075200021685201BF181B4ACB18F96023609342AF
:1075300026D8194A83064A40134380221206134371
:107540007A681360012080BCB846F0BD134CA04699
:107550008C0142443C19A2621560002908D1002325
:107560007601BE1973600E4BF360EBE70020EAE78B
:10757000094AC900904641446162C9E75B00CCE713
:10758000FCF74AFCF0BA00208400105004001050B0
:1075900004BF0020FF0F105000001050800010505A
:1075A0000001105010B501F0D7FD10BD10B57F20BF
:1075B0000C0020404000E409110000191A00034BA0
:1075C0004001C01800F05AF8012010BDF0BA0020A8
:1075D0007F23180000B5084083B00B4204D14B4212
:1075E0004B41084A013393668022C9094000064B8B
:1075F000401840010021C018120101F085FD03B0C0
:1076000000BDC04600201150F0BA00207F221300B8
:1076100010B50B400A4200D110BDC9095B005B18D0
:1076200004485B01C018002300220349C37001F025
:107630006BFDF1E7F0BA0020FFF7FFFF80220A4B55
:10764000520410B51A60094B09491A6010000B6802
:107650009843FBD18022002152010648FDF7E2FC4D
:107660000922054B5A6710BD00E0004000F00040C1
:1076700008C000400000105000001150002310B559
:10768000C3820133828283760161040001F044FDEC
:10769000002804D080219023074A8902D15020007D
:1076A00001F04AFD002802D00123237710BD2000FD
:1076B00001F062FDFAE7C046002011507047C04655
:1076C0007047C04600207047002070477047C04692
:1076D0007047C0467047C0467047C046024B587856
:1076E000431E9841C0B2704768160020024B1878BC
:1076F0004007C00F7047C04668160020F0B5D64658
:107700004F464646C0B52D4B07009A461B780E00E3
:10771000FF2B4DD100293ED0002154222848FDF7EF
:1077200081FC0022274C284B20001A70FBF716FC26
:10773000264B1C60264C2000143CFBF71DFC20004F
:1077400001F0A8FB234B244D1C60244B002B04D0DC
:107750002800FFF71BFE224B1860224A00249146A6
:107760001F4A2B7890460EE043461B6862019B1827
:10777000002B10D05B68002B0DD0984701342B787C
:10778000E4B2A34209D3A342EED8E31A5B014B440F
:107790005B68002BF1D100200BE05346310038002C
:1077A0001F70FFF70FFE0028F5D03800FFF752FEDC
:1077B0000120E0BCBA46B146A846F0BD2411002025
:1077C000681600206016002068BF0020BC1600204C
:1077D0001C110020C016002066BF00208D73001011
:1077E000B8140020BC3F0110F0B5DE4657464E46A7
:1077F0004546E0B5C94B91B003931B78FF2B00D1F0
:1078000045E1C74BC74E9B465F46C74B0DAC029345
:10781000C64B019335686A69EFF3108172B613683D
:10782000002BFCD0BFF35F8FA9612800210001F07D
:1078300061F96A69AB69BFF35F8F0021116083F35F
:107840001088002800D122E16378082BE2D89B0041
:10785000FB589F466368002BDCD0A0689847D9E7A7
:107860007F222179B04D0A405300EB189846C80991
:10787000804440460123303005799D4305710579E8
:1078800003339D430571002A00D107E14346A84A0E
:107890001B7D1278934200D3F7E0A64A5B0115687E
:1078A000ED18002D00D1F2E0A36862792078AD696F
:1078B000A847AFE7A04A1378002B00D1E7E0137880
:1078C000013BDBB213701378002BA3D10122964D3C
:1078D00001212B78042013432B703423EA5C8A4364
:1078E000EA54EA5C8243EA540133EA5C8A43EA548C
:1078F000EA5C8243EA54237800209B4600F08AFC2D
:10790000602223791A40602A00D1F2E0402A00D197
:10791000F8E0DB06DB0E012B00D115E1022B00D1D4
:10792000CBE0002B00D0E4E0202A00D10FE2002AB7
:1079300000D0DEE06379092B00D9DAE07F4A9B00B2
:10794000D3589F46784D2B78DB0700D462E7FFF7CA
:10795000C3FE5FE7029BDB78DB0700D45AE7606871
:10796000FFF7AEFE56E7704D2B78DB0700D451E7EA
:1079700028780007C00FFFF7ADFE4BE723786B4A6E
:10798000994693466A4B6B4A984692463A000025C0
:1079900047461B78B0464E4691460EE053461B685C
:1079A0006A019B18002B00D17EE0DB68300098470D
:1079B00001353B78EDB2AB420CD3AB42EED8EB1ABB
:1079C0005B015B44DB683000984701353B78EDB2E2
:1079D000AB42F2D2544D542200212800FDF722FB85
:1079E0001022FF21281DFDF71DFB28002022FF216A
:1079F000143046464F46FDF715FB00F001FC237995
:107A0000AB7007E723784B4A9946494B9246984614
:107A10003200BB464E460025474691461B780DE096
:107A200053461B686A019B18002B41D0DB6830006D
:107A3000984701353B78EDB2AB420ED39D42EFD370
:107A4000019AEB1A94465B016344DB683000984767
:107A500001353B78EDB2AB42F0D2029D54220021B9
:107A60002800FDF7DFFA1022FF213548FDF7DAFA8A
:107A700028002022FF2114304E465F46FDF7D2FA3F
:107A800000F0BEFBFFF724FEC4E6934213D011B012
:107A9000F0BCBB46B246A946A046F0BDA3686279D9
:107AA000207800F0CBFBB5E646464F461E4DA4E7D6
:107AB0004E465F46E4E71D4DF6E67023217A0B4201
:107AC00017D1C80982460F330B405B00984618480F
:107AD000EB1853441B7D0078834260D215485B014C
:107AE000006881469944002A00D14FE14B46002BA3
:107AF0005DD120780021FFF76BFD80212078FFF712
:107B000067FD87E60F4800F085FB012158460EAA65
:107B1000FFF722FC002800D07CE6EAE724110020D1
:107B2000143F0110C016002068160020BC3F011051
:107B300066BF0020B814002068BF0020383F011045
:107B40006C16002059730010237A0F2BD1D8D64A17
:107B5000EB181B791278934234D3CAD1D34D68699C
:107B600000F058FB012158466B690EAA984700287F
:107B700000D04FE66022150023791D401A42B8D18B
:107B800063790A3B012BB4D800F044FB63790A2BDC
:107B900000D17FE158460EA900F0C8FA3AE68342C8
:107BA00000D0EEE0C14B9946002A00D1EEE04B46F2
:107BB000586900F02FFB4B46012158465B690EAA1D
:107BC0009847A7E7BA4A5B011568ED18002DC6D1A2
:107BD0008FE7A37999466B789945DBD06B78002BBA
:107BE00000D02AE14B466B70002B00D122E14846C1
:107BF0000138C0B2FFF724FA002800D174E14378BD
:107C00000793022B00D06FE10122C179B1468B119D
:107C1000491113400A40302112015B0113432A78B5
:107C2000A8468A4313432B7009239A46824456463A
:107C3000BA46C37882781B021343C31805939A4B44
:107C400004939A4B08939A4B09939A4B0A93059B7A
:107C5000B34200D84BE1737801220B2B03D1337868
:107C6000F278F6187378042B00D03AE1059B0027D0
:107C70009B1B9BB20693049B0B921D7819E0099AFB
:107C80007B011568ED18002D00D12AE1310058461E
:107C90002B69069A98478446082803D9069A824297
:107CA00000D30BE1049B01371D78FFB2BD4200D227
:107CB00017E1BD42E3D8089B7D1B9C466D016544DE
:107CC000E4E76B780CAA02321370584601230EA920
:107CD00000F042FA9EE5E3881A0AD8B20F2A00D9CA
:107CE00007E775499300CB589F460EA800F098FA15
:107CF0005846A179FFF7B4FB02222B7813432B706F
:107D000088E5E388012B00D0F3E608222B7858465B
:107D100093430EA92B7000F009FA7BE50220297825
:107D20000CAB9A1C8B068908DB0F01400B431380B8
:107D3000584602230EA900F00FFA6BE5E388012BE9
:107D400000D0D6E608222B7813432B7022E7237A43
:107D50000F2B00D9CDE6544AEB181B7912789342C9
:107D600028D2534A5B011568ED18002D00D1C0E6FA
:107D7000686900F04FFA012158466B690EAA9847CE
:107D8000C8E6002A00D0B4E60023994662790220B2
:107D9000130004928343012B11D0002A00D0A8E6DF
:107DA0002B004344534430331B790CAA9B07DB0F51
:107DB0000232BCE7934200D09BE63C4DD8E7E38813
:107DC000002B12D1039B1878049B012B23D0FFF7C3
:107DD000FFFB43460221EB18534430331A790A4320
:107DE00001211A711A790A431A714B46002B00D1EE
:107DF00010E5586900F00EFA4B4601215B690EAAA6
:107E000058469847002000F005FA3523EB5CDB0765
:107E100000D5FFE4BEE6FFF7F9FB43460221EB186D
:107E2000534430331A798A431A711A7904998A4370
:107E30001A71DAE7FFF74CFCACE600215846FFF771
:107E400019FB5846FFF7AEFB00229246174AAB7863
:107E50000592174A049306922A00134B55469846FA
:107E600092461B780EE0069B6A011B689B18002B4C
:107E700056D0DB6858469847434601351B78EDB22B
:107E8000AB4239D3AB42EED8059AEB1A94465B016C
:107E90006344EEE70CAB9A1C584601230EA91570FB
:107EA00000F05AF9B6E4C04666BF0020BC3F01109E
:107EB000B81400207C160020603F01100B9A012AA4
:107EC0004DD0002A3CD00023B07804E00133DBB26F
:107ED0000F71934234D2C118C9B241440D79FF2DBC
:107EE000F4D04E464546574600236B7001E64E4699
:107EF0005746FFF7EBFB4DE655465422002128007C
:107F0000FDF790F81022FF21281DFDF78BF82800BF
:107F10002022FF211430FDF785F8049BAB7061E649
:107F20005546FAE7FFF714FA021E00D1E1E5D378CF
:107F300091781B020B4358460EA900F00DF9E9E5B4
:107F400065463B0031002A000A9800F04FFDAC4620
:107F5000049B66441B78BB4200D378E6C1E7174B0D
:107F600029699942AFD1079AADE7FFF7ABFB021E33
:107F700000D1BEE5584613780EA900F0EDF8C9E52A
:107F80002189FFF761F8021EF4D1B2E5022A0FD071
:107F9000FFF79AFB021ECAD1ABE5FFF74DF8021EB0
:107FA00000D1A6E5122358460EA900F0D5F8B1E598
:107FB000FFF746F8021EBAD19BE5C04611860010B5
:107FC000F8B557464E46DE4645460C00E0B516006D
:107FD0001F00002A3CD0702398461E4B00259B466C
:107FE0001D4B9A461AE05B461B7820009946534683
:107FF000997800F0BDFC00281CD021004846FFF70E
:1080000055FA002816D0A378DA09012A19D00A9A5D
:10801000013513702378E418B54219DA6378052B1B
:1080200008D1E3789B079B0FBB4203D14246A3785C
:108030001A42D8D00020F0BCBB46B246A946A046A2
:10804000F8BD0B9A013513702378E418B542E5DBCF
:108050000120F0E72411002068160020702270B57E
:108060008B780C001A4201D0002070BD064B200016
:108070001D78064B997800F07BFC0028F4D0210095
:108080002800FFF713FAF0E72411002068160020FB
:108090000B007F2010B51840DB0934334000044A40
:1080A000C018044B1168C01800F01EFC10BDC0467B
:1080B000BC160020681600200B007F2010B5184069
:1080C000DB0934334000044AC018044B1168C0185F
:1080D00000F032FC10BDC046BC160020681600201F
:1080E00070B57F240F480C4064000419CD09641951
:1080F00030342079C00701D5002070BD01262579D4
:108100000948354300782571FFF750FA0028F4D16B
:1081100001222379934323712379033293432371FB
:10812000EAE7C046681600202411002070B5094C0B
:108130000600082220000D00FCF77AFF00238021B2
:10814000E360A3602B783000994300220023FFF7FF
:10815000C7FF70BD48160020F8B5CE46474690468A
:10816000254E80B58146082230000D001F00FCF727
:108170005FFF4346B3600023F381EC79AB792402BF
:108180001C43231CBC4200D93B1C9FB2B381002C72
:108190000DD0002F17D04246002A2BD0402F1BD8DD
:1081A0009FB233787F2B1CD80021144A0FE0802126
:1081B0002B780022994348460023FFF791FFC0BC6B
:1081C000B946B046F8BD7F230022317899433B0081
:1081D0004846FFF785FFF2E740239FB233787F2BB5
:1081E000E2D9064C3A0041462000FCF721FF8021ED
:1081F0002200ECE70020E2E74816002008160020E5
:1082000010B5142200210248FCF70CFF10BDC04637
:1082100048160020014B18617047C04648160020E0
:1082200010B5054C010008222000FCF701FF0023D7
:10823000A360E36010BDC0464816002070B5384CFE
:108240001D0023780600DA09C9098A4210D00020EF
:10825000002D00D070BD21003000FFF719F923690F
:10826000002B03D022000321300098470120F1E7C2
:108270007F2B06D8A068002834D02A002949FCF7B3
:10828000D7FEE289A1685219E38892B24919E281C6
:10829000A160934214D03F2D12D9A389981A051CCE
:1082A00080B240282AD82078ADB27F2828D8002173
:1082B0009A4232D01B4A2B003000FFF711FFC9E76A
:1082C0002369002B05D022000221300098470028A6
:1082D0000AD0802123780022994330000023FFF741
:1082E000FFFEB7E70020B5E700213000FFF770F987
:1082F00030008021FFF76CF90120ABE74025D2E781
:108300009A4207D0074C2A002000FCF791FE8021FA
:108310002200D0E780210022CDE70022CBE7C04633
:10832000481600200816002070B50400FFF7D6F9A3
:10833000002800D170BDFFF7D9F90028FAD1C82371
:108340006343124DEE18F1780029F3D010335D1914
:10835000280000F0B9FB3F28ECD90020F178FFF7A6
:1083600097FE0028E6D0280000F0AEFBF1783F2809
:1083700007D9074BE201D21800204023FFF7B0FED7
:10838000D8E70020FFF798FED4E7C046401500204C
:10839000BC14002010B50400FFF7A0F9002801D19B
:1083A000002010BDFFF7A2F90028F9D1C8226243CE
:1083B000024B01309B181B791840F2E74015002052
:1083C000C82310B543430248181800F05FFB10BDE6
:1083D00050150020F8B5C824802344431C4F1034A6
:1083E00005003C195B029A4200D31A4A200092B25F
:1083F00000F0CEFB0600FFF771F9002801D1300034
:10840000F8BDFFF773F90028F9D1C8236B43FF18B3
:10841000FB78002BF3D0200000F056FB3F28EED96C
:108420000020F978FFF734FE0028E8D0200000F0A3
:108430004BFBF9783F2807D9074BEA01D2180020F7
:108440004023FFF74DFEDAE70020FFF735FED6E7C1
:1084500040150020FFFF0000BC140020F8B5040008
:10846000FFF73CF9002801D10020F8BDFFF73EF9E5
:108470000028F9D1C82565432E00134F2436F6197C
:10848000300000F003FB0028EED07F190020B978FF
:10849000FFF7FEFD0028E7D00C4DE4016519290027
:1084A0004022300000F074FBB978041E08D00300AD
:1084B0002A000020FFF714FE0028D5D02000D4E7C2
:1084C0000020FFF7F9FDCFE740150020FC14002045
:1084D00070B5C82444430C4B0500E41880235B02AC
:1084E0009A4200D3094A200092B200F017FC06001D
:1084F000200000F0CBFA3F2801D8300070BD2800E2
:10850000FFF7ACFFF9E7C04664150020FFFF00004D
:10851000C82310B543430248181800F0D5FA10BD1F
:1085200064150020F0B50025184C83B0C822002146
:108530002000FCF777FD164B21001D70FF236371AF
:10854000E1235B02A360200008234022A37338319B
:108550000095073B103000F063FA2700012321004B
:1085600020002600402278310093B837243000F0F4
:1085700057FAC0363800FAF7F1FC3000FAF7EEFC93
:10858000E56127622663656303B0F0BD40150020F6
:108590003C1500200A4A116B136A00290CD0002BED
:1085A00007D00023D36153631363002313620120B8
:1085B000704753631363FAE7002BF8D0D161F4E7F7
:1085C0004015002070B50F4C052200212000FCF75B
:1085D00029FD0D4D2B78DA0707D50C4C9B070CD5E0
:1085E0000121200000F076FC70BD2000103000F06A
:1085F00051FC2B78054C9B07F2D4200000F04AFC7C
:10860000EEE7C046401500203C1500206415002010
:10861000F0B54B79060083B0022B02D18B79022B87
:1086200003D00025280003B0F0BD204FBB78002BFD
:10863000F7D18B7809253B700C780C196378242BC3
:1086400007D00CE02378E4185D196378ADB2242BD1
:1086500005D19542F6D90020FFF766FEE2E71A0041
:10866000052B15D0042AF6D163790A2BF3D1104BD0
:10867000277801930133009330000223E119023A75
:10868000FFF79EFC0028CCD00E35ED19ADB2E2E725
:1086900021003000FFF7E2FC0028C2D0A3787B70F5
:1086A00023785D19E4186278ADB2DBE7401500204D
:1086B00042150020F8B5602314001278050013401D
:1086C0000020202B07D1304A6379277916781B02C6
:1086D0003B439E4200D0F8BD6378222B1AD007D8C6
:1086E000202B34D0212BF6D101293ED00120F2E7F6
:1086F000232BF0D1012940D00329F7D1234B002BA4
:10870000F4D0E178A37809020020194300E000BF0B
:108710000120E0E7012930D00329E7D101252E000F
:10872000A378E478023924021C43147126402432D1
:108730001000714000F0CEFB154B002BD6D0620824
:10874000002031002A4000E000BF0120C3E70129DA
:108750000BD00329CAD10F4B002BC7D00832002001
:108760001100FEF719FE0120B5E7072321002800BC
:10877000094AFFF7F1FC0120ADE721002800FFF7CF
:10878000D5FC0120A7E7C0464015002000000000EE
:10879000000000009973001048150020F0B54F4606
:1087A0004646D646C0B5364D8046EA780C001F00D6
:1087B0008A423CD0AB788B4210D00020E0BCBA4655
:1087C000B146A846F0BD2F4B002B04D02E4800F038
:1087D00073F9002851D00020FFF7A6FDAB78A34223
:1087E00001D00120EAE7294B002B02D0002000E055
:1087F00000BF0020FFF732FE0028F2D1244C2000F9
:1088000000F044F90028ECD1002FEAD0BF06E8D1EF
:10881000243C4046A178FFF73BFC0028E1D0002330
:1088200000224046A178FFF75BFC0120C6E79AB220
:1088300010239A46174EAA443100504600F06EFAB3
:10884000154B002BBFD06B79FF2BBCD0002FBAD0BB
:10885000F219914603E001364E45B4D06B79327877
:108860009A42F8D1504600F027F90028F3D1534638
:10887000103B597900E000BFEDE700E000BFAAE738
:1088800040150020000000005015002000000000EE
:1088900064150020BC1400200000000000B5030097
:1088A00083B0002910D00020012B07D80A78002AB5
:1088B00004D00C48C2540120012A01D003B000BDED
:1088C0001800FEF71BFFF9E701236A46002001A903
:1088D0009380FEF713FF0028F0D00122014B1A709D
:1088E000ECE7C0465C160020037870B5DB07040097
:1088F0000E00DD0F002B17D103785B0701D5280090
:1089000070BD01213000494200F046FC2378DB07AE
:10891000DD0F002B0AD123785B0708D404222378CB
:1089200001251343237002E00025E8E7002530000D
:1089300000F00AFCE3E7C04670B50C000121060018
:108940004942200000F028FC33785B07DD0F002B44
:1089500004DB200000F0F8FB280070BD3378DB0753
:1089600004D40422337893433370F2E70025F0E710
:10897000437902791B021343C2785B0592075B0DB2
:10898000920F022A1DD0032A0CD00020012A08D100
:1089900002394A425141124A944661449942404147
:1089A000C0B2704702394A1E91410E4A49421140F5
:1089B0008022D20094460020614499424041C0B2D6
:1089C000EFE7022905D0002040229A424041C0B280
:1089D000E7E7054A981843425841C0B2E1E7C0466C
:1089E000FF03000040FCFFFF00FEFFFF8A1870B588
:1089F000914207D27F264C78052C04D00C780919B7
:108A00008A42F8D870BD34008D782C406400041977
:108A1000ED0963550C7809198A42ECD8F2E7C04693
:108A2000F0B5C64600B504006846057E802088463D
:108A300017001E000002824226D8E068002803D0FA
:108A40000121494200F0A8FB2069002803D0012140
:108A5000494200F0A1FB4346236073045B0CED0325
:108A60001D430023E0686381A780E58023810028FF
:108A700001D000F069FB2069002801D000F064FB00
:108A8000012080BCB846F0BD0020FAE710B504898B
:108A900041898288A3B288B28C4207D31B1A9BB249
:108AA000101C9A4200D9181C80B210BD5100091A3E
:108AB0005B189BB2F4E7C04603894089181A434209
:108AC0005841C0B27047C04610B5048941898288B8
:108AD000A3B288B28C4207D31B1A9BB200209A42E1
:108AE00001D9D21A90B210BD5100091A5B189BB27D
:108AF000F4E7C04670B5040000690E00002803D0FA
:108B00000121494200F048FB25896089A288A9B269
:108B100083B2854232D3CD1AADB2002D28D0AA42FD
:108B200008D291422FD3891A8BB263819A4203D81B
:108B30009B1A9BB29A42FBD9E28821685204520CDC
:108B400053433000C918FCF773FA63890125591C97
:108B500089B2A2888B420DD900215200891A89B2AC
:108B600020696181002801D000F0EEFA280070BD74
:108B7000618989B252009142F2DBEFE75500ED1AAC
:108B80004D19ADB2C9E789188BB26381CEE7C046F3
:108B9000F0B546464F46D646C0B506000069894640
:108BA0009046002803D00121494200F0F5FA3189AE
:108BB0007289B5888BB294B2914254D31F1BBFB255
:108BC000002F4AD0BD4205D2AB4251D25B199CB2B4
:108BD0002F0074814346B8453DD89FB2A54203D8C3
:108BE000641BA4B2A542FBD9F28831685204520C2E
:108BF000904662432B1B9BB2891842469F4225D95F
:108C000053439BB21A0048469A46FCF711FA434672
:108C100048467D1B64195C4331685044A2B2FCF79E
:108C200007FA7189B588CB199BB26A00994216D9A7
:108C30009B1A9BB230697381002801D000F084FA3E
:108C40003800E0BCBA46B146A846F0BD48467A4373
:108C5000FCF7EEF9E5E73B1CBFE773899BB26A00BE
:108C60009342E7DBE4E76F003F1BDF19BFB2A7E7E2
:108C70005B1B9CB2ACE7C046F8B50400C0680E00B0
:108C8000002803D00121494200F086FA2589208975
:108C90006189A288ADB283B28FB2884229D3DB1B2F
:108CA0009BB29A4209D8E779FF0906D1E06800280B
:108CB00001D000F049FA3800F8BD2B0095421DD3D1
:108CC0009B1A9BB29342FBD2E28820685204520C5A
:108CD00053433100C018FCF7ABF96B1C9BB2A28860
:108CE0009D4217D9002352009B1A9BB20127238172
:108CF000DCE75100C91B5B189BB2D2E7E288206811
:108D00005204520C53433100C018FCF791F901355D
:108D1000A288ABB252009342E8DBE5E7F0B54E46DD
:108D20005746DE464546E0B589460600170083B043
:108D3000002A67D0C068002803D00121494200F012
:108D40002BFA3389F2799BB298467389B5889BB226
:108D5000D20940D198455ED26A00D31A43449BB2EF
:108D6000AB425DD2EB1A1A1C9BB2BB4200D93A1C33
:108D700097B27B1B9BB20193F3885B045B0C9A4612
:108D80004346DB199BB29B464446A84503D3641B6C
:108D9000A4B2AC42FBD25346634330682D1BADB244
:108DA000C018BD424BD3524649467A43FCF740F9BE
:108DB000B3885B00D84501D89B4503DB5A46D31ADC
:108DC0009BB29B465B463D003381F06800281AD079
:108DD00000F0BAF917E0F2885204520C9246AF4202
:108DE00020D298454DD34246D21A92B26900781BE0
:108DF00080B2D21901908A4233DA4346FB189BB203
:108E00009B46C1E70025280003B0F0BCBB46B24634
:108E1000A946A046F0BD4246D31A9BB2AB42A1D3AD
:108E20000025D2E7002DD0D07F1B574398465A1912
:108E3000002392B2B94493462F000193A4E753460E
:108E40005D43ADB22A004946FCF7F2F8019B2900C8
:108E5000E21853465A43306892B24944FCF7E8F8A6
:108E6000A6E75A1992B29346D21B92B29046934209
:108E70000CD94346591A8BB29846FB189BB29B46B5
:108E800082E76900CA1A424492B2B0E7914200DD1B
:108E90007AE7EEE710B50400C068002803D001218E
:108EA000494200F079F92069002803D001214942A4
:108EB00000F072F90023E06863812381002801D06B
:108EC00000F042F92069002801D000F03DF90120AE
:108ED00010BDC04670B50400C0680D00002803D066
:108EE0000121494200F058F92069002803D00121EE
:108EF000494200F051F97F21E379ED011940E06822
:108F00002943E171002801D000F01EF920690028F2
:108F100001D000F019F9012070BDC04601230121E4
:108F2000084A1360084A1360084A08001368984307
:108F3000FBD1074A11608021490013680B42FCD025
:108F40007047C04600E0004000F0004008C000400C
:108F500000C0044010B5034B01001800024AF9F7A5
:108F60005DFD10BD5EBF0020B8950010F0B54E4607
:108F70008146484BDE464B445A1E93418022574659
:108F8000454692029446E0B55B421B0C424A1B04E4
:108F9000634485B01360414A0C00414913601800D6
:108FA0000A689043FBD180460620FAF7E9FD4B465C
:108FB0005A6802231A4001924A46009080200432E7
:108FC0000292384AE70D4A446602136093463B001A
:108FD00032000225400007E00099914206D3023595
:108FE00092197B41854201D0002BF5D04346802663
:108FF0000393009B2F02AA4698467F1B760003E04E
:109000005346FF1A012E3FD0390040463500013E3D
:10901000FBF754F88442F3D22B0055469A4650464B
:109020003302984668434B4642461D611B688026C2
:109030005340FF227601120213404E4433608023D6
:109040009B019C46029A019B6244136002215C468C
:109050004B465B6821604C46276807246740C8344C
:109060003C40346003240B4013600F4B4B441C60A6
:10907000116001000098FBF721F805B0F0BCBB4679
:10908000B246A946A046F0BD5546039B2800984627
:10909000C9E7C0460000FCBF00E0004000F000400F
:1090A00008C00040043000002420000010B58307F1
:1090B0000AD00300032102E001330B4205D01A78E5
:1090C000002AF9D1181A10BD030019680C4A0D4C7A
:1090D0008A188A4322420FD15968094A04338A18F0
:1090E0008A43224208D15968054A04338A188A43C0
:1090F0002242F1D000E001331A78002AFBD1E1E7E7
:10910000FFFEFEFE8080808001B40248844601BCE0
:10911000604700BF7D0C002001B40248844601BCBA
:10912000604700BF150C002001B40248844601BC12
:10913000604700BF0101002001B40248844601BC21
:10914000604700BF3D0C002001B40248844601BCCA
:10915000604700BF2502002001B40248844601BCDC
:10916000604700BF3904002001B40248844601BCB6
:10917000604700BF550F002001B40248844601BC7F
:10918000604700BFCD0C002001B40248844601BCFA
:10919000604700BFC100002001B40248844601BC02
:1091A000604700BF9901002001B40248844601BC19
:1091B000604700BFA10F002001B40248844601BCF3
:1091C000604700BFA10F002001B40248844601BCE3
:1091D000604700BFD90200204D3E0010793E0010CC
:1091E0005D40001015500010194700103D4F001051
:1091F000853F0010953E0010B53E0010C93E00109E
:109200000D2F0010D13E0010F1320010153E00105D
:08921000412B0010C170001099
:109218002D25692E2569000025692E256900000085
:10922800256400004175746F63616C6962726174D2
:10923800696F6E0A0A000000436F75706C652069DB
:109248006E70757420746F2067726F756E640A543F
:1092580068656E2070726573732053656C656374FE
:10926800000000004F666673657420766F6C746149
:1092780067653A2000000000560A00004D696E201C
:10928800696E70757420766F6C746167653A20003A
:109298004D617820696E70757420766F6C746167A3
:1092A800653A20004D696E3A000000004D61783A39
:1092B8000000000050706B3A0000000056000000EB
:1092C80046726571000000006B487A00487A000019
:1092D8005472696700000000566469760000000057
:1092E800536C6F7065000000417474656E00000077
:1092F80075732F64000000006D732F640000000078
:10930800526973650000000046616C6C0000000043
:1093180078000000302E000053656E64696E672087
:109328006461746100000000207669612055415233
:10933800540000001B5B324A1B5B481B5B334A002E
:1093480057617665666F726D20547970652C414E51
:10935800414C4F470A0D0000486F72697A6F6E746E
:10936800616C20556E6974732C730A0D000000003F
:1093780053616D706C6520496E74657276616C2CF2
:109388002573452D30360A0D000000005265636FC5
:109398007264204C656E6774682C25640A0D0000A1
:1093A8005A65726F20496E6465782C25640A0D0031
:1093B800566572746963616C20556E6974732C56B6
:1093C8000A0D00002C0A0D4C6162656C732C0A0DA5
:1093D8000000000054494D452C4348310A0D000057
:1093E8004D6F64656C2C54656B73636F7065535770
:1093F8000A0D00004C6162656C2C4348310A0D006F
:109408002573452D30362C25730A0D004265676992
:109418006E57617665210A0D0000000025730A0D5C
:109428000000000025640A0D0000000053656E640A
:1094380057617665436F6D706C657465210A0D0020
:109448000A2A2A2A2050414E4943202A2A2A0A0059
:109458004E6F207370696E6C6F636B7320617265F9
:1094680020617661696C61626C6500004E6F2075E1
:10947800736572204952517320617265206176616B
:10948800696C61626C65000048617264776172653D
:1094980020616C61726D20256420616C7265616465
:1094A8007920636C61696D656400000048617264CD
:1094B800206173736572740052656C656173650031
:1094C800626F6F74325F7732357130383000000068
:1094D800322E332E310000007069636F00000000E7
:1094E80070692D7069636F2D73636F70650000007C
:1094F8004F6374202031203230323600666E692B7B
:1095080000000000666E69006E616E00666E692D6F
:109518000000000055534220737464696E202F20A8
:109528007374646F7574000052617370626572724F
:1095380079205069000000005069636F0000000046
:10954800426F6172642043444300000052657365B2
:1095580074000000556E68616E646C656420495241
:109568005120307825780A0065702025303258203F
:1095780077617320616C72656164792061766169D5
:109588006C61626C6500000043616E277420636F34
:109598006E74696E75652078666572206F6E2069D5
:1095A8006E616374697665206570202530325800D5
:1095B800444D41206368616E6E656C2025642069A6
:1095C8007320616C726561647920636C61696D6593
:1095D800640000000F0000001000000011000000EF
:1095E80000000000003E5B4F5B3E3E6B4F6B3E1C35
:1095F8003E7C3E1C183C7E3C181C577D571C1C5E4C
:109608007F5E1C00183C1800FFE7C3E7FF00182422
:109618001800FFE7DBE7FF30483A060E26297929CC
:1096280026407F050507407F05253F5A3CE73C5A01
:109638007F3E1C1C08081C1C3E7F14227F22145FDE
:109648005F005F5F06097F017F006689956A606039
:1096580060606094A2FFA29408047E040810207E33
:10966800201008082A1C08081C2A08081E101010B8
:10967800100C1E0C1E0C30383E3830060E3E0E06FE
:10968800000000000000005F000000070007001451
:109698007F147F14242A7F2A122313086462364910
:1096A8005620500008070300001C224100004122F8
:1096B8001C002A1C7F1C2A08083E080800807030FD
:1096C800000808080808000060600020100804026C
:1096D8003E5149453E00427F400072494949462172
:1096E80041494D331814127F1027454545393C4AE6
:1096F80049493141211109073649494936464949FD
:10970800291E000014000000403400000008142244
:1097180041141414141400412214080201590906B2
:109728003E415D594E7C1211127C7F494949363EB3
:10973800414141227F4141413E7F494949417F0999
:109748000909013E414151737F0808087F00417FA4
:1097580041002040413F017F081422417F404040A2
:10976800407F021C027F7F0408107F3E4141413E3A
:109778007F090909063E4151215E7F0919294626BC
:109788004949493203017F01033F4040403F1F20C0
:1097980040201F3F4038403F631408146303047897
:1097A80004036159494D43007F41414102040810B7
:1097B80020004141417F04020102044040404040F2
:1097C800000307080020545478407F284444383860
:1097D80044444428384444287F38545454180008D2
:1097E8007E090218A4A49C787F0804047800447DAC
:1097F80040002040403D007F1028440000417F4049
:10980800007C047804787C0804047838444444389C
:10981800FC1824241818242418FC7C08040408487C
:109828005454542404043F44243C4040207C1C20CD
:1098380040201C3C4030403C44281028444C909028
:10984800907C4464544C4400083641000000770082
:1098580000004136080002010204023C2623263C8F
:109868001EA1A161123A4040207A3854545559211A
:109878005555794122545478422155547840205402
:109888005579400C1E527212395555555939545450
:10989800545939555454580000457C410002457DBF
:1098A800420001457C407D1211127DF0282528F0E8
:1098B8007C545545002054547C547C0A097F493215
:1098C800494949323A4444443A324A4848303A418C
:1098D80041217A3A42402078009DA0A07D3D424235
:1098E800423D3D4040403D3C24FF2424487E4943BE
:1098F800662B2FFC2F2BFF0929F620C0887E090331
:1099080020545479410000447D413048484A323857
:109918004040227A007A0A0A727D0D19317D262983
:10992800292F28262929292630484D40203808087B
:10993800080808080808382F10C8ACBA2F102834AF
:10994800FA00007B000008142A142222142A1408A2
:109958005500550055AA55AA55AAFF55FF55FF00B1
:109968000000FF00101010FF00141414FF00101066
:10997800FF00FF1010F010F0141414FC001414F77A
:1099880000FF0000FF00FF1414F404FC1414171067
:109998001F10101F101F1414141F00101010F000B7
:1099A8000000001F101010101F10101010F01000F1
:1099B8000000FF101010101010101010FF10000001
:1099C80000FF140000FF00FF00001F10170000FC3C
:1099D80004F414141710171414F404F40000FF000E
:1099E800F714141414141414F700F7141414171497
:1099F80010101F101F141414F4141010F010F0009D
:109A0800001F101F0000001F14000000FC140000BD
:109A1800F010F01010FF10FF141414FF14101010A1
:109A28001F00000000F010FFFFFFFFFFF0F0F0F054
:109A3800F0FFFFFF0000000000FFFF0F0F0F0F0FE8
:109A48003844443844FC4A4A4A347E020206060234
:109A58007E027E0263554941633844443C04407E9B
:109A6800201E2006027E020299A5E7A5991C2A4914
:109A78002A1C4C7201724C304A4D4D30304878489F
:109A880030BC625A463D3E494949007E0101017E8B
:109A98002A2A2A2A2A44445F444440514A444040DE
:109AA800444A51400000FF0103E080FF000008081D
:109AB8006B6B083612362436060F090F060000189D
:109AC800180000001010003040FF0101001F0101C4
:109AD8001E00191D1712003C3C3C3C000000000011
:109AE800A0000000031D07062E2C292D2E2E373F1F
:109AF80000000210021C07123732292D29252B39A4
:109B08000001031005C80E008AEE00008A2A000032
:109B18000A00C500A2028407012C2D012C2D00008B
:109B2800012C2D0056210010402100103821001072
:109B380030210010582000100E220010F8210010CB
:109B48008021001078210010FA1F0010FFFFFFFF8E
:109B5800FFFFFFFFFFFFFFFFFFFFFFFFFFFFFFFF0D
:109B6800FFFFFFFFFFFFFFFFFFFFFFFFFFFFFFFFFD
:109B7800FFFFFFFFFFFFFFFFFFFFFFFFFFFFFFFFED
:109B8800FFFFFFFFFFFFFFFFFFFFFFFFFFFFFFFFDD
:109B9800FFFFFFFFFFFFFFFFFFFFFFFFFFFFFFFFCD
:109BA800FFFFFFFFFFFFFFFFFFFFFFFFFFFFFFFFBD
:109BB800FFFFFFFFFFFFFFFFFFFFFFFFFFFFFFFFAD
:109BC800FFFFFFFFFFFFFFFFFFFFFFFFFFFFFFFF9D
:109BD800FFFFFFFFFFFFFFFFFFFFFFFFFFFFFFFF8D
:109BE800FFFFFFFFFFFFFFFFFFFFFFFFFFFFFFFF7D
:109BF800FFFFFFFFFFFFFFFFFFFFFFFFFFFFFFFF6D
:109C0800FFFFFFFFFFFFFFFFFFFFFFFFFFFFFFFF5C
:109C1800FFFFFFFFFFFFFFFFFFFFFFFFFFFFFFFF4C
:109C2800FFFFFFFFFFFFFFFFFFFFFFFFFFFFFFFF3C
:109C3800FFFFFFFFFFFFFFFFFFFFFFFFFFFFFFFF2C
:109C4800FFFFFFFFFFFFFFFFFFFFFFFFFFFFFFFF1C
:109C5800FFFFFFFFFFFFFFFFFFFFFFFFFFFFFFFF0C
:109C6800FFFFFFFFFFFFFFFFFFFFFFFFFFFFFFFFFC
:109C7800FFFFFFFFFFFFFFFFFFFFFFFFFFFFFFFFEC
:109C8800FFFFFFFFFFFFFFFFFFFFFFFFFFFFFFFFDC
:109C9800FFFFFFFFFFFFFFFFFFFFFFFFFFFFFFFFCC
:109CA800FFFFFFFFFFFFFFFFFFFFFFFFFFFFFFFFBC
:109CB800FFFFFFFFFFFFFFFFFFFFFFFFFFFFFFFFAC
:109CC800FFFFFFFFFFFFFFFFFFFFFFFFFFFFFFFF9C
:109CD800FFFFFFFFFFFFFFFFFFFFFFFFFFFFFFFF8C
:109CE800FFFFFFFFFFFFFFFFFFFFFFFFFFFFFFFF7C
:109CF800FFFFFFFFFFFFFFFFFFFFFFFFFFFFFFFF6C
:109D0800FFFFFFFFFFFFFFFFFFFFFFFFFFFFFFFF5B
:109D1800FFFFFFFFFFFFFFFFFFFFFFFFFFFFFFFF4B
:109D2800FFFFFFFFFFFFFFFFFFFFFFFFFFFFFFFF3B
:109D3800FFFFFFFFFFFFFFFFFFFFFFFFFFFFFFFF2B
:109D4800FFFFFFFFFFFFFFFFFFFFFFFFFFFFFFFF1B
:109D5800FFFFFFFFFFFFFFFFFFFFFFFFFFFFFFFF0B
:109D6800FFFFFFFFFFFFFFFFFFFFFFFFFFFFFFFFFB
:109D7800FFFFFFFFFFFFFFFFFFFFFFFFFFFFFFFFEB
:109D8800FFFFFFFFFFFFFFFFFFFFFFFFFFFFFFFFDB
:109D9800FFFFFFFFFFFFFFFFFFFFFFFFFFFFFFFFCB
:109DA800FFFFFFFFFFFFFFFFFFFFFFFFFFFFFFFFBB
:109DB800FFFFFFFFFFFFFFFFFFFFFFFFFFFFFFFFAB
:109DC800FFFFFFFFFFFFFFFFFFFFFFFFFFFFFFFF9B
:109DD800FFFFFFFFFFFFFFFFFFFFFFFFFFFFFFFF8B
:109DE800FFFFFFFFFFFFFFFFFFFFFFFFFFFFFFFF7B
:109DF800FFFFFFFFFFFFFFFFFFFFFFFFFFFFFFFF6B
:109E0800FFFFFFFFFFFFFFFFFFFFFFFFFFFFFFFF5A
:109E1800FFFFFFFFFFFFFFFFFFFFFFFFFFFFFFFF4A
:109E2800FFFFFFFFFFFFFFFFFFFFFFFFFFFFFFFF3A
:109E3800FFFFFFFFFFFFFFFFFFFFFFFFFFFFFFFF2A
:109E4800FFFFFFFFFFFFFFFFFFFFFFFFFFFFFFFF1A
:109E5800FFFFFFFFFFFFFFFFFFFFFFFFFFFFFFFF0A
:109E6800FFFFFFFFFFFFFFFFFFFFFFFFFFFFFFFFFA
:109E7800FFFFFFFFFFFFFFFFFFFFFFFFFFFFFFFFEA
:109E8800FFFFFFFFFFFFFFFFFFFFFFFFFFFFFFFFDA
:109E9800FFFFFFFFFFFFFFFFFFFFFFFFFFFFFFFFCA
:109EA800FFFFFFFFFFFFFFFFFFFFFFFFFFFFFFFFBA
:109EB800FFFFFFFFFFFFFFFFFFFFFFFFFFFFFFFFAA
:109EC800FFFFFFFFFFFFFFFFFFFFFFFFFFFFFFFF9A
:109ED800FFFFFFFFFFFFFFFFFFFFFFFFFFFFFFFF8A
:109EE800FFFFFFFFFFFFFFFFFFFFFFFFFFFFFFFF7A
:109EF800FFFFFFFFFFFFFFFFFFFFFFFFFFFFFFFF6A
:109F0800FFFFFFFFFFFFFFFFFFFFFFFFFFFFFFFF59
:109F1800FFFFFFFFFFFFFFFFFFFFFFFFFFFFFFFF49
:109F2800FFFFFFFFFFFFFFFFFFFFFFFFFFFFFFFF39
:109F3800FFFFFFFFFFFFFFFFFFFFFFFFFFFFFFFF29
:109F4800FFFFFFFFFFFFFFFFFFFFFFFFFFFFFFFF19
:109F5800FFFFFFFFFFFFFFFFFFFFFFFFFFFFFFFF09
:109F6800FFFFFFFFFFFFFFFFFFFFFFFFFFFFFFFFF9
:109F7800FFFFFFFFFFFFFFFFFFFFFFFFFFFFFFFFE9
:109F8800FFFFFFFFFFFFFFFFFFFFFFFFFFFFFFFFD9
:109F9800FFFFFFFFFFFFFFFFFFFFFFFFFFFFFFFFC9
:109FA800FFFFFFFFFFFFFFFFFFFFFFFFFFFFFFFFB9
:109FB800FFFFFFFFFFFFFFFFFFFFFFFFFFFFFFFFA9
:109FC800FFFFFFFFFFFFFFFFFFFFFFFFFFFFFFFF99
:109FD800FFFFFFFFFFFFFFFFFFFFFFFFFFFFFFFF89
:109FE800FFFFFFFFFFFFFFFFFFFFFFFFFFFFFFFF79
:109FF800FFFFFFFFFFFFFFFFFFFFFFFFFFFFFFFF69
:10A00800FFFFFFFFFFFFFFFFFFFFFFFFFFFFFFFF58
:10A01800FFFFFFFFFFFFFFFFFFFFFFFFFFFFFFFF48
:10A02800FFFFFFFFFFFFFFFFFFFFFFFFFFFFFFFF38
:10A03800FFFFFFFFFFFFFFFFFFFFFFFFFFFFFFFF28
:10A04800FFFFFFFFFFFFFFFFFFFFFFFFFFFFFFFF18
:10A05800FFFFFFFFFFFFFFFFFFFFFFFFFFFFFFFF08
:10A06800FFFFFFFFFFFFFFFFFFFFFFFFFFFFFFFFF8
:10A07800FFFFFFFFFFFFFFFFFFFFFFFFFFFFFFFFE8
:10A08800FFFFFFFFFFFFFFFFFFFFFFFFFFFFFFFFD8
:10A09800FFFFFFFFFFFFFFFFFFFFFFFFFFFFFFFFC8
:10A0A800FFFFFFFFFFFFFFFFFFFFFFFFFFFFFFFFB8
:10A0B800FFFFFFFFFFFFFFFFFFFFFFFFFFFFFFFFA8
:10A0C800FFFFFFFFFFFFFFFFFFFFFFFFFFFFFFFF98
:10A0D800FFFFFFFFFFFFFFFFFFFFFFFFFFFFFFFF88
:10A0E800FFFFFFFFFFFFFFFFFFFFFFFFFFFFFFFF78
:10A0F800FFFFFFFFFFFFFFFFFFFFFFFFFFFFFFFF68
:10A10800FFFFFFFFFFFFFFFFFFFFFFFFFFFFFFFF57
:10A11800FFFFFFFFFFFFFFFFFFFFFFFFFFFFFFFF47
:10A12800FFFFFFFFFFFFFFFFFFFFFFFFFFFFFFFF37
:10A13800FFFFFFFFFFFFFFFFFFFFFFFFFFFFFFFF27
:10A14800FFFFFFFFFFFFFFFFFFFFFFFFFFFFFFFF17
:10A15800FFFFFFFFFFFFFFFFFFFFFFFFFFFFFFFF07
:10A16800FFFFFFFFFFFFFFFFFFFFFFFFFFFFFFFFF7
:10A17800FFFFFFFFFFFFFFFFFFFFFFFFFFFFFFFFE7
:10A18800FFFFFFFFFFFFFFFFFFFFFFFFFFFFFFFFD7
:10A19800FFFFFFFFFFFFFFFFFFFFFFFFFFFFFFFFC7
:10A1A800FFFFFFFFFFFFFFFFFFFFFFFFFFFFFFFFB7
:10A1B800FFFFFFFFFFFFFFFFFFFFFFFFFFFFFFFFA7
:10A1C800FFFFFFFFFFFFFFFFFFFFFFFFFFFFFFFF97
:10A1D800FFFFFFFFFFFFFFFFFFFFFFFFFFFFFFFF87
:10A1E800FFFFFFFFFFFFFFFFFFFFFFFFFFFFFFFF77
:10A1F800FFFFFFFFFFFFFFFFFFFFFFFFFFFFFFFF67
:10A20800FFFFFFFFFFFFFFFFFFFFFFFFFFFFFFFF56
:10A21800FFFFFFFFFFFFFFFFFFFFFFFFFFFFFFFF46
:10A22800FFFFFFFFFFFFFFFFFFFFFFFFFFFFFFFF36
:10A23800FFFFFFFFFFFFFFFFFFFFFFFFFFFFFFFF26
:10A24800FFFFFFFFFFFFFFFFFFFFFFFFFFFFFFFF16
:10A25800FFFFFFFFFFFFFFFFFFFFFFFFFFFFFFFF06
:10A26800FFFFFFFFFFFFFFFFFFFFFFFFFFFFFFFFF6
:10A27800FFFFFFFFFFFFFFFFFFFFFFFFFFFFFFFFE6
:10A28800FFFFFFFFFFFFFFFFFFFFFFFFFFFFFFFFD6
:10A29800FFFFFFFFFFFFFFFFFFFFFFFFFFFFFFFFC6
:10A2A800FFFFFFFFFFFFFFFFFFFFFFFFFFFFFFFFB6
:10A2B800FFFFFFFFFFFFFFFFFFFFFFFFFFFFFFFFA6
:10A2C800FFFFFFFFFFFFFFFFFFFFFFFFFFFFFFFF96
:10A2D800FFFFFFFFFFFFFFFFFFFFFFFFFFFFFFFF86
:10A2E800FFFFFFFFFFFFFFFFFFFFFFFFFFFFFFFF76
:10A2F800FFFFFFFFFFFFFFFFFFFFFFFFFFFFFFFF66
:10A30800FFFFFFFFFFFFFFFFFFFFFFFFFFFFFFFF55
:10A31800FFFFFFFFFFFFFFFFFFFFFFFFFFFFFFFF45
:10A32800FFFFFFFFFFFFFFFFFFFFFFFFFFFFFFFF35
:10A33800FFFFFFFFFFFFFFFFFFFFFFFFFFFFFFFF25
:10A34800FFFFFFFFFFFFFFFFFFFFFFFFFFFFFFFF15
:10A35800FFFFFFFFFFFFFFFFFFFFFFFFFFFFFFFF05
:10A36800FFFFFFFFFFFFFFFFFFFFFFFFFFFFFFFFF5
:10A37800FFFFFFFFFFFFFFFFFFFFFFFFFFFFFFFFE5
:10A38800FFFFFFFFFFFFFFFFFFFFFFFFFFFFFFFFD5
:10A39800FFFFFFFFFFFFFFFFFFFFFFFFFFFFFFFFC5
:10A3A800FFFFFFFFFFFFFFFFFFFFFFFFFFFFFFFFB5
:10A3B800FFFFFFFFFFFFFFFFFFFFFFFFFFFFFFFFA5
:10A3C800FFFFFFFFFFFFFFFFFFFFFFFFFFFFFFFF95
:10A3D800FFFFFFFFFFFFFFFFFFFFFFFFFFFFFFFF85
:10A3E800FFFFFFFFFFFFFFFFFFFFFFFFFFFFFFFF75
:10A3F800FFFFFFFFFFFFFFFFFFFFFFFFFFFFFFFF65
:10A40800FFFFFFFFFFFFFFFFFFFFFFFFFFFFFFFF54
:10A41800FFFFFFFFFFFFFFFFFFFFFFFFFFFFFFFF44
:10A42800FFFFFFFFFFFFFFFFFFFFFFFFFFFFFFFF34
:10A43800FFFFFFFFFFFFFFFFFFFFFFFFFFFFFFFF24
:10A44800FFFFFFFFFFFFFFFFFFFFFFFFFFFFFFFF14
:10A45800FFFFFFFFFFFFFFFFFFFFFFFFFFFFFFFF04
:10A46800FFFFFFFFFFFFFFFFFFFFFFFFFFFFFFFFF4
:10A47800FFFFFFFFFFFFFFFFFFFFFFFFFFFFFFFFE4
:10A48800FFFFFFFFFFFFFFFFFFFFFFFFFFFFFFFFD4
:10A49800FFFFFFFFFFFFFFFFFFFFFFFFFFFFFFFFC4
:10A4A800FFFFFFFFFFFFFFFFFFFFFFFFFFFFFFFFB4
:10A4B800FFFFFFFFFFFFFFFFFFFFFFFFFFFFFFFFA4
:10A4C800FFFFFFFFFFFFFFFFFFFFFFFFFFFFFFFF94
:10A4D800FFFFFFFFFFFFFFFFFFFFFFFFFFFFFFFF84
:10A4E800FFFFFFFFFFFFFFFFFFFFFFFFFFFFFFFF74
:10A4F800FFFFFFFFFFFFFFFFFFFFFFFFFFFFFFFF64
:10A50800FFFFFFFFFFFFFFFFFFFFFFFFFFFFFFFF53
:10A51800FFFFFFFFFFFFFFFFFFFFFFFFFFFFFFFF43
:10A52800FFFFFFFFFFFFFFFFFFFFFFFFFFFFFFFF33
:10A53800FFFFFFFFFFFFFFFFFFFFFFFFFFFFFFFF23
:10A54800FFFFFFFFFFFFFFFFFFFFFFFFFFFFFFFF13
:10A55800FFFFFFFFFFFFFFFFFFFFFFFFFFFFFFFF03
:10A56800FFFFFFFFFFFFFFFFFFFFFFFFFFFFFFFFF3
:10A57800FFFFFFFFFFFFFFFFFFFFFFFFFFFFFFFFE3
:10A58800FFFFFFFFFFFFFFFFFFFFFFFFFFFFFFFFD3
:10A59800FFFFFFFFFFFFFFFFFFFFFFFFFFFFFFFFC3
:10A5A800FFFFFFFFFFFFFFFFFFFFFFFFFFFFFFFFB3
:10A5B800FFFFFFFFFFFFFFFFFFFFFFFFFFFFFFFFA3
:10A5C800FFFFFFFFFFFFFFFFFFFFFFFFFFFFFFFF93
:10A5D800FFFFFFFFFFFFFFFFFFFFFFFFFFFFFFFF83
:10A5E800FFFFFFFFFFFFFFFFFFFFFFFFFFFFFFFF73
:10A5F800FFFFFFFFFFFFFFFFFFFFFFFFFFFFFFFF63
:10A60800FFFFFFFFFFFFFFFFFFFFFFFFFFFFFFFF52
:10A61800FFFFFFFFFFFFFFFFFFFFFFFFFFFFFFFF42
:10A62800FFFFFFFFFFFFFFFFFFFFFFFFFFFFFFFF32
:10A63800FFFFFFFFFFFFFFFFFFFFFFFFFFFFFFFF22
:10A64800FFFFFFFFFFFFFFFFFFFFFFFFFFFFFFFF12
:10A65800FFFFFFFFFFFFFFFFFFFFFFFFFFFFFFFF02
:10A66800FFFFFFFFFFFFFFFFFFFFFFFFFFFFFFFFF2
:10A67800FFFFFFFFFFFFFFFFFFFFFFFFFFFFFFFFE2
:10A68800FFFFFFFFFFFFFFFFFFFFFFFFFFFFFFFFD2
:10A69800FFFFFFFFFFFFFFFFFFFFFFFFFFFFFFFFC2
:10A6A800FFFFFFFFFFFFFFFFFFFFFFFFFFFFFFFFB2
:10A6B800FFFFFFFFFFFFFFFFFFFFFFFFFFFFFFFFA2
:10A6C800FFFFFFFFFFFFFFFFFFFFFFFFFFFFFFFF92
:10A6D800FFFFFFFFFFFFFFFFFFFFFFFFFFFFFFFF82
:10A6E800FFFFFFFFFFFFFFFFFFFFFFFFFFFFFFFF72
:10A6F800FFFFFFFFFFFFFFFFFFFFFFFFFFFFFFFF62
:10A70800FFFFFFFFFFFFFFFFFFFFFFFFFFFFFFFF51
:10A71800FFFFFFFFFFFFFFFFFFFFFFFFFFFFFFFF41
:10A72800FFFFFFFFFFFFFFFFFFFFFFFFFFFFFFFF31
:10A73800FFFFFFFFFFFFFFFFFFFFFFFFFFFFFFFF21
:10A74800FFFFFFFFFFFFFFFFFFFFFFFFFFFFFFFF11
:10A75800FFFFFFFFFFFFFFFFFFFFFFFFFFFFFFFF01
:10A76800FFFFFFFFFFFFFFFFFFFFFFFFFFFFFFFFF1
:10A77800FFFFFFFFFFFFFFFFFFFFFFFFFFFFFFFFE1
:10A78800FFFFFFFFFFFFFFFFFFFFFFFFFFFFFFFFD1
:10A79800FFFFFFFFFFFFFFFFFFFFFFFFFFFFFFFFC1
:10A7A800FFFFFFFFFFFFFFFFFFFFFFFFFFFFFFFFB1
:10A7B800FFFFFFFFFFFFFFFFFFFFFFFFFFFFFFFFA1
:10A7C800FFFFFFFFFFFFFFFFFFFFFFFFFFFFFFFF91
:10A7D800FFFFFFFFFFFFFFFFFFFFFFFFFFFFFFFF81
:10A7E800FFFFFFFFFFFFFFFFFFFFFFFFFFFFFFFF71
:10A7F800FFFFFFFFFFFFFFFFFFFFFFFFFFFFFFFF61
:10A80800FFFFFFFFFFFFFFFFFFFFFFFFFFFFFFFF50
:10A81800FFFFFFFFFFFFFFFFFFFFFFFFFFFFFFFF40
:10A82800FFFFFFFFFFFFFFFFFFFFFFFFFFFFFFFF30
:10A83800FFFFFFFFFFFFFFFFFFFFFFFFFFFFFFFF20
:10A84800FFFFFFFFFFFFFFFFFFFFFFFFFFFFFFFF10
:10A85800FFFFFFFFFFFFFFFFFFFFFFFFFFFFFFFF00
:10A86800FFFFFFFFFFFFFFFFFFFFFFFFFFFFFFFFF0
:10A87800FFFFFFFFFFFFFFFFFFFFFFFFFFFFFFFFE0
:10A88800FFFFFFFFFFFFFFFFFFFFFFFFFFFFFFFFD0
:10A89800FFFFFFFFFFFFFFFFFFFFFFFFFFFFFFFFC0
:10A8A800FFFFFFFFFFFFFFFFFFFFFFFFFFFFFFFFB0
:10A8B800FFFFFFFFFFFFFFFFFFFFFFFFFFFFFFFFA0
:10A8C800FFFFFFFFFFFFFFFFFFFFFFFFFFFFFFFF90
:10A8D800FFFFFFFFFFFFFFFFFFFFFFFFFFFFFFFF80
:10A8E800FFFFFFFFFFFFFFFFFFFFFFFFFFFFFFFF70
:10A8F800FFFFFFFFFFFFFFFFFFFFFFFFFFFFFFFF60
:10A90800FFFFFFFFFFFFFFFFFFFFFFFFFFFFFFFF4F
:10A91800FFFFFFFFFFFFFFFFFFFFFFFFFFFFFFFF3F
:10A92800FFFFFFFFFFFFFFFFFFFFFFFFFFFFFFFF2F
:10A93800FFFFFFFFFFFFFFFFFFFFFFFFFFFFFFFF1F
:10A94800FFFFFFFFFFFFFFFFFFFFFFFFFFFFFFFF0F
:10A95800FFFFFFFFFFFFFFFFFFFFFFFFFFFFFFFFFF
:10A96800FFFFFFFFFFFFFFFFFFFFFFFFFFFFFFFFEF
:10A97800FFFFFFFFFFFFFFFFFFFFFFFFFFFFFFFFDF
:10A98800FFFFFFFFFFFFFFFFFFFFFFFFFFFFFFFFCF
:10A99800FFFFFFFFFFFFFFFFFFFFFFFFFFFFFFFFBF
:10A9A800FFFFFFFFFFFFFFFFFFFFFFFFFFFFFFFFAF
:10A9B800FFFFFFFFFFFFFFFFFFFFFFFFFFFFFFFF9F
:10A9C800FFFFFFFFFFFFFFFFFFFFFFFFFFFFFFFF8F
:10A9D800FFFFFFFFFFFFFFFFFFFFFFFFFFFFFFFF7F
:10A9E800FFFFFFFFFFFFFFFFFFFFFFFFFFFFFFFF6F
:10A9F800FFFFFFFFFFFFFFFFFFFFFFFFFFFFFFFF5F
:10AA0800FFFFFFFFFFFFFFFFFFFFFFFFFFFFFFFF4E
:10AA1800FFFFFFFFFFFFFFFFFFFFFFFFFFFFFFFF3E
:10AA2800FFFFFFFFFFFFFFFFFFFFFFFFFFFFFFFF2E
:10AA3800FFFFFFFFFFFFFFFFFFFFFFFFFFFFFFFF1E
:10AA4800FFFFFFFFFFFFFFFFFFFFFFFFFFFFFFFF0E
:10AA5800FFFFFFFFFFFFFFFFFFFFFFFFFFFFFFFFFE
:10AA6800FFFFFFFFFFFFFFFFFFFFFFFFFFFFFFFFEE
:10AA7800FFFFFFFFFFFFFFFFFFFFFFFFFFFFFFFFDE
:10AA8800FFFFFFFFFFFFFFFFFFFFFFFFFFFFFFFFCE
:10AA9800FFFFFFFFFFFFFFFFFFFFFFFFFFFFFFFFBE
:10AAA800FFFFFFFFFFFFFFFFFFFFFFFFFFFFFFFFAE
:10AAB800FFFFFFFFFFFFFFFFFFFFFFFFFFFFFFFF9E
:10AAC800FFFFFFFFFFFFFFFFFFFFFFFFFFFFFFFF8E
:10AAD800FFFFFFFFFFFFFFFFFFFFFFFFFFFFFFFF7E
:10AAE800FFFFFFFFFFFFFFFFFFFFFFFFFFFFFFFF6E
:10AAF800FFFFFFFFFFFFFFFFFFFFFFFFFFFFFFFF5E
:10AB0800FFFFFFFFFFFFFFFFFFFFFFFFFFFFFFFF4D
:10AB1800FFFFFFFFFFFFFFFFFFFFFFFFFFFFFFFF3D
:10AB2800FFFFFFFFFFFFFFFFFFFFFFFFFFFFFFFF2D
:10AB3800FFFFFFFFFFFFFFFFFFFFFFFFFFFFFFFF1D
:10AB4800FFFFFFFFFFFFFFFFFFFFFFFFFFFFFFFF0D
:10AB5800FFFFFFFFFFFFFFFFFFFFFFFFFFFFFFFFFD
:10AB6800FFFFFFFFFFFFFFFFFFFFFFFFFFFFFFFFED
:10AB7800FFFFFFFFFFFFFFFFFFFFFFFFFFFFFFFFDD
:10AB8800FFFFFFFFFFFFFFFFFFFFFFFFFFFFFFFFCD
:10AB9800FFFFFFFFFFFFFFFFFFFFFFFFFFFFFFFFBD
:10ABA800FFFFFFFFFFFFFFFFFFFFFFFFFFFFFFFFAD
:10ABB800FFFFFFFFFFFFFFFFFFFFFFFFFFFFFFFF9D
:10ABC800FFFFFFFFFFFFFFFFFFFFFFFFFFFFFFFF8D
:10ABD800FFFFFFFFFFFFFFFFFFFFFFFFFFFFFFFF7D
:10ABE800FFFFFFFFFFFFFFFFFFFFFFFFFFFFFFFF6D
:10ABF800FFFFFFFFFFFFFFFFFFFFFFFFFFFFFFFF5D
:10AC0800FFFFFFFFFFFFFFFFFFFFFFFFFFFFFFFF4C
:10AC1800FFFFFFFFFFFFFFFFFFFFFFFFFFFFFFFF3C
:10AC2800FFFFFFFFFFFFFFFFFFFFFFFFFFFFFFFF2C
:10AC3800FFFFFFFFFFFFFFFFFFFFFFFFFFFFFFFF1C
:10AC4800FFFFFFFFFFFFFFFFFFFFFFFFFFFFFFFF0C
:10AC5800FFFFFFFFFFFFFFFFFFFFFFFFFFFFFFFFFC
:10AC6800FFFFFFFFFFFFFFFFFFFFFFFFFFFFFFFFEC
:10AC7800FFFFFFFFFFFFFFFFFFFFFFFFFFFFFFFFDC
:10AC8800FFFFFFFFFFFFFFFFFFFFFFFFFFFFFFFFCC
:10AC9800FFFFFFFFFFFFFFFFFFFFFFFFFFFFFFFFBC
:10ACA800FFFFFFFFFFFFFFFFFFFFFFFFFFFFFFFFAC
:10ACB800FFFFFFFFFFFFFFFFFFFFFFFFFFFFFFFF9C
:10ACC800FFFFFFFFFFFFFFFFFFFFFFFFFFFFFFFF8C
:10ACD800FFFFFFFFFFFFFFFFFFFFFFFFFFFFFFFF7C
:10ACE800FFFFFFFFFFFFFFFFFFFFFFFFFFFFFFFF6C
:10ACF800FFFFFFFFFFFFFFFFFFFFFFFFFFFFFFFF5C
:10AD0800FFFFFFFFFFFFFFFFFFFFFFFFFFFFFFFF4B
:10AD1800FFFFFFFFFFFFFFFFFFFFFFFFFFFFFFFF3B
:10AD2800FFFFFFFFFFFFFFFFFFFFFFFFFFFFFFFF2B
:10AD3800FFFFFFFFFFFFFFFFFFFFFFFFFFFFFFFF1B
:10AD4800FFFFFFFFFFFFFFFFFFFFFFFFFFFFFFFF0B
:10AD5800FFFFFFFFFFFFFFFFFFFFFFFFFFFFFFFFFB
:10AD6800FFFFFFFFFFFFFFFFFFFFFFFFFFFFFFFFEB
:10AD7800FFFFFFFFFFFFFFFFFFFFFFFFFFFFFFFFDB
:10AD8800FFFFFFFFFFFFFFFFFFFFFFFFFFFFFFFFCB
:10AD9800FFFFFFFFFFFFFFFFFFFFFFFFFFFFFFFFBB
:10ADA800FFFFFFFFFFFFFFFFFFFFFFFFFFFFFFFFAB
:10ADB800FFFFFFFFFFFFFFFFFFFFFFFFFFFFFFFF9B
:10ADC800FFFFFFFFFFFFFFFFFFFFFFFFFFFFFFFF8B
:10ADD800FFFFFFFFFFFFFFFFFFFFFFFFFFFFFFFF7B
:10ADE800FFFFFFFFFFFFFFFFFFFFFFFFFFFFFFFF6B
:10ADF800FFFFFFFFFFFFFFFFFFFFFFFFFFFFFFFF5B
:10AE0800FFFFFFFFFFFFFFFFFFFFFFFFFFFFFFFF4A
:10AE1800FFFFFFFFFFFFFFFFFFFFFFFFFFFFFFFF3A
:10AE2800FFFFFFFFFFFFFFFFFFFFFFFFFFFFFFFF2A
:10AE3800FFFFFFFFFFFFFFFFFFFFFFFFFFFFFFFF1A
:10AE4800FFFFFFFFFFFFFFFFFFFFFFFFFFFFFFFF0A
:10AE5800FFFFFFFFFFFFFFFFFFFFFFFFFFFFFFFFFA
:10AE6800FFFFFFFFFFFFFFFFFFFFFFFFFFFFFFFFEA
:10AE7800FFFFFFFFFFFFFFFFFFFFFFFFFFFFFFFFDA
:10AE8800FFFFFFFFFFFFFFFFFFFFFFFFFFFFFFFFCA
:10AE9800FFFFFFFFFFFFFFFFFFFFFFFFFFFFFFFFBA
:10AEA800FFFFFFFFFFFFFFFFFFFFFFFFFFFFFFFFAA
:10AEB800FFFFFFFFFFFFFFFFFFFFFFFFFFFFFFFF9A
:10AEC800FFFFFFFFFFFFFFFFFFFFFFFFFFFFFFFF8A
:10AED800FFFFFFFFFFFFFFFFFFFFFFFFFFFFFFFF7A
:10AEE800FFFFFFFFFFFFFFFFFFFFFFFFFFFFFFFF6A
:10AEF800FFFFFFFFFFFFFFFFFFFFFFFFFFFFFFFF5A
:10AF0800FFFFFFFFFFFFFFFFFFFFFFFFFFFFFFFF49
:10AF1800FFFFFFFFFFFFFFFFFFFFFFFFFFFFFFFF39
:10AF2800FFFFFFFFFFFFFFFFFFFFFFFFFFFFFFFF29
:10AF3800FFFFFFFFFFFFFFFFFFFFFFFFFFFFFFFF19
:10AF4800FFFFFFFFFFFFFFFFFFFFFFFFFFFFFFFF09
:10AF5800FFFFFFFFFFFFFFFFFFFFFFFFFFFFFFFFF9
:10AF6800FFFFFFFFFFFFFFFFFFFFFFFFFFFFFFFFE9
:10AF7800FFFFFFFFFFFFFFFFFFFFFFFFFFFFFFFFD9
:10AF8800FFFFFFFFFFFFFFFFFFFFFFFFFFFFFFFFC9
:10AF9800FFFFFFFFFFFFFFFFFFFFFFFFFFFFFFFFB9
:10AFA800FFFFFFFFFFFFFFFFFFFFFFFFFFFFFFFFA9
:10AFB800FFFFFFFFFFFFFFFFFFFFFFFFFFFFFFFF99
:10AFC800FFFFFFFFFFFFFFFFFFFFFFFFFFFFFFFF89
:10AFD800FFFFFFFFFFFFFFFFFFFFFFFFFFFFFFFF79
:10AFE800FFFFFFFFFFFFFFFFFFFFFFFFFFFFFFFF69
:10AFF800FFFFFFFFFFFFFFFFFFFFFFFFFFFFFFFF59
:10B00800FFFFFFFFFFFFFFFFFFFFFFFFFFFFFFFF48
:10B01800FFFFFFFFFFFFFFFFFFFFFFFFFFFFFFFF38
:10B02800FFFFFFFFFFFFFFFFFFFFFFFFFFFFFFFF28
:10B03800FFFFFFFFFFFFFFFFFFFFFFFFFFFFFFFF18
:10B04800FFFFFFFFFFFFFFFFFFFFFFFFFFFFFFFF08
:10B05800FFFFFFFFFFFFFFFFFFFFFFFFFFFFFFFFF8
:10B06800FFFFFFFFFFFFFFFFFFFFFFFFFFFFFFFFE8
:10B07800FFFFFFFFFFFFFFFFFFFFFFFFFFFFFFFFD8
:10B08800FFFFFFFFFFFFFFFFFFFFFFFFFFFFFFFFC8
:10B09800FFFFFFFFFFFFFFFFFFFFFFFFFFFFFFFFB8
:10B0A800FFFFFFFFFFFFFFFFFFFFFFFFFFFFFFFFA8
:10B0B800FFFFFFFFFFFFFFFFFFFFFFFFFFFFFFFF98
:10B0C800FFFFFFFFFFFFFFFFFFFFFFFFFFFFFFFF88
:10B0D800FFFFFFFFFFFFFFFFFFFFFFFFFFFFFFFF78
:10B0E800FFFFFFFFFFFFFFFFFFFFFFFFFFFFFFFF68
:10B0F800FFFFFFFFFFFFFFFFFFFFFFFFFFFFFFFF58
:10B10800FFFFFFFFFFFFFFFFFFFFFFFFFFFFFFFF47
:10B11800FFFFFFFFFFFFFFFFFFFFFFFFFFFFFFFF37
:10B12800FFFFFFFFFFFFFFFFFFFFFFFFFFFFFFFF27
:10B13800FFFFFFFFFFFFFFFFFFFFFFFFFFFFFFFF17
:10B14800FFFFFFFFFFFFFFFFFFFFFFFFFFFFFFFF07
:10B15800FFFFFFFFFFFFFFFFFFFFFFFFFFFFFFFFF7
:10B16800FFFFFFFFFFFFFFFFFFFFFFFFFFFFFFFFE7
:10B17800FFFFFFFFFFFFFFFFFFFFFFFFFFFFFFFFD7
:10B18800FFFFFFFFFFFFFFFFFFFFFFFFFFFFFFFFC7
:10B19800FFFFFFFFFFFFFFFFFFFFFFFFFFFFFFFFB7
:10B1A800FFFFFFFFFFFFFFFFFFFFFFFFFFFFFFFFA7
:10B1B800FFFFFFFFFFFFFFFFFFFFFFFFFFFFFFFF97
:10B1C800FFFFFFFFFFFFFFFFFFFFFFFFFFFFFFFF87
:10B1D800FFFFFFFFFFFFFFFFFFFFFFFFFFFFFFFF77
:10B1E800FFFFFFFFFFFFFFFFFFFFFFFFFFFFFFFF67
:10B1F800FFFFFFFFFFFFFFFFFFFFFFFFFFFFFFFF57
:10B20800FFFFFFFFFFFFFFFFFFFFFFFFFFFFFFFF46
:10B21800FFFFFFFFFFFFFFFFFFFFFFFFFFFFFFFF36
:10B22800FFFFFFFFFFFFFFFFFFFFFFFFFFFFFFFF26
:10B23800FFFFFFFFFFFFFFFFFFFFFFFFFFFFFFFF16
:10B24800FFFFFFFFFFFFFFFFFFFFFFFFFFFFFFFF06
:10B25800FFFFFFFFFFFFFFFFFFFFFFFFFFFFFFFFF6
:10B26800FFFFFFFFFFFFFFFFFFFFFFFFFFFFFFFFE6
:10B27800FFFFFFFFFFFFFFFFFFFFFFFFFFFFFFFFD6
:10B28800FFFFFFFFFFFFFFFFFFFFFFFFFFFFFFFFC6
:10B29800FFFFFFFFFFFFFFFFFFFFFFFFFFFFFFFFB6
:10B2A800FFFFFFFFFFFFFFFFFFFFFFFFFFFFFFFFA6
:10B2B800FFFFFFFFFFFFFFFFFFFFFFFFFFFFFFFF96
:10B2C800FFFFFFFFFFFFFFFFFFFFFFFFFFFFFFFF86
:10B2D800FFFFFFFFFFFFFFFFFFFFFFFFFFFFFFFF76
:10B2E800FFFFFFFFFFFFFFFFFFFFFFFFFFFFFFFF66
:10B2F800FFFFFFFFFFFFFFFFFFFFFFFFFFFFFFFF56
:10B30800FFFFFFFFFFFFFFFFFFFFFFFFFFFFFFFF45
:10B31800FFFFFFFFFFFFFFFFFFFFFFFFFFFFFFFF35
:10B32800FFFFFFFFFFFFFFFFFFFFFFFFFFFFFFFF25
:10B33800FFFFFFFFFFFFFFFFFFFFFFFFFFFFFFFF15
:10B34800FFFFFFFFFFFFFFFFFFFFFFFFFFFFFFFF05
:10B35800FFFFFFFFFFFFFFFFFFFFFFFFFFFFFFFFF5
:10B36800FFFFFFFFFFFFFFFFFFFFFFFFFFFFFFFFE5
:10B37800FFFFFFFFFFFFFFFFFFFFFFFFFFFFFFFFD5
:10B38800FFFFFFFFFFFFFFFFFFFFFFFFFFFFFFFFC5
:10B39800FFFFFFFFFFFFFFFFFFFFFFFFFFFFFFFFB5
:10B3A800FFFFFFFFFFFFFFFFFFFFFFFFFFFFFFFFA5
:10B3B800FFFFFFFFFFFFFFFFFFFFFFFFFFFFFFFF95
:10B3C800FFFFFFFFFFFFFFFFFFFFFFFFFFFFFFFF85
:10B3D800FFFFFFFFFFFFFFFFFFFFFFFFFFFFFFFF75
:10B3E800FFFFFFFFFFFFFFFFFFFFFFFFFFFFFFFF65
:10B3F800FFFFFFFFFFFFFFFFFFFFFFFFFFFFFFFF55
:10B40800FFFFFFFFFFFFFFFFFFFFFFFFFFFFFFFF44
:10B41800FFFFFFFFFFFFFFFFFFFFFFFFFFFFFFFF34
:10B42800FFFFFFFFFFFFFFFFFFFFFFFFFFFFFFFF24
:10B43800FFFFFFFFFFFFFFFFFFFFFFFFFFFFFFFF14
:10B44800FFFFFFFFFFFFFFFFFFFFFFFFFFFFFFFF04
:10B45800FFFFFFFFFFFFFFFFFFFFFFFFFFFFFFFFF4
:10B46800FFFFFFFFFFFFFFFFFFFFFFFFFFFFFFFFE4
:10B47800FFFFFFFFFFFFFFFFFFFFFFFFFFFFFFFFD4
:10B48800FFFF0000000000000000000000000000B6
:10B4980000000000000000000000000000000000A4
:10B4A8000000000000000000000000000000000094
:10B4B8000000000000000000000000000000000084
:10B4C8000000000000000000000000000000000074
:10B4D8000000000000000000000000000000000064
:10B4E8000000000000000000000000000000000054
:10B4F8000000000000000000000000000000000044
:10B508000000000000000000000000000000000033
:10B518000000000000000000000000000000000023
:10B528000000000000000000000000000000000013
:10B538000000000000000000000000000000000003
:10B548000000FFFFFFFFFFFFFFFFFFFFFFFFFFFF01
:10B55800FFFFFFFFFFFFFFFFFFFFFFFFFFFFFFFFF3
:10B56800FFFFFFFFFFFFFFFFFFFFFFFFFFFFFFFFE3
:10B57800FFFFFFFFFFFFFFFFFFFFFFFFFFFFFFFFD3
:10B58800FFFFFFFFFFFFFFFFFFFFFFFFFFFFFFFFC3
:10B59800FFFFFFFFFFFFFFFFFFFFFFFFFFFFFFFFB3
:10B5A800FFFFFFFFFFFFFFFFFFFFFFFFFFFFFFFFA3
:10B5B800FFFFFFFFFFFFFFFFFFFFFFFFFFFFFFFF93
:10B5C8000000000000000000000000000000000073
:10B5D8000000000000000000000000000000000063
:10B5E8000000000000000000000000000000000053
:10B5F8000000000000000000000000000000000043
:10B608000000000000000000000000000000000032
:10B618000000000000000000000000000000000022
:10B628000000000000000000000000000000000012
:10B638000000000000000000000000000000000002
:10B6480000000000000000000000000000000000F2
:10B6580000000000000000000000000000000000E2
:10B6680000000000000000000000000000000000D2
:10B6780000000000000000000000000000000000C2
:10B6880000000000FFFFFFFFFFFFFFFFFFFFFFFFBE
:10B69800FFFFFFFFFFFFFFFFFFFFFFFFFFFFFFFFB2
:10B6A800FFFFFFFFFFFFFFFFFFFFFFFFFFFFFFFFA2
:10B6B800FFFFFFFFFFFFFFFFFFFFFFFFFFFFFFFF92
:10B6C800FFFFFFFFFFFFFFFFFFFFFFFFFFFFFFFF82
:10B6D800FFFFFFFFFFFFFFFFFFFFFFFFFFFFFFFF72
:10B6E800FFFFFFFFFFFFFFFFFFFFFFFFFFFFFFFF62
:10B6F800FFFFFFFFFFFFFFFFFFFFFFFFFFFFFFFF52
:10B708000000000000000000000000000000000031
:10B718000000000000000000000000000000000021
:10B728000000000000000000000000000000000011
:10B738000000000000000000000000000000000001
:10B7480000000000000000000000000000000000F1
:10B7580000000000000000000000000000000000E1
:10B7680000000000000000000000000000000000D1
:10B7780000000000000000000000000000000000C1
:10B7880000000000000000000000000000000000B1
:10B7980000000000000000000000000000000000A1
:10B7A8000000000000000000000000000000000091
:10B7B8000000000000000000000000000000000081
:10B7C80000000000FFFFFFFFFFFFFFFFFFFFFFFF7D
:10B7D800FFFFFFFFFFFFFFFFFFFFFFFFFFFFFFFF71
:10B7E800FFFFFFFFFFFFFFFFFFFFFFFFFFFFFFFF61
:10B7F800FFFFFFFFFFFFFFFFFFFFFFFFFFFFFFFF51
:10B80800FFFFFFFFFFFFFFFFFFFFFFFFFFFFFFFF40
:10B81800FFFFFFFFFFFFFFFFFFFFFFFFFFFFFFFF30
:10B82800FFFFFFFFFFFFFFFFFFFFFFFFFFFFFFFF20
:10B83800FFFFFFFFFFFFFFFFFFFFFFFFFFFFFFFF10
:10B8480000000000000000000000000000000000F0
:10B8580000000000000000000000000000000000E0
:10B8680000000000000000000000000000000000D0
:10B8780000000000000000000000000000000000C0
:10B8880000000000000000000000000000000000B0
:10B8980000000000000000000000000000000000A0
:10B8A8000000000000000000000000000000000090
:10B8B8000000000000000000000000000000000080
:10B8C8000000000000000000000000000000000070
:10B8D8000000000000000000000000000000000060
:10B8E8000000000000000000000000000000000050
:10B8F8000000000000000000000000000000000040
:10B9080000000000FFFFFFFFFFFFFFFFFFFFFFFF3B
:10B91800FFFFFFFFFFFFFFFFFFFFFFFFFFFFFFFF2F
:10B92800FFFFFFFFFFFFFFFFFFFFFFFFFFFFFFFF1F
:10B93800FFFFFFFFFFFFFFFFFFFFFFFFFFFFFFFF0F
:10B94800FFFFFFFFFFFFFFFFFFFFFFFFFFFFFFFFFF
:10B95800FFFFFFFFFFFFFFFFFFFFFFFFFFFFFFFFEF
:10B96800FFFFFFFFFFFFFFFFFFFFFFFFFFFFFFFFDF
:10B97800FFFFFFFFFFFFFFFFFFFFFFFFFFFFFFFFCF
:10B9880000000000000000000000000000000000AF
:10B99800000000000000000000000000000000009F
:10B9A800000000000000000000000000000000008F
:10B9B800000000000000000000000000000000007F
:10B9C800000000000000000000000000000000006F
:10B9D800000000000000000000000000000000005F
:10B9E800000000000000000000000000000000004F
:10B9F800000000000000000000000000000000003F
:10BA0800000000000000000000000000000000002E
:10BA1800000000000000000000000000000000001E
:10BA2800000000000000000000000000000000000E
:10BA380000000000000000000000000000000000FE
:10BA480000000000FFFFFFFFFFFFFFFFFFFFFFFFFA
:10BA5800FFFFFFFFFFFFFFFFFFFFFFFFFFFFFFFFEE
:10BA6800FFFFFFFFFFFFFFFFFFFFFFFFFFFFFFFFDE
:10BA7800FFFFFFFFFFFFFFFFFFFFFFFFFFFFFFFFCE
:10BA8800FFFFFFFFFFFFFFFFFFFFFFFFFFFFFFFFBE
:10BA9800FFFFFFFFFFFFFFFFFFFFFFFFFFFFFFFFAE
:10BAA800FFFFFFFFFFFFFFFFFFFFFFFFFFFFFFFF9E
:10BAB800FFFFFFFFFFFFFFFFFFFFFFFFFFFFFFFF8E
:10BAC800000000000000000000000000000000006E
:10BAD800000000000000000000000000000000005E
:10BAE800000000000000000000000000000000004E
:10BAF800000000000000000000000000000000003E
:10BB0800000000000000000000000000000000002D
:10BB1800000000000000000000000000000000001D
:10BB2800000000000000000000000000000000000D
:10BB380000000000000000000000000000000000FD
:10BB480000000000000000000000000000000000ED
:10BB580000000000000000000000000000000000DD
:10BB680000000000000000000000000000000000CD
:10BB780000000000000000000000000000000000BD
:10BB880000000000FFFFFFFFFFFFFFFFFFFFFFFFB9
:10BB9800FFFFFFFFFFFFFFFFFFFFFFFFFFFFFFFFAD
:10BBA800FFFFFFFFFFFFFFFFFFFFFFFFFFFFFFFF9D
:10BBB800FFFFFFFFFFFFFFFFFFFFFFFFFFFFFFFF8D
:10BBC800FFFFFFFFFFFFFFFFFFFFFFFFFFFFFFFF7D
:10BBD800FFFFFFFFFFFFFFFFFFFFFFFFFFFFFFFF6D
:10BBE800FFFFFFFFFFFFFFFFFFFFFFFFFFFFFFFF5D
:10BBF800FFFFFFFFFFFFFFFFFFFFFFFFFFFFFFFF4D
:10BC0800000000000000000000000000000000002C
:10BC1800000000000000000000000000000000001C
:10BC2800000000000000000000000000000000000C
:10BC380000000000000000000000000000000000FC
:10BC480000000000000000000000000000000000EC
:10BC580000000000000000000000000000000000DC
:10BC680000000000000000000000000000000000CC
:10BC780000000000000000000000000000000000BC
:10BC880000000000000000000000000000000000AC
:10BC9800000000000000000000000000000000009C
:10BCA800000000000000000000000000000000008C
:10BCB800000000000000000000000000000000007C
:10BCC80000000000FFFFFFFFFFFFFFFFFFFFFFFF78
:10BCD800FFFFFFFFFFFFFFFFFFFFFFFFFFFFFFFF6C
:10BCE800FFFFFFFFFFFFFFFFFFFFFFFFFFFFFFFF5C
:10BCF800FFFFFFFFFFFFFFFFFFFFFFFFFFFFFFFF4C
:10BD0800FFFFFFFFFFFFFFFFFFFFFFFFFFFFFFFF3B
:10BD1800FFFFFFFFFFFFFFFFFFFFFFFFFFFFFFFF2B
:10BD2800FFFFFFFFFFFFFFFFFFFFFFFFFFFFFFFF1B
:10BD3800FFFFFFFFFFFFFFFFFFFFFFFFFFFFFFFF0B
:10BD480000000000000000000000FFFFFFFFFFFFF1
:10BD5800FFFFFFFFFFFFFFFFFFFFFFFFFFFFFFFFEB
:10BD6800FFFFFFFFFFFFFFFFFFFFFFFFFFFFFFFFDB
:10BD7800FFFFFFFFFFFFFFFFFFFFFFFFFFFFFFFFCB
:10BD8800FFFFFFFFFFFFFFFFFFFFFFFFFFFFFFFFBB
:10BD9800FFFFFFFFFFFFFFFFFFFFFFFFFFFFFFFFAB
:10BDA800FFFFFFFFFFFFFFFFFFFFFFFFFFFFFFFF9B
:10BDB800FFFFFFFF0000000000000000000000007F
:10BDC800000000000000000000000000000000006B
:10BDD8000000000000000000FFFFFFFFFFFFFFFF63
:10BDE800000000000000000000000000000000004B
:10BDF800000000000000000000000000000000003B
:10BE080000000000FFFFFFFFFFFFFFFFFFFFFFFF36
:10BE1800FFFFFFFFFFFFFFFFFFFFFFFFFFFFFFFF2A
:10BE2800FFFFFFFFFFFFFFFFFFFFFFFFFFFFFFFF1A
:10BE3800FFFFFFFFFFFFFFFFFFFFFFFFFFFFFFFF0A
:10BE4800FFFFFFFFFFFFFFFFFFFFFFFFFFFFFFFFFA
:10BE5800FFFFFFFFFFFFFFFFFFFFFFFFFFFFFFFFEA
:10BE6800FFFFFFFFFFFFFFFFFFFFFFFFFFFFFFFFDA
:10BE7800FFFFFFFFFFFFFFFFFFFFFFFFFFFFFFFFCA
:10BE880000000000000000000000FFFFFFFFFFFFB0
:10BE9800FFFFFFFFFFFFFFFFFFFFFFFFFFFFFFFFAA
:10BEA800FFFFFFFFFFFFFFFFFFFFFFFFFFFFFFFF9A
:10BEB800FFFFFFFFFFFFFFFFFFFFFFFFFFFFFFFF8A
:10BEC800FFFFFFFFFFFFFFFFFFFFFFFF26420742C5
:10BED800284A484A484A284A07420742FFFFFFFFC4
:10BEE800FFFFFFFFFFFFFFFFFFFFFFFFFFFFFFFF5A
:10BEF800FFFFFFFF0000000000000000000000003E
:10BF08000000000000000000000000000000000029
:10BF180000000000FFFFFFFFFFFFFFFFFFFFFFFF25
:10BF2800FFFFFFFFFFFF000000000000000000000F
:10BF380000000000000000000000000000000000F9
:10BF480000000000FFFFFFFFFFFFFFFFFFFFFFFFF5
:10BF5800FFFFFFFFFFFFFFFFFFFFFFFFFFFFFFFFE9
:10BF6800FFFFFFFFFFFFFFFFFFFFFFFFFFFFFFFFD9
:10BF7800FFFFFFFFFFFFFFFFFFFFFFFFFFFFFFFFC9
:10BF8800FFFFFFFFFFFFFFFFFFFFFFFFFFFFFFFFB9
:10BF9800FFFFFFFFFFFFFFFFFFFFFFFFFFFFFFFFA9
:10BFA800FFFFFFFFFFFFFFFFFFFFFFFFFFFFFFFF99
:10BFB800FFFFFFFFFFFFFFFFFFFFFFFFFFFFFFFF89
:10BFC80000000000000000000000FFFFFFFFFFFF6F
:10BFD800FFFFFFFFFFFFFFFFFFFFFFFFFFFFFFFF69
:10BFE800FFFFFFFFFFFFFFFFFFFFFFFFFFFFFFFF59
:10BFF800FFFFFFFFFFFFFFFFFFFFFFFFFFFFFFFF49
:10C00800FFFFFFFFFFFFFFFF0742284A07422842C2
:10C01800CC422E436F43EC42694207422742074213
:10C028000084FFFFFFFFFFFFFFFFFFFFFFFFFFFF92
:10C03800FFFFFFFF000000000000000000000000FC
:10C0480000000000000000000000000000000000E8
:10C058000000FFFFFFFFFFFFFFFFFFFFFFFFFFFFE6
:10C06800FFFFFFFFFFFFFFFF0000000000000000D0
:10C0780000000000000000000000000000000000B8
:10C0880000000000FFFFFFFFFFFFFFFFFFFFFFFFB4
:10C09800FFFFFFFFFFFFFFFFFFFFFFFFFFFFFFFFA8
:10C0A800FFFFFFFFFFFFFFFFFFFFFFFFFFFFFFFF98
:10C0B800FFFFFFFFFFFFFFFFFFFFFFFFFFFFFFFF88
:10C0C800FFFFFFFFFFFFFFFFFFFFFFFFFFFFFFFF78
:10C0D800FFFFFFFFFFFFFFFFFFFFFFFFFFFFFFFF68
:10C0E800FFFFFFFFFFFFFFFFFFFFFFFFFFFFFFFF58
:10C0F800FFFFFFFFFFFFFFFFFFFFFFFFFFFFFFFF48
:10C1080000000000000000000000FFFFFFFFFFFF2D
:10C11800FFFFFFFFFFFFFFFFFFFFFFFFFFFFFFFF27
:10C12800FFFFFFFFFFFFFFFFFFFFFFFFFFFFFFFF17
:10C13800FFFFFFFFFFFFFFFFFFFFFFFFFFFFFFFF07
:10C14800FFFFFFFF0084284A0742CB429A4D7F4EEB
:10C158007F4E7F4E7F4E7F4E7F4E3E4EB04307420E
:10C1680027422742FFFFFFFFFFFFFFFFFFFFFFFF01
:10C17800FFFFFFFF000000000000000000000000BB
:10C1880000000000000000000000000000000000A7
:10C19800FFFFFFFFFFFFFFFFFFFFFFFFFFFFFFFFA7
:10C1A800FFFFFFFFFFFFFFFFFFFF00000000000091
:10C1B8000000000000000000000000000000000077
:10C1C80000000000FFFFFFFFFFFFFFFFFFFFFFFF73
:10C1D800FFFFFFFFFFFFFFFFFFFFFFFFFFFFFFFF67
:10C1E800FFFFFFFFFFFFFFFFFFFFFFFFFFFFFFFF57
:10C1F800FFFFFFFFFFFFFFFFFFFFFFFFFFFFFFFF47
:10C20800FFFFFFFFFFFFFFFFFFFFFFFFFFFFFFFF36
:10C21800FFFFFFFFFFFFFFFFFFFFFFFFFFFFFFFF26
:10C22800FFFFFFFFFFFFFFFFFFFFFFFFFFFFFFFF16
:10C23800FFFFFFFFFFFFFFFFFFFFFFFFFFFFFFFF06
:10C2480000000000000000000000FFFFFFFFFFFFEC
:10C25800FFFFFFFFFFFFFFFFFFFFFFFFFFFFFFFFE6
:10C26800FFFFFFFFFFFFFFFFFFFFFFFFFFFFFFFFD6
:10C27800FFFFFFFFFFFFFFFFFFFFFFFFFFFFFFFFC6
:10C28800FFFF2842284A2842394D7F4E7F4E7F4E75
:10C298007F4E7F4E7F4E7F4E7F4E7F4E7F4E3E4E6F
:10C2A800AA4207420742FFFFFFFFFFFFFFFFFFFF12
:10C2B800FFFFFFFF0000000000000000000000007A
:10C2C8000000000000000000000000000000FFFF68
:10C2D800FFFFFFFFFFFFFFFFFFFFFFFFFFFFFFFF66
:10C2E800FFFFFFFFFFFFFFFFFFFFFFFF0000000052
:10C2F8000000000000000000000000000000000036
:10C3080000000000FFFFFFFFFFFFFFFFFFFFFFFF31
:10C31800FFFFFFFFFFFFFFFFFFFFFFFFFFFFFFFF25
:10C32800FFFFFFFFFFFFFFFFFFFFFFFFFFFFFFFF15
:10C33800FFFFFFFFFFFFFFFFFFFFFFFFFFFFFFFF05
:10C34800FFFFFFFFFFFFFFFFFFFFFFFFFFFFFFFFF5
:10C35800FFFFFFFFFFFFFFFFFFFFFFFFFFFFFFFFE5
:10C36800FFFFFFFFFFFFFFFFFFFFFFFFFFFFFFFFD5
:10C37800FFFFFFFFFFFFFFFFFFFFFFFFFFFFFFFFC5
:10C3880000000000000000000000FFFFFFFFFFFFAB
:10C39800FFFFFFFFFFFFFFFFFFFFFFFFFFFFFFFFA5
:10C3A800FFFFFFFFFFFFFFFFFFFFFFFFFFFFFFFF95
:10C3B800FFFFFFFFFFFFFFFFFFFFFFFFFFFFFFFF85
:10C3C8002842284A4942FD4D7F4E7F4E7F4E7F4E80
:10C3D8007F4E7F4E7F4E7F4E7F4E7F4E7F4E7F4EED
:10C3E8007F4E2D430742C741FFFFFFFFFFFFFFFFBF
:10C3F800FFFFFFFF00000000000000000000000039
:10C40800000000000000000000000000FFFFFFFF28
:10C41800FFFFFFFFFFFFFFFFFFFFFFFFFFFFFFFF24
:10C42800FFFFFFFFFFFFFFFFFFFFFFFF0000000010
:10C4380000000000000000000000000000000000F4
:10C4480000000000FFFFFFFFFFFFFFFFFFFFFFFFF0
:10C45800FFFFFFFFFFFFFFFFFFFFFFFFFFFFFFFFE4
:10C46800FFFFFFFFFFFFFFFFFFFFFFFFFFFFFFFFD4
:10C47800FFFFFFFFFFFFFFFFFFFFFFFFFFFFFFFFC4
:10C48800FFFFFFFFFFFFFFFFFFFFFFFFFFFFFFFFB4
:10C49800FFFFFFFFFFFFFFFFFFFFFFFFFFFFFFFFA4
:10C4A800FFFFFFFFFFFFFFFFFFFFFFFFFFFFFFFF94
:10C4B800FFFFFFFFFFFFFFFFFFFFFFFFFFFFFFFF84
:10C4C80000000000000000000000FFFFFFFFFFFF6A
:10C4D800FFFFFFFFFFFFFFFFFFFFFFFFFFFFFFFF64
:10C4E800FFFFFFFFFFFFFFFFFFFFFFFFFFFFFFFF54
:10C4F800FFFFFFFFFFFFFFFFFFFFFFFFFFFF2842D8
:10C50800284A49423D4E7F4E7F4E7F4E7F4E7F4E9A
:10C518007F4E7F4E7F4E7F4E5F3E3F2E3F263F2E03
:10C528003F367F46AA4208420000FFFFFFFFFFFF99
:10C53800FFFFFFFF000000000000000000000000F7
:10C54800000000000000000000000000FFFFFFFFE7
:10C55800FFFFFFFFFFFFFFFFFFFFFFFFFFFFFFFFE3
:10C56800FFFFFFFFFFFFFFFFFFFFFFFFFFFF0000D1
:10C5780000000000000000000000000000000000B3
:10C5880000000000FFFFFFFFFFFFFFFFFFFFFFFFAF
:10C59800FFFFFFFFFFFFFFFFFFFFFFFFFFFFFFFFA3
:10C5A800FFFFFFFFFFFFFFFFFFFFFFFFFFFFFFFF93
:10C5B800FFFFFFFFFFFFFFFFFFFFFFFFFFFFFFFF83
:10C5C800FFFFFFFFFFFFFFFFFFFFFFFFFFFFFFFF73
:10C5D800FFFFFFFFFFFFFFFFFFFFFFFFFFFFFFFF63
:10C5E800FFFFFFFFFFFFFFFFFFFFFFFFFFFFFFFF53
:10C5F800FFFFFFFFFFFFFFFFFFFFFFFFFFFFFFFF43
:10C6080000000000000000000000FFFFFFFFFFFF28
:10C61800FFFFFFFFFFFFFFFFFFFFFFFFFFFFFFFF22
:10C62800FFFFFFFFFFFFFFFFFFFFFFFFFFFFFFFF12
:10C63800FFFFFFFFFFFFFFFFFFFFFFFF2842284A22
:10C6480049423D4E7F4E7F4E7F4E7F4E7F4E7F4EFE
:10C658007F4E7F461E1EDE05DE05DE05DE05DE0595
:10C66800DE05DE059C1507420742FFFFFFFFFFFFBF
:10C67800FFFFFFFF000000000000000000000000B6
:10C6880000000000000000000000FFFFFFFFFFFFA8
:10C69800FFFFFFFFFFFFFFFFFFFFFFFFFFFFFFFFA2
:10C6A800FFFFFFFFFFFFFFFFFFFFFFFFFFFF000090
:10C6B8000000000000000000000000000000000072
:10C6C80000000000FFFFFFFFFFFFFFFFFFFFFFFF6E
:10C6D800FFFFFFFFFFFFFFFFFFFFFFFFFFFFFFFF62
:10C6E800FFFFFFFFFFFFFFFFFFFFFFFFFFFFFFFF52
:10C6F800FFFFFFFFFFFFFFFFFFFFFFFFFFFFFFFF42
:10C70800FFFFFFFFFFFFFFFFFFFFFFFFFFFFFFFF31
:10C71800FFFFFFFFFFFFFFFFFFFFFFFFFFFFFFFF21
:10C72800FFFFFFFFFFFFFFFFFFFFFFFFFFFFFFFF11
:10C73800FFFFFFFFFFFFFFFFFFFFFFFFFFFF0000FF
:10C7480000000000000000000000FFFFFFFFFFFFE7
:10C75800FFFFFFFFFFFFFFFFFFFFFFFFFFFFFFFFE1
:10C76800FFFFFFFFFFFFFFFFFFFFFFFFFFFFFFFFD1
:10C77800FFFFFFFFFFFFFFFFFFFF2842284A494254
:10C788009A45D22B7F4E7F4E7F4E7F4E7F4E7F4EF7
:10C798003F2EDE05DE05DE05DE05DE05DE05DE05EF
:10C7A800DE05DE05DE054E2B0742FFFFFFFFFFFF1C
:10C7B800FFFFFFFF00000000000000000000000075
:10C7C80000000000000000000000FFFFFFFFFFFF67
:10C7D800FFFFFFFFFFFFFFFFFFFFFFFFFFFFFFFF61
:10C7E800FFFFFFFFFFFFFFFFFFFFFFFFFFFF00004F
:10C7F8000000000000000000000000000000000031
:10C8080000000000FFFFFFFFFFFFFFFFFFFFFFFF2C
:10C81800FFFFFFFFFFFFFFFFFFFFFFFFFFFFFFFF20
:10C82800FFFFFFFFFFFFFFFFFFFFFFFFFFFFFFFF10
:10C83800FFFFFFFFFFFFFFFFFFFFFFFFFFFFFFFF00
:10C84800FFFFFFFFFFFFFFFFFFFFFFFFFFFFFFFFF0
:10C85800FFFFFFFFFFFFFFFFFFFFFFFFFFFFFFFFE0
:10C86800FFFFFFFFFFFFFFFFFFFFFFFFFFFFFFFFD0
:10C87800FFFFFFFFFFFFFFFFFFFFFFFFFFFF0000BE
:10C8880000000000000000000000FFFFFFFFFFFFA6
:10C89800FFFFFFFFFFFFFFFFFFFFFFFFFFFFFFFFA0
:10C8A800FFFFFFFFFFFFFFFFFFFFFFFFFFFFFFFF90
:10C8B800FFFFFFFFFFFFFFFF664A284249421D4E68
:10C8C8006B1AA3085F4E7F4E7F4E7F4E7F4EFE1D34
:10C8D800DE05DE05DE05DE05DE05DE05DE05DE0538
:10C8E800DE05DE05DE055B0D0742084AFFFFFFFF98
:10C8F800FFFFFFFF00000000000000000000000034
:10C9080000000000000000000000FFFFFFFFFFFF25
:10C91800FFFFFFFFFFFFFFFFFFFFFFFFFFFFFFFF1F
:10C92800FFFFFFFFFFFFFFFFFFFFFFFFFFFF00000D
:10C9380000000000000000000000000000000000EF
:10C9480000000000FFFFFFFFFFFFFFFFFFFFFFFFEB
:10C95800FFFFFFFFFFFFFFFFFFFFFFFFFFFFFFFFDF
:10C96800FFFFFFFFFFFFFFFFFFFFFFFFFFFFFFFFCF
:10C97800FFFFFFFFFFFFFFFFFFFFFFFFFFFFFFFFBF
:10C98800FFFFFFFFFFFFFFFFFFFFFFFFFFFFFFFFAF
:10C99800FFFFFFFFFFFFFFFFFFFFFFFFFFFFFFFF9F
:10C9A800FFFFFFFFFFFFFFFFFFFFFFFFFFFFFFFF8F
:10C9B800FFFFFFFFFFFFFFFFFFFFFFFFFFFF00007D
:10C9C80000000000000000000000FFFFFFFFFFFF65
:10C9D800FFFFFFFFFFFFFFFFFFFFFFFFFFFFFFFF5F
:10C9E800FFFFFFFFFFFFFFFFFFFFFFFFFFFFFFFF4F
:10C9F800FFFFFFFFFFFF2842284A49423D4E9B4563
:10CA080000000000132C7F4E7F4E7F4EFE15DE0582
:10CA1800DE05DE05DE05DE05DE05DE05DE05DE05F6
:10CA2800DE05DE05DE05DE0528420742FFFFFFFFC3
:10CA3800FFFFFFFF000000000000000000000000F2
:10CA480000000000000000000000FFFFFFFFFFFFE4
:10CA5800FFFFFFFFFFFFFFFFFFFFFFFFFFFFFFFFDE
:10CA6800FFFFFFFFFFFFFFFFFFFFFFFFFFFF0000CC
:10CA780000000000000000000000000000000000AE
:10CA880000000000FFFFFFFFFFFFFFFFFFFFFFFFAA
:10CA9800FFFFFFFFFFFFFFFFFFFFFFFFFFFFFFFF9E
:10CAA800FFFFFFFFFFFFFFFFFFFFFFFFFFFFFFFF8E
:10CAB800FFFFFFFFFFFFFFFFFFFFFFFFFFFFFFFF7E
:10CAC800FFFFFFFFFFFFFFFFFFFFFFFFFFFFFFFF6E
:10CAD800FFFFFFFFFFFFFFFFFFFFFFFFFFFFFFFF5E
:10CAE800FFFFFFFFFFFFFFFFFFFFFFFFFFFFFFFF4E
:10CAF800FFFFFFFFFFFFFFFFFFFFFFFFFFFF00003C
:10CB080000000000000000000000FFFFFFFFFFFF23
:10CB1800FFFFFFFFFFFFFFFFFFFFFFFFFFFFFFFF1D
:10CB2800FFFFFFFFFFFFFFFFFFFFFFFFFFFFFFFF0D
:10CB3800FFFFFFFF664A284249421D4E7F4E8C1A6E
:10CB48000000000004097F4E7F4EFE15DE05DE055D
:10CB5800DE05DE05DE05DE05DE05DE05DE05DE05B5
:10CB6800DE05DE05DE05DE05AB3A0742FFFFFFFF07
:10CB7800FFFFFFFF000000000000000000000000B1
:10CB8800000000000000000000000000FFFFFFFFA1
:10CB9800FFFFFFFFFFFFFFFFFFFFFFFFFFFFFFFF9D
:10CBA800FFFFFFFFFFFFFFFFFFFFFFFFFFFF00008B
:10CBB800000000000000000000000000000000006D
:10CBC80000000000FFFFFFFFFFFFFFFFFFFFFFFF69
:10CBD800FFFFFFFFFFFFFFFFFFFFFFFFFFFFFFFF5D
:10CBE800FFFFFFFFFFFFFFFFFFFFFFFFFFFFFFFF4D
:10CBF800FFFFFFFFFFFFFFFFFFFFFFFFFFFFFFFF3D
:10CC0800FFFFFFFFFFFFFFFFFFFFFFFFFFFFFFFF2C
:10CC1800FFFFFFFFFFFFFFFFFFFFFFFFFFFFFFFF1C
:10CC2800FFFFFFFFFFFFFFFFFFFFFFFFFFFFFFFF0C
:10CC3800FFFFFFFFFFFFFFFFFFFFFFFFFFFF0000FA
:10CC480000000000000000000000FFFFFFFFFFFFE2
:10CC5800FFFFFFFFFFFFFFFFFFFFFFFFFFFFFFFFDC
:10CC6800FFFFFFFFFFFFFFFFFFFFFFFFFFFFFFFFCC
:10CC7800FFFF2842284A49423D4E7F4EDC452000AE
:10CC88000000000000007534FE15DE05DE05DE0537
:10CC9800DE05DE05DE05DE05DE05DE05DE05DE0574
:10CCA800DE05DE05DE05DE05ED320742FFFFFFFF8C
:10CCB800FFFFFFFF00000000000000000000000070
:10CCC800000000000000000000000000FFFFFFFF60
:10CCD800FFFFFFFFFFFFFFFFFFFFFFFFFFFFFFFF5C
:10CCE800FFFFFFFFFFFFFFFFFFFFFFFF0000000048
:10CCF800000000000000000000000000000000002C
:10CD080000000000FFFFFFFFFFFFFFFFFFFFFFFF27
:10CD1800FFFFFFFFFFFFFFFFFFFFFFFFFFFFFFFF1B
:10CD2800FFFFFFFFFFFFFFFFFFFFFFFFFFFFFFFF0B
:10CD3800FFFFFFFFFFFFFFFFFFFFFFFFFFFFFFFFFB
:10CD4800FFFFFFFFFFFFFFFFFFFFFFFFFFFFFFFFEB
:10CD5800FFFFFFFFFFFFFFFFFFFFFFFFFFFFFFFFDB
:10CD6800FFFFFFFFFFFFFFFFFFFFFFFFFFFFFFFFCB
:10CD7800FFFFFFFFFFFFFFFFFFFFFFFFFFFF0000B9
:10CD880000000000000000000000FFFFFFFFFFFFA1
:10CD9800FFFFFFFFFFFFFFFFFFFFFFFFFFFFFFFF9B
:10CDA8000000FFFFFFFFFFFFFFFFFFFFFFFFFFFF89
:10CDB800664A284249421D4E7F4E7F4ECE220000D1
:10CDC8000000000000004601DE05DE05DE05DE0588
:10CDD800DE05DE05DE05DE05DE05DE05DE05DE0533
:10CDE800DE05DE05DE05DE05CC320742FFFFFFFF6C
:10CDF800FFFFFFFF0000000000000000000000002F
:10CE08000000000000000000000000000000FFFF1C
:10CE1800FFFFFFFFFFFFFFFFFFFFFFFFFFFFFFFF1A
:10CE2800FFFFFFFFFFFFFFFFFFFFFFFF0000000006
:10CE380000000000000000000000000000000000EA
:10CE480000000000FFFFFFFFFFFFFFFFFFFFFFFFE6
:10CE5800FFFFFFFFFFFFFFFFFFFFFFFFFFFFFFFFDA
:10CE6800FFFFFFFFFFFFFFFFFFFFFFFFFFFFFFFFCA
:10CE7800FFFFFFFFFFFFFFFFFFFFFFFFFFFFFFFFBA
:10CE8800FFFFFFFFFFFFFFFFFFFFFFFFFFFFFFFFAA
:10CE9800FFFFFFFFFFFFFFFFFFFFFFFFFFFFFFFF9A
:10CEA800FFFFFFFFFFFFFFFFFFFFFFFFFFFFFFFF8A
:10CEB800FFFFFFFFFFFFFFFFFFFFFFFFFFFF000078
:10CEC80000000000000000000000FFFFFFFFFFFF60
:10CED800FFFFFFFFFFFFFFFFFFFFFFFFFFFF000058
:10CEE80000000000FFFFFFFFFFFFFFFFFFFF2842DA
:10CEF800284A49423D4E7F4E7F4E1D464100000064
:10CF080000000000000000005604DE05DE05DE0516
:10CF1800DE05DE05DE05DE05DE05DE05DE05DE05F1
:10CF2800DE05DE05DE05DE056A3A0742FFFFFFFF84
:10CF3800FFFFFFFF000000000000000000000000ED
:10CF48000000000000000000000000000000FFFFDB
:10CF5800FFFFFFFFFFFFFFFFFFFFFFFFFFFFFFFFD9
:10CF6800FFFFFFFFFFFFFFFFFFFF000000000000C3
:10CF780000000000000000000000000000000000A9
:10CF880000000000FFFFFFFFFFFFFFFFFFFFFFFFA5
:10CF9800FFFFFFFFFFFFFFFFFFFFFFFFFFFFFFFF99
:10CFA800FFFFFFFFFFFFFFFFFFFFFFFFFFFFFFFF89
:10CFB800FFFFFFFFFFFFFFFFFFFFFFFFFFFFFFFF79
:10CFC800FFFFFFFFFFFFFFFFFFFFFFFFFFFFFFFF69
:10CFD800FFFFFFFFFFFFFFFFFFFFFFFFFFFFFFFF59
:10CFE800FFFFFFFFFFFFFFFFFFFFFFFFFFFFFFFF49
:10CFF800FFFFFFFFFFFFFFFFFFFFFFFFFFFF000037
:10D0080000000000000000000000FFFFFFFFFFFF1E
:10D01800FFFFFFFFFFFFFFFFFFFFFFFF0000000014
:10D02800000000000000FFFFFFFFFFFF664A2852D4
:10D03800074AD1437F4E7F4E7F4E502300000000A9
:10D048000000000000000000A801DE05DE05DE0586
:10D05800DE05DE05DE05DE05DE05DE05DE05DE05B0
:10D06800DE05DE05DE05BD0507420742FFFFFFFFBF
:10D07800FFFFFFFF000000000000000000000000AC
:10D088000000000000000000000000000000000098
:10D09800FFFFFFFFFFFFFFFFFFFFFFFFFFFFFFFF98
:10D0A800FFFFFFFFFFFFFFFF000000000000000080
:10D0B8000000000000000000000000000000000068
:10D0C80000000000FFFFFFFFFFFFFFFFFFFFFFFF64
:10D0D800FFFFFFFFFFFFFFFFFFFFFFFFFFFFFFFF58
:10D0E800FFFFFFFFFFFFFFFFFFFFFFFFFFFFFFFF48
:10D0F800FFFFFFFFFFFFFFFFFFFFFFFFFFFFFFFF38
:10D10800FFFFFFFFFFFFFFFFFFFFFFFFFFFFFFFF27
:10D11800FFFFFFFFFFFFFFFFFFFFFFFFFFFFFFFF17
:10D12800FFFFFFFFFFFFFFFFFFFFFFFFFFFFFFFF07
:10D13800FFFFFFFFFFFFFFFFFFFFFFFFFFFF0000F5
:10D1480000000000000000000000FFFFFFFFFFFFDD
:10D15800FFFFFFFFFFFFFFFFFFFFFFFF00000000D3
:10D16800000000000000FFFFFFFF284247528972BD
:10D17800CCE36952F2437F4E5E4682000000000015
:10D1880000000000000000000000B804DE05DE0515
:10D19800DE05DE05DE05DE05DE05DE05DE05DE056F
:10D1A800DE05DE05DE05751C0742494AFFFFFFFF65
:10D1B800FFFFFFFF0000000000000000000000006B
:10D1C8000000000000000000000000000000000057
:10D1D8000000FFFFFFFFFFFFFFFFFFFFFFFFFFFF55
:10D1E800FFFFFFFFFFFF000000000000000000003D
:10D1F8000000000000000000000000000000000027
:10D2080000000000FFFFFFFFFFFFFFFFFFFFFFFF22
:10D21800FFFFFFFFFFFFFFFFFFFFFFFFFFFFFFFF16
:10D22800FFFFFFFFFFFFFFFFFFFFFFFFFFFFFFFF06
:10D23800FFFFFFFFFFFFFFFFFFFFFFFFFFFFFFFFF6
:10D24800FFFFFFFFFFFFFFFFFFFFFFFFFFFFFFFFE6
:10D25800FFFFFFFFFFFFFFFFFFFFFFFFFFFFFFFFD6
:10D26800FFFFFFFFFFFFFFFFFFFFFFFFFFFFFFFFC6
:10D27800FFFFFFFFFFFFFFFFFFFFFFFFFFFF0000B4
:10D2880000000000000000000000FFFFFFFFFFFF9C
:10D29800FFFFFFFFFFFFFFFFFFFF00000000000090
:10D2A80000000000000000002842275289722DFC6F
:10D2B8002DFCECE34952F243D22B000000000000A1
:10D2C8000000C4000000000000000A02DE05DE05C0
:10D2D800DE05DE05DE05DE05DE05DE05DE05DE052E
:10D2E800DE05DE05DE0569420742FFFFFFFFFFFF9F
:10D2F800FFFFFFFF0000000000000000000000002A
:10D308000000000000000000000000000000000015
:10D31800000000000000FFFFFFFFFFFFFFFFFFFF0F
:10D32800FFFF0000000000000000000000000000F7
:10D3380000000000000000000000000000000000E5
:10D3480000000000FFFFFFFFFFFFFFFFFFFFFFFFE1
:10D35800FFFFFFFFFFFFFFFFFFFFFFFFFFFFFFFFD5
:10D36800FFFFFFFFFFFFFFFFFFFFFFFFFFFFFFFFC5
:10D37800FFFFFFFFFFFFFFFFFFFFFFFFFFFFFFFFB5
:10D38800FFFFFFFFFFFFFFFFFFFFFFFFFFFFFFFFA5
:10D39800FFFFFFFFFFFFFFFFFFFFFFFFFFFFFFFF95
:10D3A800FFFFFFFFFFFFFFFFFFFFFFFFFFFFFFFF85
:10D3B800FFFFFFFFFFFFFFFFFFFFFFFFFFFF000073
:10D3C80000000000000000000000FFFFFFFFFFFF5B
:10D3D800FFFFFFFFFFFFFFFF00000000000000004D
:10D3E8000000000000000000475289722DFC2DFC4F
:10D3F8002DFC2DFCECE348528208000000000000E0
:10D408000A02F40300000000000000001A05DE050F
:10D41800DE05DE05DE05DE05DE05DE05DE05DE05EC
:10D42800DE05DE05341C0742C741FFFFFFFFFFFF93
:10D43800FFFFFFFF000000000000000000000000E8
:10D4480000000000000000000000000000000000D4
:10D4580000000000000000000000000000000000C4
:10D4680000000000000000000000000000000000B4
:10D4780000000000000000000000000000000000A4
:10D4880000000000FFFFFFFFFFFFFFFFFFFFFFFFA0
:10D49800FFFFFFFFFFFFFFFFFFFFFFFFFFFFFFFF94
:10D4A800FFFFFFFFFFFFFFFFFFFFFFFFFFFFFFFF84
:10D4B800FFFFFFFFFFFFFFFFFFFFFFFFFFFFFFFF74
:10D4C800FFFFFFFFFFFFFFFFFFFFFFFFFFFFFFFF64
:10D4D800FFFFFFFFFFFFFFFFFFFFFFFFFFFFFFFF54
:10D4E800FFFFFFFFFFFFFFFFFFFFFFFFFFFFFFFF44
:10D4F800FFFFFFFFFFFFFFFFFFFFFFFFFFFF000032
:10D5080000000000000000000000FFFFFFFFFFFF19
:10D518000000000000000000000000000000000003
:10D52800000000000000000085492DFC2DFC2DFCAA
:10D538002DFCC9A268928559000000000000000077
:10D54800D804BD0505010000000000006C02DE05DE
:10D55800DE05DE05DE05DE05DE05DE05F90436043A
:10D56800F403500B45292421000000000000FFFFB0
:10D57800FFFFFFFF000000000000000000000000A7
:10D588000000000000000000000000000000000093
:10D598000000000000000000000000000000000083
:10D5A8000000000000000000000000000000000073
:10D5B8000000000000000000000000000000000063
:10D5C80000000000FFFFFFFFFFFFFFFFFFFFFFFF5F
:10D5D800FFFFFFFFFFFFFFFFFFFFFFFFFFFFFFFF53
:10D5E800FFFFFFFFFFFFFFFFFFFFFFFFFFFFFFFF43
:10D5F800FFFFFFFFFFFFFFFFFFFFFFFFFFFFFFFF33
:10D60800FFFFFFFFFFFFFFFFFFFFFFFFFFFFFFFF22
:10D61800FFFFFFFFFFFFFFFFFFFFFFFFFFFFFFFF12
:10D62800FFFFFFFFFFFFFFFFFFFFFFFFFFFFFFFF02
:10D63800FFFFFFFFFFFFFFFFFFFFFFFFFFFF0000F0
:10D6480000000000000000000000FFFFFFFFFFFFD8
:10D6580000000000000000000000000000000000C2
:10D6680000000000000000004110CCEB2DFC2DFC58
:10D67800C9AA000000000000000000000000A90185
:10D68800DE05DE05D30300000000000021005B0575
:10D69800DE05DE05DE05DE05DE05BD05050100004B
:10D6A8000000000000000000000000000000FFFF74
:10D6B800FFFFFFFF00000000000000000000000066
:10D6C8000000000000000000000000000000000052
:10D6D8000000000000000000000000000000000042
:10D6E8000000000000000000000000000000000032
:10D6F8000000000000000000000000000000000022
:10D7080000000000FFFFFFFFFFFFFFFFFFFFFFFF1D
:10D71800FFFFFFFFFFFFFFFFFFFFFFFFFFFFFFFF11
:10D72800FFFFFFFFFFFFFFFFFFFFFFFFFFFFFFFF01
:10D73800FFFFFFFFFFFFFFFFFFFFFFFFFFFFFFFFF1
:10D74800FFFFFFFFFFFFFFFFFFFFFFFFFFFFFFFFE1
:10D75800FFFFFFFFFFFFFFFFFFFFFFFFFFFFFFFFD1
:10D76800FFFFFFFFFFFFFFFFFFFFFFFFFFFFFFFFC1
:10D77800FFFFFFFFFFFFFFFFFFFFFFFFFFFF0000AF
:10D7880000000000000000000000FFFFFFFFFFFF97
:10D798000000000000000000000000000000000081
:10D7A8004329611000000000000085592DFC0DF48C
:10D7B8006118000000000000000000000000AC221A
:10D7C800BD05DE05BD05E400000000000000CE0236
:10D7D800DE05DE05DE05DE05DE0535040000000099
:10D7E8000000000000000000000000000000FFFF33
:10D7F800FFFFFFFF00000000000000000000000025
:10D808000000000000000000000000000000000010
:10D818000000000000000000000000000000000000
:10D8280000000000000000000000000000000000F0
:10D8380000000000000000000000000000000000E0
:10D8480000000000FFFFFFFFFFFFFFFFFFFFFFFFDC
:10D85800FFFFFFFFFFFFFFFFFFFFFFFFFFFFFFFFD0
:10D86800FFFFFFFFFFFFFFFFFFFFFFFFFFFFFFFFC0
:10D87800FFFFFFFFFFFFFFFFFFFFFFFFFFFFFFFFB0
:10D88800FFFFFFFFFFFFFFFFFFFFFFFFFFFFFFFFA0
:10D89800FFFFFFFFFFFFFFFFFFFFFFFFFFFFFFFF90
:10D8A800FFFFFFFFFFFFFFFFFFFFFFFFFFFFFFFF80
:10D8B800FFFFFFFFFFFFFFFFFFFFFFFFFFFF00006E
:10D8C80000000000000000000000FFFFFFFFFFFF56
:10D8D8000000000000000000000000000000200020
:10D8E800285A075A00000000000000000ABBC67151
:10D8F80000000000000000000000000081284852DD
:10D90800912BDE05DE05B303000000000000620075
:10D918007C05DE05DE05DE05DE0588010000000069
:10D928000000000000000000000000000000FFFFF1
:10D93800FFFFFFFF000000000000000000000000E3
:10D9480000000000000000000000000000000000CF
:10D9580000000000000000000000000000000000BF
:10D9680000000000000000000000000000000000AF
:10D97800000000000000000000000000000000009F
:10D9880000000000FFFFFFFFFFFFFFFFFFFFFFFF9B
:10D99800FFFFFFFFFFFFFFFFFFFFFFFFFFFFFFFF8F
:10D9A800FFFFFFFFFFFFFFFFFFFFFFFFFFFFFFFF7F
:10D9B800FFFFFFFFFFFFFFFFFFFFFFFFFFFFFFFF6F
:10D9C800FFFFFFFFFFFFFFFFFFFFFFFFFFFFFFFF5F
:10D9D800FFFFFFFFFFFFFFFFFFFFFFFFFFFFFFFF4F
:10D9E800FFFFFFFFFFFFFFFFFFFFFFFFFFFFFFFF3F
:10D9F800FFFFFFFFFFFFFFFFFFFFFFFFFFFF00002D
:10DA080000000000000000000000FFFFFFFFFFFF14
:10DA18000000000000000000000000000000285A7C
:10DA280089720DF4C5690000000000006110000053
:10DA3800000000000000000000000000E5A1E8EA86
:10DA48004852912BDE05BD05C4000000000000000F
:10DA58003003DE05DE05DE05B80400000000000026
:10DA68000000000000000000000000000000FFFFB0
:10DA7800FFFFFFFF000000000000000000000000A2
:10DA8800000000000000000000000000000000008E
:10DA9800000000000000000000000000000000007E
:10DAA8000000FFFF00000000000000000000000070
:10DAB800000000000000000000000000000000005E
:10DAC80000000000FFFFFFFFFFFFFFFFFFFFFFFF5A
:10DAD800FFFFFFFFFFFFFFFFFFFFFFFFFFFFFFFF4E
:10DAE800FFFFFFFFFFFFFFFFFFFFFFFFFFFFFFFF3E
:10DAF800FFFFFFFFFFFFFFFFFFFFFFFFFFFFFFFF2E
:10DB0800FFFFFFFFFFFFFFFFFFFFFFFFFFFFFFFF1D
:10DB1800FFFFFFFFFFFFFFFFFFFFFFFFFFFFFFFF0D
:10DB2800FFFFFFFFFFFFFFFFFFFFFFFFFFFFFFFFFD
:10DB3800FFFFFFFFFFFFFFFFFFFFFFFFFFFF0000EB
:10DB480000000000000000000000FFFFFFFFFFFFD3
:10DB5800000000000000000000002000E649897273
:10DB68002DFC2DFCEDF36118000000000000000002
:10DB780000000000A1308481C491E5A108FB08FBE6
:10DB8800E8EA4852912BDE059203000000000000ED
:10DB9800A300BD05DE05DE05C90100000000000088
:10DBA8000000000000000000000000000000FFFF6F
:10DBB800FFFFFFFF00000000000000000000000061
:10DBC800000000000000000000000000000000004D
:10DBD800FFFFFFFFFFFF0000000000000000000043
:10DBE8000000FFFFFFFFFFFF000000000000000033
:10DBF800000000000000000000000000000000001D
:10DC080000000000FFFFFFFFFFFFFFFFFFFFFFFF18
:10DC1800FFFFFFFFFFFFFFFFFFFFFFFFFFFFFFFF0C
:10DC2800FFFFFFFFFFFFFFFFFFFFFFFFFFFFFFFFFC
:10DC3800FFFFFFFFFFFFFFFFFFFFFFFFFFFFFFFFEC
:10DC4800FFFFFFFFFFFFFFFFFFFFFFFFFFFFFFFFDC
:10DC5800FFFFFFFFFFFFFFFFFFFFFFFFFFFFFFFFCC
:10DC6800FFFFFFFFFFFFFFFFFFFFFFFFFFFFFFFFBC
:10DC7800FFFFFFFFFFFFFFFFFFFFFFFFFFFF0000AA
:10DC880000000000000000000000FFFFFFFFFFFF92
:10DC9800FFFFFFFFFFFFFFFF0000485A88722DFCBF
:10DCA8002DFC2DFC2DFCC9A2000000000000000086
:10DCB80000002008A7DA08FB08FB08FB08FB08FBA4
:10DCC80008FBE8EA4852912BBD05A30000000000BC
:10DCD80000009203DE05970C000000000000000021
:10DCE800FFFFFFFFFFFFFFFFFFFFFFFFFFFFFFFF3C
:10DCF800FFFFFFFF00000000000000000000000020
:10DD0800000000000000000000000000FFFFFFFF0F
:10DD1800FFFFFFFFFFFF0000000000000000000001
:10DD28000000FFFFFFFFFFFFFFFFFFFF00000000F5
:10DD380000000000000000000000000000000000DB
:10DD480000000000FFFFFFFFFFFFFFFFFFFFFFFFD7
:10DD5800FFFFFFFFFFFFFFFFFFFFFFFFFFFFFFFFCB
:10DD6800FFFFFFFFFFFFFFFFFFFFFFFFFFFFFFFFBB
:10DD7800FFFFFFFFFFFFFFFFFFFFFFFFFFFFFFFFAB
:10DD8800FFFFFFFFFFFFFFFFFFFFFFFFFFFFFFFF9B
:10DD9800FFFFFFFFFFFFFFFFFFFFFFFFFFFFFFFF8B
:10DDA800FFFFFFFFFFFFFFFFFFFFFFFFFFFFFFFF7B
:10DDB800FFFFFFFFFFFFFFFFFFFFFFFFFFFF000069
:10DDC80000000000000000000000FFFFFFFFFFFF51
:10DDD800FFFFFFFFFFFFFFFF485A485A0DF42DFCD5
:10DDE8002DFC2DFC2DFC2DFC4449000000000000FA
:10DDF8000000A48908FB08FB08FB08FB08FB08FBDC
:10DE080008FB08FBE8EA4852912B72030000000067
:10DE18000000E5003A0DE3180000000000000000D3
:10DE2800FFFFFFFFFFFFFFFFFFFFFFFFFFFFFFFFFA
:10DE3800FFFFFFFF000000000000000000000000DE
:10DE48000000000000000000FFFFFFFFFFFFFFFFD2
:10DE5800FFFFFFFFFFFF00000000000000000000C0
:10DE68000000FFFFFFFFFFFFFFFFFFFFFFFFFFFFB8
:10DE7800000000000000000000000000000000009A
:10DE880000000000FFFFFFFFFFFFFFFFFFFFFFFF96
:10DE9800FFFFFFFFFFFFFFFFFFFFFFFFFFFFFFFF8A
:10DEA800FFFFFFFFFFFFFFFFFFFFFFFFFFFFFFFF7A
:10DEB800FFFFFFFFFFFFFFFFFFFFFFFFFFFFFFFF6A
:10DEC800FFFFFFFFFFFFFFFFFFFFFFFFFFFFFFFF5A
:10DED800FFFFFFFFFFFFFFFFFFFFFFFFFFFFFFFF4A
:10DEE800FFFFFFFFFFFFFFFFFFFFFFFFFFFFFFFF3A
:10DEF800FFFFFFFFFFFFFFFFFFFFFFFFFFFF000028
:10DF080000000000000000000000FFFFFFFFFFFF0F
:10DF1800FFFFFFFFFFFF2742274AACD32DFC2DFC54
:10DF28002DFC2DFC2DFC2DFCACE32008000000008E
:10DF3800812808FB08FB08FB08FB08FB08FB08FB1B
:10DF480008FB08FB08FBE8EA4852902BA3000000F6
:10DF58000000000024210000000000000000FFFF76
:10DF6800FFFFFFFFFFFFFFFFFFFFFFFFFFFFFFFFB9
:10DF7800FFFFFFFF0000000000000000000000009D
:10DF8800000000000000FFFFFFFFFFFFFFFFFFFF93
:10DF9800FFFFFFFFFFFF000000000000000000007F
:10DFA8000000FFFFFFFFFFFFFFFFFFFFFFFFFFFF77
:10DFB800FFFF00000000000000000000000000005B
:10DFC80000000000FFFFFFFFFFFFFFFFFFFFFFFF55
:10DFD800FFFFFFFFFFFFFFFFFFFFFFFFFFFFFFFF49
:10DFE800FFFFFFFFFFFFFFFFFFFFFFFFFFFFFFFF39
:10DFF800FFFFFFFFFFFFFFFFFFFFFFFFFFFFFFFF29
:10E00800FFFFFFFFFFFFFFFFFFFFFFFFFFFFFFFF18
:10E01800FFFFFFFFFFFFFFFFFFFFFFFFFFFFFFFF08
:10E02800FFFFFFFFFFFFFFFFFFFFFFFFFFFFFFFFF8
:10E03800FFFFFFFFFFFFFFFFFFFFFFFFFFFF0000E6
:10E0480000000000000000000000FFFFFFFFFFFFCE
:10E05800FFFFFFFFFFFF285AA97A2DFC2DFC2DFC9E
:10E068002DFC2DFC2DFC2DFC8AFBC491000000002A
:10E0780066CA08FB08FB08FB08FB08FB08FB08FB53
:10E0880008FB08FB08FB08FBE8EA4852091A0000ED
:10E098000000000000000000000000000000FFFF7A
:10E0A800FFFFFFFFFFFFFFFFFFFFFFFFFFFFFFFF78
:10E0B800FFFFFFFF0000000000000000000000005C
:10E0C80000000000000000000000FFFFFFFFFFFF4E
:10E0D800FFFFFFFFFFFF000000000000000000003E
:10E0E8000000FFFFFFFFFFFFFFFFFFFFFFFF000034
:10E0F8000000000000000000000000000000000018
:10E1080000000000FFFFFFFFFFFFFFFFFFFFFFFF13
:10E11800FFFFFFFFFFFFFFFFFFFFFFFFFFFFFFFF07
:10E12800FFFFFFFFFFFFFFFFFFFFFFFFFFFFFFFFF7
:10E13800FFFFFFFFFFFFFFFFFFFFFFFFFFFFFFFFE7
:10E14800FFFFFFFFFFFFFFFFFFFFFFFFFFFFFFFFD7
:10E15800FFFFFFFFFFFFFFFFFFFFFFFFFFFFFFFFC7
:10E16800FFFFFFFFFFFFFFFFFFFFFFFFFFFFFFFFB7
:10E17800FFFFFFFFFFFFFFFFFFFFFFFFFFFF0000A5
:10E1880000000000000000000000FFFFFFFFFFFF8D
:10E19800FFFFFFFFFFFF27528CCB2DFC2DFC2DFC32
:10E1A8002DFC2DFC2DFC8AFB08FB08FBC2384369BB
:10E1B80008FB08FB08FB08FB08FB08FB08FB08FB3F
:10E1C80008FB08FB08FB08FB08FBE8E227524100B4
:10E1D8000000000000000000000000000000FFFF39
:10E1E800FFFFFFFFFFFFFFFFFFFFFFFFFFFFFFFF37
:10E1F800FFFFFFFF0000000000000000000000001B
:10E208000000000000000000000000000000FFFF08
:10E21800FFFFFFFFFFFF00000000000000000000FC
:10E228000000FFFFFFFFFFFFFFFF000000000000EE
:10E2380000000000000000000000000000000000D6
:10E2480000000000FFFFFFFFFFFFFFFFFFFFFFFFD2
:10E25800FFFFFFFFFFFFFFFFFFFFFFFFFFFFFFFFC6
:10E26800FFFFFFFFFFFFFFFFFFFFFFFFFFFFFFFFB6
:10E27800FFFFFFFFFFFFFFFFFFFFFFFFFFFFFFFFA6
:10E28800FFFFFFFFFFFFFFFFFFFFFFFFFFFFFFFF96
:10E29800FFFFFFFFFFFFFFFFFFFFFFFFFFFFFFFF86
:10E2A800FFFFFFFFFFFFFFFFFFFFFFFFFFFFFFFF76
:10E2B800FFFFFFFFFFFFFFFFFFFFFFFFFFFF000064
:10E2C80000000000000000000000FFFFFFFFFFFF4C
:10E2D800FFFFFFFFE741074A0DFC2DFC2DFC2DFC3D
:10E2E8002DFC2DFCABFB08FB08FB08FBA7DAE7F2CB
:10E2F80008FB08FB08FB08FB08FB08FB08FB08FBFE
:10E3080008FB08FB08FB08FB08FB08FBE8DA2421EC
:10E31800000000000000000000000000FFFFFFFFF9
:10E32800FFFFFFFFFFFFFFFFFFFFFFFFFFFFFFFFF5
:10E33800FFFFFFFF000000000000000000000000D9
:10E3480000000000000000000000000000000000C5
:10E358000000FFFFFFFF00000000000000000000B9
:10E368000000FFFFFFFF00000000000000000000A9
:10E378000000000000000000000000000000000095
:10E3880000000000FFFFFFFFFFFFFFFFFFFFFFFF91
:10E39800FFFFFFFFFFFFFFFFFFFFFFFFFFFFFFFF85
:10E3A800FFFFFFFFFFFFFFFFFFFFFFFFFFFFFFFF75
:10E3B800FFFFFFFFFFFFFFFFFFFFFFFFFFFFFFFF65
:10E3C800FFFFFFFFFFFFFFFFFFFFFFFFFFFFFFFF55
:10E3D800FFFFFFFFFFFFFFFFFFFFFFFFFFFFFFFF45
:10E3E800FFFFFFFFFFFFFFFFFFFFFFFFFFFFFFFF35
:10E3F800FFFFFFFFFFFFFFFFFFFFFFFFFFFF000023
:10E4080000000000000000000000FFFFFFFFFFFF0A
:10E41800FFFFFFFF074268622DFC2DFC2DFC2DFC41
:10E428002DFCECFB08FB08FB08FB08FB08FB08FBC2
:10E4380008FB08FB08FB08FB08FB08FB08FB08FBBC
:10E4480008FB08FB08FB08FB08FBE8F22762E7412A
:10E45800000000000000000000000000FFFFFFFFB8
:10E46800FFFFFFFFFFFFFFFFFFFFFFFFFFFFFFFFB4
:10E47800FFFFFFFF00000000000000000000000098
:10E488000000000000000000000000000000000084
:10E498000000000000000000000000000000000074
:10E4A8000000000000000000000000000000000064
:10E4B8000000000000000000000000000000000054
:10E4C80000000000FFFFFFFFFFFFFFFFFFFFFFFF50
:10E4D800FFFFFFFFFFFFFFFFFFFFFFFFFFFFFFFF44
:10E4E800FFFFFFFFFFFFFFFFFFFFFFFFFFFFFFFF34
:10E4F800FFFFFFFFFFFFFFFFFFFFFFFFFFFFFFFF24
:10E50800FFFFFFFFFFFFFFFFFFFFFFFFFFFFFFFF13
:10E51800FFFFFFFFFFFFFFFFFFFFFFFFFFFFFFFF03
:10E52800FFFFFFFFFFFFFFFFFFFFFFFFFFFFFFFFF3
:10E53800FFFFFFFFFFFFFFFFFFFFFFFFFFFF0000E1
:10E5480000000000000000000000FFFFFFFFFFFFC9
:10E55800FFFFFFFF0742A97A2DFC2DFC2DFC2DFCA7
:10E568002DFC49FB08FB08FB08FB08FB08FB08FB24
:10E5780008FB08FB08FB08FB08FB08FB08FB08FB7B
:10E5880008FB08FB08FB08FB08EB2762074AAA52AE
:10E5980000000000000000000000FFFFFFFFFFFF79
:10E5A800FFFFFFFFFFFFFFFFFFFFFFFFFFFFFFFF73
:10E5B800FFFFFFFF00000000000000000000000057
:10E5C8000000000000000000000000000000000043
:10E5D8000000000000000000000000000000000033
:10E5E8000000000000000000000000000000000023
:10E5F8000000000000000000000000000000000013
:10E6080000000000FFFFFFFFFFFFFFFFFFFFFFFF0E
:10E61800FFFFFFFFFFFFFFFFFFFFFFFFFFFFFFFF02
:10E62800FFFFFFFFFFFFFFFFFFFFFFFFFFFFFFFFF2
:10E63800FFFFFFFFFFFFFFFFFFFFFFFFFFFFFFFFE2
:10E64800FFFFFFFFFFFFFFFFFFFFFFFFFFFFFFFFD2
:10E65800FFFFFFFFFFFFFFFFFFFFFFFFFFFFFFFFC2
:10E66800FFFFFFFFFFFFFFFFFFFFFFFFFFFFFFFFB2
:10E67800FFFFFFFFFFFFFFFFFFFFFFFFFFFF0000A0
:10E6880000000000000000000000FFFFFFFFFFFF88
:10E69800FFFFFFFF074289722DFC2DFC2DFC2DFC8E
:10E6A800CCFB08FB08FB08FB08FB08FB08FB08FB86
:10E6B80008FB08FB08FB08FB08FB08FB08FB08FB3A
:10E6C80008FB08FB08FBE8F22762074A0842FFFF3D
:10E6D80000000000000000000000FFFFFFFFFFFF38
:10E6E800FFFFFFFFFFFFFFFFFFFFFFFFFFFFFFFF32
:10E6F800FFFFFFFF00000000000000000000000016
:10E708000000000000000000000000000000000001
:10E7180000000000000000000000000000000000F1
:10E7280000000000000000000000000000000000E1
:10E7380000000000000000000000000000000000D1
:10E7480000000000FFFFFFFFFFFFFFFFFFFFFFFFCD
:10E75800FFFFFFFFFFFFFFFFFFFFFFFFFFFFFFFFC1
:10E76800FFFFFFFFFFFFFFFFFFFFFFFFFFFFFFFFB1
:10E77800FFFFFFFFFFFFFFFFFFFFFFFFFFFFFFFFA1
:10E78800FFFFFFFFFFFFFFFFFFFFFFFFFFFFFFFF91
:10E79800FFFFFFFFFFFFFFFFFFFFFFFFFFFFFFFF81
:10E7A800FFFFFFFFFFFFFFFFFFFFFFFFFFFFFFFF71
:10E7B800FFFFFFFFFFFFFFFFFFFFFFFFFFFF00005F
:10E7C80000000000000000000000FFFFFFFFFFFF47
:10E7D800FFFFFFFF074248622DFC2DFC2DFC2DFC9E
:10E7E8006AFB08FB08FB08FB08FB08FB08FB08FBA7
:10E7F80008FB08FB08FB08FB08FB08FB08FB08FBF9
:10E8080008FB08FB08EB2762074AAA52FFFFFFFF35
:10E81800FFFF000000000000FFFFFFFFFFFFFFFFFA
:10E82800FFFFFFFFFFFFFFFFFFFFFFFFFFFFFFFFF0
:10E83800FFFFFFFF000000000000000000000000D4
:10E8480000000000000000000000000000000000C0
:10E8580000000000000000000000000000000000B0
:10E8680000000000000000000000000000000000A0
:10E878000000000000000000000000000000000090
:10E8880000000000FFFFFFFFFFFFFFFFFFFFFFFF8C
:10E89800FFFFFFFFFFFFFFFFFFFFFFFFFFFFFFFF80
:10E8A800FFFFFFFFFFFFFFFFFFFFFFFFFFFFFFFF70
:10E8B800FFFFFFFFFFFFFFFFFFFFFFFFFFFFFFFF60
:10E8C800FFFFFFFFFFFFFFFFFFFFFFFFFFFFFFFF50
:10E8D800FFFFFFFFFFFFFFFFFFFFFFFFFFFFFFFF40
:10E8E800FFFFFFFFFFFFFFFFFFFFFFFFFFFFFFFF30
:10E8F800FFFFFFFFFFFFFFFFFFFFFFFFFFFF00001E
:10E9080000000000000000000000FFFFFFFFFFFF05
:10E91800FFFFFFFF084A074A0DF42DFC2DFC2DFCD4
:10E9280028FB08FB08FB08FB08FB08FB08FB08FBA7
:10E9380008FB08FB08FB08FB08FB08FB08FB08FBB7
:10E9480008FB08EB2762074AAA52FFFFFFFFFFFFF9
:10E95800FFFF000000000000FFFFFFFFFFFFFFFFB9
:10E96800FFFFFFFFFFFFFFFFFFFFFFFFFFFFFFFFAF
:10E97800FFFFFFFF00000000000000000000000093
:10E98800000000000000000000000000000000007F
:10E99800000000000000000000000000000000006F
:10E9A800000000000000000000000000000000005F
:10E9B800000000000000000000000000000000004F
:10E9C80000000000FFFFFFFFFFFFFFFFFFFFFFFF4B
:10E9D800FFFFFFFFFFFFFFFFFFFFFFFFFFFFFFFF3F
:10E9E800FFFFFFFFFFFFFFFFFFFFFFFFFFFFFFFF2F
:10E9F800FFFFFFFFFFFFFFFFFFFFFFFFFFFFFFFF1F
:10EA0800FFFFFFFFFFFFFFFFFFFFFFFFFFFFFFFF0E
:10EA1800FFFFFFFFFFFFFFFFFFFFFFFFFFFFFFFFFE
:10EA2800FFFFFFFFFFFFFFFFFFFFFFFFFFFFFFFFEE
:10EA3800FFFFFFFFFFFFFFFFFFFFFFFFFFFF0000DC
:10EA480000000000000000000000FFFFFFFFFFFFC4
:10EA5800FFFFFFFFFFFF27526BBB2DFC2DFC2DFC9A
:10EA680008FB08FB08FB08FB08FB08FB08FB08FB86
:10EA780008FB08FB08FB08FB08FB08FB08FB08FB76
:10EA880008EB2762074AAA52FFFFFFFFFFFFFFFFBD
:10EA9800FFFFFFFF0000FFFFFFFFFFFFFFFFFFFF7C
:10EAA800FFFFFFFFFFFFFFFFFFFFFFFFFFFFFFFF6E
:10EAB800FFFFFFFF00000000000000000000000052
:10EAC800000000000000000000000000000000003E
:10EAD800000000000000000000000000000000002E
:10EAE800000000000000000000000000000000001E
:10EAF800000000000000000000000000000000000E
:10EB080000000000FFFFFFFFFFFFFFFFFFFFFFFF09
:10EB1800FFFFFFFFFFFFFFFFFFFFFFFFFFFFFFFFFD
:10EB2800FFFFFFFFFFFFFFFFFFFFFFFFFFFFFFFFED
:10EB3800FFFFFFFFFFFFFFFFFFFFFFFFFFFFFFFFDD
:10EB4800FFFFFFFFFFFFFFFFFFFFFFFFFFFFFFFFCD
:10EB5800FFFFFFFFFFFFFFFFFFFFFFFFFFFFFFFFBD
:10EB6800FFFFFFFFFFFFFFFFFFFFFFFFFFFFFFFFAD
:10EB7800FFFFFFFFFFFFFFFFFFFFFFFFFFFF00009B
:10EB880000000000000000000000FFFFFFFFFFFF83
:10EB9800FFFFFFFFFFFF074A686A2DFC2DFC0DFCF5
:10EBA80008FB08FB08FB08FB08FB08FB08FB08FB45
:10EBB80008FB08FB08FB08FB08FB08FB08FBE8F25E
:10EBC8002762074AAA52FFFFFFFFFFFFFFFFFFFF71
:10EBD800FFFFFFFFFFFFFFFFFFFFFFFFFFFFFFFF3D
:10EBE800FFFFFFFFFFFFFFFFFFFFFFFFFFFFFFFF2D
:10EBF800FFFFFFFF00000000000000000000000011
:10EC080000000000000000000000000000000000FC
:10EC180000000000000000000000000000000000EC
:10EC280000000000000000000000000000000000DC
:10EC380000000000000000000000000000000000CC
:10EC480000000000FFFFFFFFFFFFFFFFFFFFFFFFC8
:10EC5800FFFFFFFFFFFFFFFFFFFFFFFFFFFFFFFFBC
:10EC6800FFFFFFFFFFFFFFFFFFFFFFFFFFFFFFFFAC
:10EC7800FFFFFFFFFFFFFFFFFFFFFFFFFFFFFFFF9C
:10EC8800FFFFFFFFFFFFFFFFFFFFFFFFFFFFFFFF8C
:10EC9800FFFFFFFFFFFFFFFFFFFFFFFFFFFFFFFF7C
:10ECA800FFFFFFFFFFFFFFFFFFFFFFFFFFFFFFFF6C
:10ECB800FFFFFFFFFFFFFFFFFFFFFFFFFFFF00005A
:10ECC80000000000000000000000FFFFFFFFFFFF42
:10ECD800FFFFFFFFFFFFC73927526BBB2DFC0DFC61
:10ECE80008FB08FB08FB08FB08FB08FB08FB08FB04
:10ECF80008FB08FB08FB08FB08FB08FBE8F2276297
:10ED0800074AAA52FFFFFFFFFFFFFFFFFFFFFFFFBA
:10ED1800FFFFFFFFFFFFFFFFFFFFFFFFFFFFFFFFFB
:10ED2800FFFFFFFFFFFFFFFFFFFFFFFFFFFFFFFFEB
:10ED3800FFFFFFFF000000000000000000000000CF
:10ED480000000000000000000000000000000000BB
:10ED580000000000000000000000000000000000AB
:10ED6800000000000000000000000000000000009B
:10ED7800000000000000000000000000000000008B
:10ED880000000000FFFFFFFFFFFFFFFFFFFFFFFF87
:10ED9800FFFFFFFFFFFFFFFFFFFFFFFFFFFFFFFF7B
:10EDA800FFFFFFFFFFFFFFFFFFFFFFFFFFFFFFFF6B
:10EDB800FFFFFFFFFFFFFFFFFFFFFFFFFFFFFFFF5B
:10EDC800FFFFFFFFFFFFFFFFFFFFFFFFFFFFFFFF4B
:10EDD800FFFFFFFFFFFFFFFFFFFFFFFFFFFFFFFF3B
:10EDE800FFFFFFFFFFFFFFFFFFFFFFFFFFFFFFFF2B
:10EDF800FFFFFFFFFFFFFFFFFFFFFFFFFFFF000019
:10EE080000000000000000000000FFFFFFFFFFFF00
:10EE1800FFFFFFFFFFFFFFFF0742274ACCE32DFC60
:10EE280028FB08FB08FB08FB08FB08FB08FB08FBA2
:10EE380008FB08FB08FB08FB08FBE8F22762074A07
:10EE4800AA52FFFFFFFFFFFFFFFFFFFFFFFFFFFFCC
:10EE5800FFFFFFFFFFFFFFFFFFFFFFFFFFFFFFFFBA
:10EE6800FFFFFFFFFFFFFFFFFFFFFFFFFFFFFFFFAA
:10EE7800FFFFFFFF0000000000000000000000008E
:10EE8800000000000000000000000000000000007A
:10EE9800000000000000000000000000000000006A
:10EEA800000000000000000000000000000000005A
:10EEB800000000000000000000000000000000004A
:10EEC80000000000FFFFFFFFFFFFFFFFFFFFFFFF46
:10EED800FFFFFFFFFFFFFFFFFFFFFFFFFFFFFFFF3A
:10EEE800FFFFFFFFFFFFFFFFFFFFFFFFFFFFFFFF2A
:10EEF800FFFFFFFFFFFFFFFFFFFFFFFFFFFFFFFF1A
:10EF0800FFFFFFFFFFFFFFFFFFFFFFFFFFFFFFFF09
:10EF1800FFFFFFFFFFFFFFFFFFFFFFFFFFFFFFFFF9
:10EF2800FFFFFFFFFFFFFFFFFFFFFFFFFFFFFFFFE9
:10EF3800FFFFFFFFFFFFFFFFFFFFFFFFFFFF0000D7
:10EF480000000000000000000000FFFFFFFFFFFFBF
:10EF5800FFFFFFFFFFFFFFFFFFFF274A485ACCDBF9
:10EF680049FB08FB08FB08FB08FB08FB08FB08FB40
:10EF780008FB08FB08FB08FBE8E2275A074AAA52E5
:10EF8800FFFFFFFFFFFFFFFFFFFFFFFFFFFFFFFF89
:10EF9800FFFFFFFFFFFFFFFFFFFFFFFFFFFFFFFF79
:10EFA800FFFFFFFFFFFFFFFFFFFFFFFFFFFFFFFF69
:10EFB800FFFFFFFF0000000000000000000000004D
:10EFC8000000000000000000000000000000000039
:10EFD8000000000000000000000000000000000029
:10EFE8000000000000000000000000000000000019
:10EFF8000000000000000000000000000000000009
:10F0080000000000FFFFFFFFFFFFFFFFFFFFFFFF04
:10F01800FFFFFFFFFFFFFFFFFFFFFFFFFFFFFFFFF8
:10F02800FFFFFFFFFFFFFFFFFFFFFFFFFFFFFFFFE8
:10F03800FFFFFFFFFFFFFFFFFFFFFFFFFFFFFFFFD8
:10F04800FFFFFFFFFFFFFFFFFFFFFFFFFFFFFFFFC8
:10F05800FFFFFFFFFFFFFFFFFFFFFFFFFFFFFFFFB8
:10F06800FFFFFFFFFFFFFFFFFFFFFFFFFFFFFFFFA8
:10F07800FFFFFFFFFFFFFFFFFFFFFFFFFFFF000096
:10F0880000000000000000000000FFFFFFFFFFFF7E
:10F09800FFFFFFFFFFFFFFFFFFFF0000274A074AB0
:10F0A80009BB08FB08FB08FB08FB08FB08FB08FB7F
:10F0B80008FB08FB08FBA8C2074A074AAA52FFFF39
:10F0C800FFFFFFFFFFFFFFFFFFFFFFFFFFFFFFFF48
:10F0D800FFFFFFFFFFFFFFFFFFFFFFFFFFFFFFFF38
:10F0E800FFFFFFFFFFFFFFFFFFFFFFFFFFFFFFFF28
:10F0F800FFFFFFFF0000000000000000000000000C
:10F108000000FFFFFFFFFFFFFFFF000000000000FF
:10F118000000000000000000FFFFFFFFFFFFFFFFEF
:10F128000000000000000000000000000000FFFFD9
:10F13800FFFFFFFFFFFF00000000000000000000CD
:10F1480000000000FFFFFFFFFFFFFFFFFFFFFFFFC3
:10F15800FFFFFFFFFFFFFFFFFFFFFFFFFFFFFFFFB7
:10F16800FFFFFFFFFFFFFFFFFFFFFFFFFFFFFFFFA7
:10F17800FFFFFFFFFFFFFFFFFFFFFFFFFFFFFFFF97
:10F18800FFFFFFFFFFFFFFFFFFFFFFFFFFFFFFFF87
:10F19800FFFFFFFFFFFFFFFFFFFFFFFFFFFFFFFF77
:10F1A800FFFFFFFFFFFFFFFFFFFFFFFFFFFFFFFF67
:10F1B800FFFFFFFFFFFFFFFFFFFFFFFFFFFF000055
:10F1C80000000000000000000000FFFFFFFFFFFF3D
:10F1D800FFFFFFFFFFFFFFFFFFFFFFFFFFFF0742EC
:10F1E800074A2762A8B2E8EA08FB08FB08FB08FB05
:10F1F800E8EAA8BA4762074A0742FFFFFFFFFFFF96
:10F20800FFFFFFFFFFFFFFFFFFFFFFFFFFFFFFFF06
:10F21800FFFFFFFFFFFFFFFFFFFFFFFFFFFFFFFFF6
:10F22800FFFFFFFFFFFFFFFFFFFFFFFFFFFFFFFFE6
:10F23800FFFFFFFF000000000000000000000000CA
:10F24800FFFFFFFFFFFFFFFFFFFFFFFF00000000C2
:10F25800000000000000FFFFFFFFFFFFFFFFFFFFB0
:10F26800FFFF00000000000000000000FFFFFFFF9C
:10F27800FFFFFFFFFFFFFFFF00000000000000008E
:10F2880000000000FFFFFFFFFFFFFFFFFFFFFFFF82
:10F29800FFFFFFFFFFFFFFFFFFFFFFFFFFFFFFFF76
:10F2A800FFFFFFFFFFFFFFFFFFFFFFFFFFFFFFFF66
:10F2B800FFFFFFFFFFFFFFFFFFFFFFFFFFFFFFFF56
:10F2C800FFFFFFFFFFFFFFFFFFFFFFFFFFFFFFFF46
:10F2D800FFFFFFFFFFFFFFFFFFFFFFFFFFFFFFFF36
:10F2E800FFFFFFFFFFFFFFFFFFFFFFFFFFFFFFFF26
:10F2F800FFFFFFFFFFFFFFFFFFFFFFFFFFFF000014
:10F3080000000000000000000000FFFFFFFFFFFFFB
:10F31800FFFFFFFFFFFFFFFFFFFFFFFFFFFFFFFFF5
:10F32800A5520742074A0742075227622762075237
:10F338000742074A0742C739FFFFFFFFFFFFFFFFEA
:10F34800FFFFFFFFFFFFFFFFFFFFFFFFFFFFFFFFC5
:10F35800FFFFFFFFFFFFFFFFFFFFFFFFFFFFFFFFB5
:10F36800FFFFFFFFFFFFFFFFFFFFFFFFFFFFFFFFA5
:10F37800FFFFFFFF00000000000000000000000089
:10F38800FFFFFFFFFFFFFFFFFFFFFFFF0000000081
:10F39800000000000000FFFFFFFFFFFFFFFFFFFF6F
:10F3A800FFFFFFFF0000000000000000FFFFFFFF5D
:10F3B800FFFFFFFFFFFFFFFFFFFF0000000000004F
:10F3C80000000000FFFFFFFFFFFFFFFFFFFFFFFF41
:10F3D800FFFFFFFFFFFFFFFFFFFFFFFFFFFFFFFF35
:10F3E800FFFFFFFFFFFFFFFFFFFFFFFFFFFFFFFF25
:10F3F800FFFFFFFFFFFFFFFFFFFFFFFFFFFFFFFF15
:10F40800FFFFFFFFFFFFFFFFFFFFFFFFFFFFFFFF04
:10F41800FFFFFFFFFFFFFFFFFFFFFFFFFFFFFFFFF4
:10F42800FFFFFFFFFFFFFFFFFFFFFFFFFFFFFFFFE4
:10F43800FFFFFFFFFFFFFFFFFFFFFFFFFFFF0000D2
:10F4480000000000000000000000FFFFFFFFFFFFBA
:10F45800FFFFFFFFFFFFFFFFFFFFFFFFFFFFFFFFB4
:10F46800FFFFFFFFFFFF064207420742074207422E
:10F478002742FFFFFFFFFFFFFFFFFFFFFFFFFFFF29
:10F48800FFFFFFFFFFFFFFFFFFFFFFFFFFFFFFFF84
:10F49800FFFFFFFFFFFFFFFFFFFFFFFFFFFFFFFF74
:10F4A800FFFFFFFFFFFFFFFFFFFFFFFFFFFFFFFF64
:10F4B800FFFFFFFF00000000000000000000000048
:10F4C800FFFFFFFFFFFFFFFFFFFFFFFF0000000040
:10F4D800000000000000FFFFFFFFFFFFFFFFFFFF2E
:10F4E800FFFFFFFF0000000000000000FFFFFFFF1C
:10F4F800FFFFFFFFFFFFFFFFFFFF0000000000000E
:10F5080000000000FFFFFFFFFFFFFFFFFFFFFFFFFF
:10F51800FFFFFFFFFFFFFFFFFFFFFFFFFFFFFFFFF3
:10F52800FFFFFFFFFFFFFFFFFFFFFFFFFFFFFFFFE3
:10F53800FFFFFFFFFFFFFFFFFFFFFFFFFFFFFFFFD3
:10F54800FFFFFFFFFFFFFFFFFFFFFFFFFFFFFFFFC3
:10F55800FFFFFFFFFFFFFFFFFFFFFFFFFFFFFFFFB3
:10F56800FFFFFFFFFFFFFFFFFFFFFFFFFFFFFFFFA3
:10F57800FFFFFFFFFFFFFFFFFFFFFFFFFFFF000091
:10F588000000000000000000000000000000000073
:10F598000000000000000000000000000000000063
:10F5A8000000000000000000000000000000000053
:10F5B8000000000000000000000000000000000043
:10F5C8000000000000000000000000000000000033
:10F5D8000000000000000000000000000000000023
:10F5E8000000000000000000000000000000000013
:10F5F8000000000000000000000000000000000003
:10F60800FFFFFFFFFFFFFFFFFFFFFFFF00000000FE
:10F61800000000000000FFFFFFFFFFFFFFFFFFFFEC
:10F62800FFFF000000000000000000000000FFFFD6
:10F63800FFFFFFFFFFFFFFFF0000000000000000CA
:10F6480000000000FFFFFFFFFFFFFFFFFFFFFFFFBE
:10F65800FFFFFFFFFFFFFFFFFFFFFFFFFFFFFFFFB2
:10F66800FFFFFFFFFFFFFFFFFFFFFFFFFFFFFFFFA2
:10F67800FFFFFFFFFFFFFFFFFFFFFFFFFFFFFFFF92
:10F68800FFFFFFFFFFFFFFFFFFFFFFFFFFFFFFFF82
:10F69800FFFFFFFFFFFFFFFFFFFFFFFFFFFFFFFF72
:10F6A800FFFFFFFFFFFFFFFFFFFFFFFFFFFFFFFF62
:10F6B800FFFFFFFFFFFFFFFFFFFFFFFFFFFF000050
:10F6C8000000000000000000000000000000000032
:10F6D8000000000000000000000000000000000022
:10F6E8000000000000000000000000000000000012
:10F6F8000000000000000000000000000000000002
:10F7080000000000000000000000000000000000F1
:10F7180000000000000000000000000000000000E1
:10F7280000000000000000000000000000000000D1
:10F7380000000000000000000000000000000000C1
:10F748000000FFFFFFFFFFFFFFFF000000000000B9
:10F758000000000000000000FFFFFFFFFFFFFFFFA9
:10F768000000000000000000000000000000FFFF93
:10F77800FFFFFFFFFFFF0000000000000000000087
:10F7880000000000FFFFFFFFFFFFFFFFFFFFFFFF7D
:10F79800FFFFFFFFFFFFFFFFFFFFFFFFFFFFFFFF71
:10F7A800FFFFFFFFFFFFFFFFFFFFFFFFFFFFFFFF61
:10F7B800FFFFFFFFFFFFFFFFFFFFFFFFFFFFFFFF51
:10F7C800FFFFFFFFFFFFFFFFFFFFFFFFFFFFFFFF41
:10F7D800FFFFFFFFFFFFFFFFFFFFFFFFFFFFFFFF31
:10F7E800FFFFFFFFFFFFFFFFFFFFFFFFFFFFFFFF21
:10F7F800FFFFFFFFFFFFFFFFFFFFFFFFFFFF00000F
:10F8080000000000000000000000000000000000F0
:10F8180000000000000000000000000000000000E0
:10F8280000000000000000000000000000000000D0
:10F8380000000000000000000000000000000000C0
:10F8480000000000000000000000000000000000B0
:10F8580000000000000000000000000000000000A0
:10F868000000000000000000000000000000000090
:10F878000000000000000000000000000000000080
:10F888000000000000000000000000000000000070
:10F898000000000000000000000000000000000060
:10F8A8000000000000000000000000000000000050
:10F8B8000000000000000000000000000000000040
:10F8C80000000000FFFFFFFFFFFFFFFFFFFFFFFF3C
:10F8D800FFFFFFFFFFFFFFFFFFFFFFFFFFFFFFFF30
:10F8E800FFFFFFFFFFFFFFFFFFFFFFFFFFFFFFFF20
:10F8F800FFFFFFFFFFFFFFFFFFFFFFFFFFFFFFFF10
:10F90800FFFFFFFFFFFFFFFFFFFFFFFFFFFFFFFFFF
:10F91800FFFFFFFFFFFFFFFFFFFFFFFFFFFFFFFFEF
:10F92800FFFFFFFFFFFFFFFFFFFFFFFFFFFFFFFFDF
:10F93800FFFFFFFFFFFFFFFFFFFFFFFFFFFF0000CD
:10F9480000000000000000000000000000000000AF
:10F95800000000000000000000000000000000009F
:10F96800000000000000000000000000000000008F
:10F97800000000000000000000000000000000007F
:10F98800000000000000000000000000000000006F
:10F99800000000000000000000000000000000005F
:10F9A800000000000000000000000000000000004F
:10F9B800000000000000000000000000000000003F
:10F9C800000000000000000000000000000000002F
:10F9D800000000000000000000000000000000001F
:10F9E800000000000000000000000000000000000F
:10F9F80000000000000000000000000000000000FF
:10FA080000000000FFFFFFFFFFFFFFFFFFFFFFFFFA
:10FA1800FFFFFFFFFFFFFFFFFFFFFFFFFFFFFFFFEE
:10FA2800FFFFFFFFFFFFFFFFFFFFFFFFFFFFFFFFDE
:10FA3800FFFFFFFFFFFFFFFFFFFFFFFFFFFFFFFFCE
:10FA4800FFFFFFFFFFFFFFFFFFFFFFFFFFFFFFFFBE
:10FA5800FFFFFFFFFFFFFFFFFFFFFFFFFFFFFFFFAE
:10FA6800FFFFFFFFFFFFFFFFFFFFFFFFFFFFFFFF9E
:10FA7800FFFFFFFFFFFFFFFFFFFFFFFFFFFF00008C
:10FA8800000000000000000000000000000000006E
:10FA9800000000000000000000000000000000005E
:10FAA800000000000000000000000000000000004E
:10FAB800000000000000000000000000000000003E
:10FAC800000000000000000000000000000000002E
:10FAD800000000000000000000000000000000001E
:10FAE800000000000000000000000000000000000E
:10FAF80000000000000000000000000000000000FE
:10FB080000000000000000000000000000000000ED
:10FB180000000000000000000000000000000000DD
:10FB280000000000000000000000000000000000CD
:10FB380000000000000000000000000000000000BD
:10FB480000000000FFFFFFFFFFFFFFFFFFFFFFFFB9
:10FB5800FFFFFFFFFFFFFFFFFFFFFFFFFFFFFFFFAD
:10FB6800FFFFFFFFFFFFFFFFFFFFFFFFFFFFFFFF9D
:10FB7800FFFFFFFFFFFFFFFFFFFFFFFFFFFFFFFF8D
:10FB8800FFFFFFFFFFFFFFFFFFFFFFFFFFFFFFFF7D
:10FB9800FFFFFFFFFFFFFFFFFFFFFFFFFFFFFFFF6D
:10FBA800FFFFFFFFFFFFFFFFFFFFFFFFFFFFFFFF5D
:10FBB800FFFFFFFFFFFFFFFFFFFFFFFFFFFF00004B
:10FBC800000000000000000000000000000000002D
:10FBD800000000000000000000000000000000001D
:10FBE800000000000000000000000000000000000D
:10FBF80000000000000000000000000000000000FD
:10FC080000000000000000000000000000000000EC
:10FC180000000000000000000000000000000000DC
:10FC280000000000000000000000000000000000CC
:10FC380000000000000000000000000000000000BC
:10FC480000000000000000000000000000000000AC
:10FC5800000000000000000000000000000000009C
:10FC6800000000000000000000000000000000008C
:10FC7800000000000000000000000000000000007C
:10FC880000000000FFFFFFFFFFFFFFFFFFFFFFFF78
:10FC9800FFFFFFFFFFFFFFFFFFFFFFFFFFFFFFFF6C
:10FCA800FFFFFFFFFFFFFFFFFFFFFFFFFFFFFFFF5C
:10FCB800FFFFFFFFFFFFFFFFFFFFFFFFFFFFFFFF4C
:10FCC800FFFFFFFFFFFFFFFFFFFFFFFFFFFFFFFF3C
:10FCD800FFFFFFFFFFFFFFFFFFFFFFFFFFFFFFFF2C
:10FCE800FFFFFFFFFFFFFFFFFFFFFFFFFFFFFFFF1C
:10FCF800FFFFFFFFFFFFFFFFFFFFFFFFFFFF00000A
:10FD080000000000000000000000000000000000EB
:10FD180000000000000000000000000000000000DB
:10FD280000000000000000000000000000000000CB
:10FD380000000000000000000000000000000000BB
:10FD480000000000000000000000000000000000AB
:10FD5800000000000000000000000000000000009B
:10FD6800000000000000000000000000000000008B
:10FD7800000000000000000000000000000000007B
:10FD8800000000000000000000000000000000006B
:10FD9800000000000000000000000000000000005B
:10FDA800000000000000000000000000000000004B
:10FDB800000000000000000000000000000000003B
:10FDC80000000000FFFFFFFFFFFFFFFFFFFFFFFF37
:10FDD800FFFFFFFFFFFFFFFFFFFFFFFFFFFFFFFF2B
:10FDE800FFFFFFFFFFFFFFFFFFFFFFFFFFFFFFFF1B
:10FDF800FFFFFFFFFFFFFFFFFFFFFFFFFFFFFFFF0B
:10FE0800FFFFFFFFFFFFFFFFFFFFFFFFFFFFFFFFFA
:10FE1800FFFFFFFFFFFFFFFFFFFFFFFFFFFFFFFFEA
:10FE2800FFFFFFFFFFFFFFFFFFFFFFFFFFFFFFFFDA
:10FE3800FFFFFFFFFFFFFFFFFFFFFFFFFFFF0000C8
:10FE480000000000000000000000000000000000AA
:10FE5800000000000000000000000000000000009A
:10FE6800000000000000000000000000000000008A
:10FE7800000000000000000000000000000000007A
:10FE8800000000000000000000000000000000006A
:10FE9800000000000000000000000000000000005A
:10FEA800000000000000000000000000000000004A
:10FEB800000000000000000000000000000000003A
:10FEC800000000000000000000000000000000002A
:10FED800000000000000000000000000000000001A
:10FEE800000000000000000000000000000000000A
:10FEF80000000000000000000000000000000000FA
:10FF080000000000FFFFFFFFFFFFFFFFFFFFFFFFF5
:10FF1800FFFFFFFFFFFFFFFFFFFFFFFFFFFFFFFFE9
:10FF2800FFFFFFFFFFFFFFFFFFFFFFFFFFFFFFFFD9
:10FF3800FFFFFFFFFFFFFFFFFFFFFFFFFFFFFFFFC9
:10FF4800FFFFFFFFFFFFFFFFFFFFFFFFFFFFFFFFB9
:10FF5800FFFFFFFFFFFFFFFFFFFFFFFFFFFFFFFFA9
:10FF6800FFFFFFFFFFFFFFFFFFFFFFFFFFFFFFFF99
:10FF7800FFFFFFFFFFFFFFFFFFFFFFFFFFFF000087
:10FF88000000000000000000000000000000000069
:10FF98000000000000000000000000000000000059
:10FFA8000000000000000000000000000000000049
:10FFB8000000000000000000000000000000000039
:10FFC8000000000000000000000000000000000029
:10FFD8000000000000000000000000000000000019
:10FFE8000000000000000000000000000000000009
:08FFF800000000000000000001
:020000041001E9
:1000000000000000000000000000000000000000F0
:1000100000000000000000000000000000000000E0
:1000200000000000000000000000000000000000D0
:1000300000000000000000000000000000000000C0
:10004000000000000000000000000000FFFFFFFFB4
:10005000FFFFFFFFFFFFFFFFFFFFFFFFFFFFFFFFB0
:10006000FFFFFFFFFFFFFFFFFFFFFFFFFFFFFFFFA0
:10007000FFFFFFFFFFFFFFFFFFFFFFFFFFFFFFFF90
:10008000FFFFFFFFFFFFFFFFFFFFFFFFFFFFFFFF80
:10009000FFFFFFFFFFFFFFFFFFFFFFFFFFFFFFFF70
:1000A000FFFFFFFFFFFFFFFFFFFFFFFFFFFFFFFF60
:1000B000FFFFFFFFFFFFFFFFFFFFFFFFFFFFFFFF50
:1000C000FFFFFFFFFFFF0000000000000000000036
:1000D0000000000000000000000000000000000020
:1000E0000000000000000000000000000000000010
:1000F0000000000000000000000000000000000000
:1001000000000000000000000000000000000000EF
:1001100000000000000000000000000000000000DF
:1001200000000000000000000000000000000000CF
:1001300000000000000000000000000000000000BF
:1001400000000000000000000000000000000000AF
:10015000000000000000000000000000000000009F
:10016000000000000000000000000000000000008F
:10017000000000000000000000000000000000007F
:10018000000000000000000000000000FFFFFFFF73
:10019000FFFFFFFFFFFFFFFFFFFFFFFFFFFFFFFF6F
:1001A000FFFFFFFFFFFFFFFFFFFFFFFFFFFFFFFF5F
:1001B000FFFFFFFFFFFFFFFFFFFFFFFFFFFFFFFF4F
:1001C000FFFFFFFFFFFFFFFFFFFFFFFFFFFFFFFF3F
:1001D000FFFFFFFFFFFFFFFFFFFFFFFFFFFFFFFF2F
:1001E000FFFFFFFFFFFFFFFFFFFFFFFFFFFFFFFF1F
:1001F000FFFFFFFFFFFFFFFFFFFFFFFFFFFFFFFF0F
:10020000FFFFFFFFFFFF00000000000000000000F4
:1002100000000000000000000000000000000000DE
:1002200000000000000000000000000000000000CE
:1002300000000000000000000000000000000000BE
:1002400000000000000000000000000000000000AE
:10025000000000000000000000000000000000009E
:10026000000000000000000000000000000000008E
:10027000000000000000000000000000000000007E
:10028000000000000000000000000000000000006E
:10029000000000000000000000000000000000005E
:1002A000000000000000000000000000000000004E
:1002B000000000000000000000000000000000003E
:1002C000000000000000000000000000FFFFFFFF32
:1002D000FFFFFFFFFFFFFFFFFFFFFFFFFFFFFFFF2E
:1002E000FFFFFFFFFFFFFFFFFFFFFFFFFFFFFFFF1E
:1002F000FFFFFFFFFFFFFFFFFFFFFFFFFFFFFFFF0E
:10030000FFFFFFFFFFFFFFFFFFFFFFFFFFFFFFFFFD
:10031000FFFFFFFFFFFFFFFFFFFFFFFFFFFFFFFFED
:10032000FFFFFFFFFFFFFFFFFFFFFFFFFFFFFFFFDD
:10033000FFFFFFFFFFFFFFFFFFFFFFFFFFFFFFFFCD
:10034000FFFFFFFFFFFFFFFFFFFFFFFFFFFFFFFFBD
:10035000FFFFFFFFFFFFFFFFFFFFFFFF00000000A9
:10036000000000000000000000000000000000008D
:10037000000000000000000000000000FFFFFFFF81
:10038000FFFFFFFFFFFFFFFFFFFFFFFFFFFFFFFF7D
:10039000FFFFFFFFFFFFFFFFFFFFFFFFFFFFFFFF6D
:1003A000FFFFFFFFFFFFFFFFFFFFFFFFFFFFFFFF5D
:1003B000FFFFFFFFFFFFFFFFFFFFFFFFFFFFFFFF4D
:1003C000FFFFFFFFFFFFFFFFFFFFFFFFFFFFFFFF3D
:1003D000FFFFFFFFFFFF0000000000000000000023
:1003E000000000000000000000000000000000000D
:1003F0000000000000000000FFFFFFFFFFFFFFFF05
:10040000FFFFFFFFFFFFFFFFFFFFFFFFFFFFFFFFFC
:10041000FFFFFFFFFFFFFFFFFFFFFFFFFFFFFFFFEC
:10042000FFFFFFFFFFFFFFFFFFFFFFFFFFFFFFFFDC
:10043000FFFFFFFFFFFFFFFFFFFFFFFFFFFFFFFFCC
:10044000FFFFFFFFFFFFFFFFFFFFFFFFFFFFFFFFBC
:10045000FFFFFFFFFFFFFFFFFFFFFFFFFFFFFFFFAC
:10046000FFFFFFFFFFFFFFFFFFFFFFFFFFFFFFFF9C
:10047000FFFFFFFFFFFFFFFFFFFFFFFFFFFFFFFF8C
:10048000FFFFFFFFFFFFFFFFFFFFFFFFFFFFFFFF7C
:10049000FFFFFFFFFFFFFFFFFFFFFFFF0000000068
:1004A000000000000000000000000000000000004C
:1004B000000000000000000000000000FFFFFFFF40
:1004C000FFFFFFFFFFFFFFFFFFFFFFFFFFFFFFFF3C
:1004D000FFFFFFFFFFFFFFFFFFFFFFFFFFFFFFFF2C
:1004E000FFFFFFFFFFFFFFFFFFFFFFFFFFFFFFFF1C
:1004F000FFFFFFFFFFFFFFFFFFFFFFFFFFFFFFFF0C
:10050000FFFFFFFFFFFFFFFFFFFFFFFFFFFFFFFFFB
:10051000FFFFFFFFFFFF00000000000000000000E1
:1005200000000000000000000000000000000000CB
:100530000000000000000000FFFFFFFFFFFFFFFFC3
:10054000FFFFFFFFFFFFFFFFFFFFFFFFFFFFFFFFBB
:10055000FFFFFFFFFFFFFFFFFFFFFFFFFFFFFFFFAB
:10056000FFFFFFFFFFFFFFFFFFFFFFFFFFFFFFFF9B
:10057000FFFFFFFFFFFFFFFFFFFFFFFFFFFFFFFF8B
:10058000FFFFFFFFFFFFFFFFFFFFFFFFFFFFFFFF7B
:10059000FFFFFFFFFFFFFFFFFFFFFFFFFFFFFFFF6B
:1005A000FFFFFFFFFFFFFFFFFFFFFFFFFFFFFFFF5B
:1005B000FFFFFFFFFFFFFFFFFFFFFFFFFFFFFFFF4B
:1005C000FFFFFFFFFFFFFFFFFFFFFFFFFFFFFFFF3B
:1005D000FFFFFFFFFFFFFFFFFFFFFFFF0000000027
:1005E000000000000000000000000000000000000B
:1005F000000000000000000000000000FFFFFFFFFF
:10060000FFFFFFFFFFFFFFFFFFFFFFFFFFFFFFFFFA
:10061000FFFFFFFFFFFFFFFFFFFFFFFFFFFFFFFFEA
:10062000FFFFFFFFFFFFFFFFFFFFFFFFFFFFFFFFDA
:10063000FFFFFFFFFFFFFFFFFFFFFFFFFFFFFFFFCA
:10064000FFFFFFFFFFFFFFFFFFFFFFFFFFFFFFFFBA
:10065000FFFFFFFFFFFF00000000000000000000A0
:10066000000000000000000000000000000000008A
:100670000000000000000000FFFFFFFFFFFFFFFF82
:10068000FFFFFFFFFFFFFFFFFFFFFFFFFFFFFFFF7A
:10069000FFFFFFFFFFFFFFFFFFFFFFFFFFFFFFFF6A
:1006A000FFFFFFFFFFFFFFFFFFFFFFFFFFFFFFFF5A
:1006B000FFFFFFFFFFFFFFFFFFFFFFFFFFFFFFFF4A
:1006C000FFFFFFFFFFFFFFFFFFFFFFFFFFFFFFFF3A
:1006D000FFFFFFFFFFFFFFFFFFFFFFFFFFFFFFFF2A
:1006E000FFFFFFFFFFFFFFFFFFFFFFFFFFFFFFFF1A
:1006F000FFFFFFFFFFFFFFFFFFFFFFFFFFFFFFFF0A
:10070000FFFFFFFFFFFFFFFFFFFFFFFFFFFFFFFFF9
:10071000FFFFFFFFFFFFFFFFFFFFFFFF00000000E5
:1007200000000000000000000000000000000000C9
:10073000000000000000000000000000FFFFFFFFBD
:10074000FFFFFFFFFFFFFFFFFFFFFFFFFFFFFFFFB9
:10075000FFFFFFFFFFFFFFFFFFFFFFFFFFFFFFFFA9
:10076000FFFFFFFFFFFFFFFFFFFFFFFFFFFFFFFF99
:10077000FFFFFFFFFFFFFFFFFFFFFFFFFFFFFFFF89
:10078000FFFFFFFFFFFFFFFFFFFFFFFFFFFFFFFF79
:10079000FFFFFFFFFFFFFFFF000000000000000061
:1007A0000000000000000000000000000000000049
:1007B0000000000000000000FFFFFFFFFFFFFFFF41
:1007C000FFFFFFFFFFFFFFFFFFFFFFFFFFFFFFFF39
:1007D000FFFFFFFFFFFFFFFFFFFFFFFFFFFFFFFF29
:1007E000FFFFFFFFFFFFFFFFFFFFFFFFFFFFFFFF19
:1007F000FFFFFFFFFFFFFFFFFFFFFFFFFFFFFFFF09
:10080000FFFFFFFFFFFFFFFFFFFFFFFFFFFFFFFFF8
:10081000FFFFFFFFFFFFFFFFFFFFFFFFFFFFFFFFE8
:10082000FFFFFFFFFFFFFFFFFFFFFFFFFFFFFFFFD8
:10083000FFFFFFFFFFFFFFFFFFFFFFFFFFFFFFFFC8
:10084000FFFFFFFFFFFFFFFFFFFFFFFFFFFFFFFFB8
:10085000FFFFFFFFFFFFFFFFFFFFFFFF00000000A4
:100860000000000000000000000000000000000088
:10087000000000000000000000000000FFFFFFFF7C
:10088000FFFFFFFFFFFFFFFFFFFFFFFFFFFFFFFF78
:10089000FFFFFFFFFFFFFFFFFFFFFFFFFFFFFFFF68
:1008A000FFFFFFFFFFFFFFFFFFFFFFFFFFFFFFFF58
:1008B000FFFFFFFFFFFFFFFFFFFFFFFFFFFFFFFF48
:1008C000FFFFFFFFFFFFFFFFFFFFFFFFFFFFFFFF38
:1008D000FFFFFFFFFFFFFFFF000000000000000020
:1008E0000000000000000000000000000000000008
:1008F0000000000000000000FFFFFFFFFFFFFFFF00
:10090000FFFFFFFFFFFFFFFFFFFFFFFFFFFFFFFFF7
:10091000FFFFFFFFFFFFFFFFFFFFFFFFFFFFFFFFE7
:10092000FFFFFFFFFFFFFFFFFFFFFFFFFFFFFFFFD7
:10093000FFFFFFFFFFFFFFFFFFFFFFFFFFFFFFFFC7
:10094000FFFFFFFFFFFFFFFFFFFFFFFFFFFFFFFFB7
:10095000FFFFFFFFFFFFFFFFFFFFFFFFFFFFFFFFA7
:10096000FFFFFFFFFFFFFFFFFFFFFFFFFFFFFFFF97
:10097000FFFFFFFFFFFFFFFFFFFFFFFFFFFFFFFF87
:10098000FFFFFFFFFFFFFFFFFFFFFFFFFFFFFFFF77
:10099000FFFFFFFFFFFFFFFFFFFFFFFFFFFFFFFF67
:1009A000FFFFFFFFFFFFFFFFFFFFFFFFFFFFFFFF57
:1009B000FFFFFFFFFFFFFFFFFFFFFFFFFFFFFFFF47
:1009C000FFFFFFFFFFFFFFFFFFFFFFFFFFFFFFFF37
:1009D000FFFFFFFFFFFFFFFFFFFFFFFFFFFFFFFF27
:1009E000FFFFFFFFFFFFFFFFFFFFFFFFFFFFFFFF17
:1009F000FFFFFFFFFFFFFFFFFFFFFFFFFFFFFFFF07
:100A0000FFFFFFFFFFFFFFFFFFFFFFFFFFFFFFFFF6
:100A1000FFFFFFFFFFFFFFFFFFFFFFFFFFFFFFFFE6
:100A2000FFFFFFFFFFFFFFFFFFFFFFFFFFFFFFFFD6
:100A3000FFFFFFFFFFFFFFFFFFFFFFFFFFFFFFFFC6
:100A4000FFFFFFFFFFFFFFFFFFFFFFFFFFFFFFFFB6
:100A5000FFFFFFFFFFFFFFFFFFFFFFFFFFFFFFFFA6
:100A6000FFFFFFFFFFFFFFFFFFFFFFFFFFFFFFFF96
:100A7000FFFFFFFFFFFFFFFFFFFFFFFFFFFFFFFF86
:100A8000FFFFFFFFFFFFFFFFFFFFFFFFFFFFFFFF76
:100A9000FFFFFFFFFFFFFFFFFFFFFFFFFFFFFFFF66
:100AA000FFFFFFFFFFFFFFFFFFFFFFFFFFFFFFFF56
:100AB000FFFFFFFFFFFFFFFFFFFFFFFFFFFFFFFF46
:100AC000FFFFFFFFFFFFFFFFFFFFFFFFFFFFFFFF36
:100AD000FFFFFFFFFFFFFFFFFFFFFFFFFFFFFFFF26
:100AE000FFFFFFFFFFFFFFFFFFFFFFFFFFFFFFFF16
:100AF000FFFFFFFFFFFFFFFFFFFFFFFFFFFFFFFF06
:100B0000FFFFFFFFFFFFFFFFFFFFFFFFFFFFFFFFF5
:100B1000FFFFFFFFFFFFFFFFFFFFFFFFFFFFFFFFE5
:100B2000FFFFFFFFFFFFFFFFFFFFFFFFFFFFFFFFD5
:100B3000FFFFFFFFFFFFFFFFFFFFFFFFFFFFFFFFC5
:100B4000FFFFFFFFFFFFFFFFFFFFFFFFFFFFFFFFB5
:100B5000FFFFFFFFFFFFFFFFFFFFFFFFFFFFFFFFA5
:100B6000FFFFFFFFFFFFFFFFFFFFFFFFFFFFFFFF95
:100B7000FFFFFFFFFFFFFFFFFFFFFFFFFFFFFFFF85
:100B8000FFFFFFFFFFFFFFFFFFFFFFFFFFFFFFFF75
:100B9000FFFFFFFFFFFFFFFFFFFFFFFFFFFFFFFF65
:100BA000FFFFFFFFFFFFFFFFFFFFFFFFFFFFFFFF55
:100BB000FFFFFFFFFFFFFFFFFFFFFFFFFFFFFFFF45
:100BC000FFFFFFFFFFFFFFFFFFFFFFFFFFFFFFFF35
:100BD000FFFFFFFFFFFFFFFFFFFFFFFFFFFFFFFF25
:100BE000FFFFFFFFFFFFFFFFFFFFFFFFFFFFFFFF15
:100BF000FFFFFFFFFFFFFFFFFFFFFFFFFFFFFFFF05
:100C0000FFFFFFFFFFFFFFFFFFFFFFFFFFFFFFFFF4
:100C1000FFFFFFFFFFFFFFFFFFFFFFFFFFFFFFFFE4
:100C2000FFFFFFFFFFFFFFFFFFFFFFFFFFFFFFFFD4
:100C3000FFFFFFFFFFFFFFFFFFFFFFFFFFFFFFFFC4
:100C4000FFFFFFFFFFFFFFFFFFFFFFFFFFFFFFFFB4
:100C5000FFFFFFFFFFFFFFFFFFFFFFFFFFFFFFFFA4
:100C6000FFFFFFFFFFFFFFFFFFFFFFFFFFFFFFFF94
:100C7000FFFFFFFFFFFFFFFFFFFFFFFFFFFFFFFF84
:100C8000FFFFFFFFFFFFFFFFFFFFFFFFFFFFFFFF74
:100C9000FFFFFFFFFFFFFFFFFFFFFFFFFFFFFFFF64
:100CA000FFFFFFFFFFFFFFFFFFFFFFFFFFFFFFFF54
:100CB000FFFFFFFFFFFFFFFFFFFFFFFFFFFFFFFF44
:100CC000FFFFFFFFFFFFFFFFFFFFFFFFFFFFFFFF34
:100CD000FFFFFFFFFFFFFFFFFFFFFFFFFFFFFFFF24
:100CE000FFFFFFFFFFFFFFFFFFFFFFFFFFFFFFFF14
:100CF000FFFFFFFFFFFFFFFFFFFFFFFFFFFFFFFF04
:100D0000FFFFFFFFFFFFFFFFFFFFFFFFFFFFFFFFF3
:100D1000FFFFFFFFFFFFFFFFFFFFFFFFFFFFFFFFE3
:100D2000FFFFFFFFFFFFFFFFFFFFFFFFFFFFFFFFD3
:100D3000FFFFFFFFFFFFFFFFFFFFFFFFFFFFFFFFC3
:100D4000FFFFFFFFFFFFFFFFFFFFFFFFFFFFFFFFB3
:100D5000FFFFFFFFFFFFFFFFFFFFFFFFFFFFFFFFA3
:100D6000FFFFFFFFFFFFFFFFFFFFFFFFFFFFFFFF93
:100D7000FFFFFFFFFFFFFFFFFFFFFFFFFFFFFFFF83
:100D8000FFFFFFFFFFFFFFFFFFFFFFFFFFFFFFFF73
:100D9000FFFFFFFFFFFFFFFFFFFFFFFFFFFFFFFF63
:100DA000FFFFFFFFFFFFFFFFFFFFFFFFFFFFFFFF53
:100DB000FFFFFFFFFFFFFFFFFFFFFFFFFFFFFFFF43
:100DC000FFFFFFFFFFFFFFFFFFFFFFFFFFFFFFFF33
:100DD000FFFFFFFFFFFFFFFFFFFFFFFFFFFFFFFF23
:100DE000FFFFFFFFFFFFFFFFFFFFFFFFFFFFFFFF13
:100DF000FFFFFFFFFFFFFFFFFFFFFFFFFFFFFFFF03
:100E0000FFFFFFFFFFFFFFFFFFFFFFFFFFFFFFFFF2
:100E1000FFFFFFFFFFFFFFFFFFFFFFFFFFFFFFFFE2
:100E2000FFFFFFFFFFFFFFFFFFFFFFFFFFFFFFFFD2
:100E3000FFFFFFFFFFFFFFFFFFFFFFFFFFFFFFFFC2
:100E4000FFFFFFFFFFFFFFFFFFFFFFFFFFFFFFFFB2
:100E5000FFFFFFFFFFFFFFFFFFFFFFFFFFFFFFFFA2
:100E6000FFFFFFFFFFFFFFFFFFFFFFFFFFFFFFFF92
:100E7000FFFFFFFFFFFFFFFFFFFFFFFFFFFFFFFF82
:100E8000FFFFFFFFFFFFFFFFFFFFFFFFFFFFFFFF72
:100E9000FFFFFFFFFFFFFFFFFFFFFFFFFFFFFFFF62
:100EA000FFFFFFFFFFFFFFFFFFFFFFFFFFFFFFFF52
:100EB000FFFFFFFFFFFFFFFFFFFFFFFFFFFFFFFF42
:100EC000FFFFFFFFFFFFFFFFFFFFFFFFFFFFFFFF32
:100ED000FFFFFFFFFFFFFFFFFFFFFFFFFFFFFFFF22
:100EE000FFFFFFFFFFFFFFFFFFFFFFFFFFFFFFFF12
:100EF000FFFFFFFFFFFFFFFFFFFFFFFFFFFFFFFF02
:100F0000FFFFFFFFFFFFFFFFFFFFFFFFFFFFFFFFF1
:100F1000FFFFFFFFFFFFFFFFFFFFFFFFFFFFFFFFE1
:100F2000FFFFFFFFFFFFFFFFFFFFFFFFFFFFFFFFD1
:100F3000FFFFFFFFFFFFFFFFFFFFFFFFFFFFFFFFC1
:100F4000FFFFFFFFFFFFFFFFFFFFFFFFFFFFFFFFB1
:100F5000FFFFFFFFFFFFFFFFFFFFFFFFFFFFFFFFA1
:100F6000FFFFFFFFFFFFFFFFFFFFFFFFFFFFFFFF91
:100F7000FFFFFFFFFFFFFFFFFFFFFFFFFFFFFFFF81
:100F8000FFFFFFFFFFFFFFFFFFFFFFFFFFFFFFFF71
:100F9000FFFFFFFFFFFFFFFFFFFFFFFFFFFFFFFF61
:100FA000FFFFFFFFFFFFFFFFFFFFFFFFFFFFFFFF51
:100FB000FFFFFFFFFFFFFFFFFFFFFFFFFFFFFFFF41
:100FC000FFFFFFFFFFFFFFFFFFFFFFFFFFFFFFFF31
:100FD000FFFFFFFFFFFFFFFFFFFFFFFFFFFFFFFF21
:100FE000FFFFFFFFFFFFFFFFFFFFFFFFFFFFFFFF11
:100FF000FFFFFFFFFFFFFFFFFFFFFFFFFFFFFFFF01
:10100000FFFFFFFFFFFFFFFFFFFFFFFFFFFFFFFFF0
:10101000FFFFFFFFFFFFFFFFFFFFFFFFFFFFFFFFE0
:10102000FFFFFFFFFFFFFFFFFFFFFFFFFFFFFFFFD0
:10103000FFFFFFFFFFFFFFFFFFFFFFFFFFFFFFFFC0
:10104000FFFFFFFFFFFFFFFFFFFFFFFFFFFFFFFFB0
:10105000FFFFFFFFFFFFFFFFFFFFFFFFFFFFFFFFA0
:10106000FFFFFFFFFFFFFFFFFFFFFFFFFFFFFFFF90
:10107000FFFFFFFFFFFFFFFFFFFFFFFFFFFFFFFF80
:10108000FFFFFFFFFFFFFFFFFFFFFFFFFFFFFFFF70
:10109000FFFFFFFFFFFFFFFFFFFFFFFFFFFFFFFF60
:1010A000FFFFFFFFFFFFFFFFFFFFFFFFFFFFFFFF50
:1010B000FFFFFFFFFFFFFFFFFFFFFFFFFFFFFFFF40
:1010C000FFFFFFFFFFFFFFFFFFFFFFFFFFFFFFFF30
:1010D000FFFFFFFFFFFFFFFFFFFFFFFFFFFFFFFF20
:1010E000FFFFFFFFFFFFFFFFFFFFFFFFFFFFFFFF10
:1010F000FFFFFFFFFFFFFFFFFFFFFFFFFFFFFFFF00
:10110000FFFFFFFFFFFFFFFFFFFFFFFFFFFFFFFFEF
:10111000FFFFFFFFFFFFFFFFFFFFFFFFFFFFFFFFDF
:10112000FFFFFFFFFFFFFFFFFFFFFFFFFFFFFFFFCF
:10113000FFFFFFFFFFFFFFFFFFFFFFFFFFFFFFFFBF
:10114000FFFFFFFFFFFFFFFFFFFFFFFFFFFFFFFFAF
:10115000FFFFFFFFFFFFFFFFFFFFFFFFFFFFFFFF9F
:10116000FFFFFFFFFFFFFFFFFFFFFFFFFFFFFFFF8F
:10117000FFFFFFFFFFFFFFFFFFFFFFFFFFFFFFFF7F
:10118000FFFFFFFFFFFFFFFFFFFFFFFFFFFFFFFF6F
:10119000FFFFFFFFFFFFFFFFFFFFFFFFFFFFFFFF5F
:1011A000FFFFFFFFFFFFFFFFFFFFFFFFFFFFFFFF4F
:1011B000FFFFFFFFFFFFFFFFFFFFFFFFFFFFFFFF3F
:1011C000FFFFFFFFFFFFFFFFFFFFFFFFFFFFFFFF2F
:1011D000FFFFFFFFFFFFFFFFFFFFFFFFFFFFFFFF1F
:1011E000FFFFFFFFFFFFFFFFFFFFFFFFFFFFFFFF0F
:1011F000FFFFFFFFFFFFFFFFFFFFFFFFFFFFFFFFFF
:10120000FFFFFFFFFFFFFFFFFFFFFFFFFFFFFFFFEE
:10121000FFFFFFFFFFFFFFFFFFFFFFFFFFFFFFFFDE
:10122000FFFFFFFFFFFFFFFFFFFFFFFFFFFFFFFFCE
:10123000FFFFFFFFFFFFFFFFFFFFFFFFFFFFFFFFBE
:10124000FFFFFFFFFFFFFFFFFFFFFFFFFFFFFFFFAE
:10125000FFFFFFFFFFFFFFFFFFFFFFFFFFFFFFFF9E
:10126000FFFFFFFFFFFFFFFFFFFFFFFFFFFFFFFF8E
:10127000FFFFFFFFFFFFFFFFFFFFFFFFFFFFFFFF7E
:10128000FFFFFFFFFFFFFFFFFFFFFFFFFFFFFFFF6E
:10129000FFFFFFFFFFFFFFFFFFFFFFFFFFFFFFFF5E
:1012A000FFFFFFFFFFFFFFFFFFFFFFFFFFFFFFFF4E
:1012B000FFFFFFFFFFFFFFFFFFFFFFFFFFFFFFFF3E
:1012C000FFFFFFFFFFFFFFFFFFFFFFFFFFFFFFFF2E
:1012D000FFFFFFFFFFFFFFFFFFFFFFFFFFFFFFFF1E
:1012E000FFFFFFFFFFFFFFFFFFFFFFFFFFFFFFFF0E
:1012F000FFFFFFFFFFFFFFFFFFFFFFFFFFFFFFFFFE
:10130000FFFFFFFFFFFFFFFFFFFFFFFFFFFFFFFFED
:10131000FFFFFFFFFFFFFFFFFFFFFFFFFFFFFFFFDD
:10132000FFFFFFFFFFFFFFFFFFFFFFFFFFFFFFFFCD
:10133000FFFFFFFFFFFFFFFFFFFFFFFFFFFFFFFFBD
:10134000FFFFFFFFFFFFFFFFFFFFFFFFFFFFFFFFAD
:10135000FFFFFFFFFFFFFFFFFFFFFFFFFFFFFFFF9D
:10136000FFFFFFFFFFFFFFFFFFFFFFFFFFFFFFFF8D
:10137000FFFFFFFFFFFFFFFFFFFFFFFFFFFFFFFF7D
:10138000FFFFFFFFFFFFFFFFFFFFFFFFFFFFFFFF6D
:10139000FFFFFFFFFFFFFFFFFFFFFFFFFFFFFFFF5D
:1013A000FFFFFFFFFFFFFFFFFFFFFFFFFFFFFFFF4D
:1013B000FFFFFFFFFFFFFFFFFFFFFFFFFFFFFFFF3D
:1013C000FFFFFFFFFFFFFFFFFFFFFFFFFFFFFFFF2D
:1013D000FFFFFFFFFFFFFFFFFFFFFFFFFFFFFFFF1D
:1013E000FFFFFFFFFFFFFFFFFFFFFFFFFFFFFFFF0D
:1013F000FFFFFFFFFFFFFFFFFFFFFFFFFFFFFFFFFD
:10140000FFFFFFFFFFFFFFFFFFFFFFFFFFFFFFFFEC
:10141000FFFFFFFFFFFFFFFFFFFFFFFFFFFFFFFFDC
:10142000FFFFFFFFFFFFFFFFFFFFFFFFFFFFFFFFCC
:10143000FFFFFFFFFFFFFFFFFFFFFFFFFFFFFFFFBC
:10144000FFFFFFFFFFFFFFFFFFFFFFFFFFFFFFFFAC
:10145000FFFFFFFFFFFFFFFFFFFFFFFFFFFFFFFF9C
:10146000FFFFFFFFFFFFFFFFFFFFFFFFFFFFFFFF8C
:10147000FFFFFFFFFFFFFFFFFFFFFFFFFFFFFFFF7C
:10148000FFFFFFFFFFFFFFFFFFFFFFFFFFFFFFFF6C
:10149000FFFFFFFFFFFFFFFFFFFFFFFFFFFFFFFF5C
:1014A000FFFFFFFFFFFFFFFFFFFFFFFFFFFFFFFF4C
:1014B000FFFFFFFFFFFFFFFFFFFFFFFFFFFFFFFF3C
:1014C000FFFFFFFFFFFFFFFFFFFFFFFFFFFFFFFF2C
:1014D000FFFFFFFFFFFFFFFFFFFFFFFFFFFFFFFF1C
:1014E000FFFFFFFFFFFFFFFFFFFFFFFFFFFFFFFF0C
:1014F000FFFFFFFFFFFFFFFFFFFFFFFFFFFFFFFFFC
:10150000FFFFFFFFFFFFFFFFFFFFFFFFFFFFFFFFEB
:10151000FFFFFFFFFFFFFFFFFFFFFFFFFFFFFFFFDB
:10152000FFFFFFFFFFFFFFFFFFFFFFFFFFFFFFFFCB
:10153000FFFFFFFFFFFFFFFFFFFFFFFFFFFFFFFFBB
:10154000FFFFFFFFFFFFFFFFFFFFFFFFFFFFFFFFAB
:10155000FFFFFFFFFFFFFFFFFFFFFFFFFFFFFFFF9B
:10156000FFFFFFFFFFFFFFFFFFFFFFFFFFFFFFFF8B
:10157000FFFFFFFFFFFFFFFFFFFFFFFFFFFFFFFF7B
:10158000FFFFFFFFFFFFFFFFFFFFFFFFFFFFFFFF6B
:10159000FFFFFFFFFFFFFFFFFFFFFFFFFFFFFFFF5B
:1015A000FFFFFFFFFFFFFFFFFFFFFFFFFFFFFFFF4B
:1015B000FFFFFFFFFFFFFFFFFFFFFFFFFFFFFFFF3B
:1015C000FFFFFFFFFFFFFFFFFFFFFFFFFFFFFFFF2B
:1015D000FFFFFFFFFFFFFFFFFFFFFFFFFFFFFFFF1B
:1015E000FFFFFFFFFFFFFFFFFFFFFFFFFFFFFFFF0B
:1015F000FFFFFFFFFFFFFFFFFFFFFFFFFFFFFFFFFB
:10160000FFFFFFFFFFFFFFFFFFFFFFFFFFFFFFFFEA
:10161000FFFFFFFFFFFFFFFF000000000000FFFFD4
:10162000000000000000FFFFFFFF000000000000BE
:10163000FFFFFFFFFFFFFFFF0000000000000000B2
:101640000000FFFFFFFFFFFFFFFFFFFFFFFFFFFFA8
:10165000FFFFFFFFFFFFFFFFFFFFFFFFFFFFFFFF9A
:10166000FFFFFFFFFFFFFFFFFFFFFFFFFFFFFFFF8A
:10167000FFFFFFFFFFFFFFFFFFFFFFFFFFFFFFFF7A
:10168000FFFFFFFFFFFFFFFFFFFFFFFFFFFFFFFF6A
:10169000FFFFFFFFFFFFFFFFFFFFFFFFFFFFFFFF5A
:1016A000FFFFFFFFFFFF0000000000000000000040
:1016B000FFFFFFFFFFFFFFFFFFFF00000000000034
:1016C000FFFFFFFFFFFFFFFFFFFFFFFFFFFFFFFF2A
:1016D000FFFFFFFFFFFFFFFFFFFFFFFFFFFFFFFF1A
:1016E000FFFFFFFFFFFFFFFFFFFFFFFFFFFFFFFF0A
:1016F000FFFFFFFFFFFFFFFFFFFFFFFFFFFFFFFFFA
:10170000FFFFFFFFFFFFFFFFFFFFFFFFFFFFFFFFE9
:10171000FFFFFFFFFFFFFFFFFFFFFFFFFFFFFFFFD9
:10172000FFFFFFFFFFFFFFFFFFFFFFFFFFFFFFFFC9
:10173000FFFFFFFFFFFFFFFFFFFFFFFFFFFFFFFFB9
:10174000FFFFFFFFFFFFFFFFFFFFFFFFFFFFFFFFA9
:10175000FFFFFFFFFFFFFFFF000000000000FFFF93
:10176000000000000000FFFFFFFF0000000000007D
:10177000FFFFFFFF0000000000000000000000006D
:1017800000000000FFFFFFFFFFFFFFFFFFFFFFFF65
:10179000FFFFFFFFFFFFFFFFFFFFFFFFFFFFFFFF59
:1017A000FFFFFFFFFFFFFFFFFFFFFFFFFFFFFFFF49
:1017B000FFFFFFFFFFFFFFFFFFFFFFFFFFFFFFFF39
:1017C000FFFFFFFFFFFFFFFFFFFFFFFFFFFFFFFF29
:1017D000FFFFFFFFFFFFFFFFFFFFFFFFFFFFFFFF19
:1017E000FFFFFFFFFFFF00000000000000000000FF
:1017F000000000000000FFFFFFFF000000000000ED
:10180000FFFFFFFFFFFFFFFFFFFFFFFFFFFFFFFFE8
:10181000FFFFFFFFFFFFFFFFFFFFFFFFFFFFFFFFD8
:10182000FFFFFFFFFFFFFFFFFFFFFFFFFFFFFFFFC8
:10183000FFFFFFFFFFFFFFFFFFFFFFFFFFFFFFFFB8
:10184000FFFFFFFFFFFFFFFFFFFFFFFFFFFFFFFFA8
:10185000FFFFFFFFFFFFFFFFFFFFFFFFFFFFFFFF98
:10186000FFFFFFFFFFFFFFFFFFFFFFFFFFFFFFFF88
:10187000FFFFFFFFFFFFFFFFFFFFFFFFFFFFFFFF78
:10188000FFFFFFFFFFFFFFFFFFFFFFFFFFFFFFFF68
:10189000FFFFFFFFFFFFFFFF00000000FFFFFFFF54
:1018A000000000000000FFFFFFFF0000000000003C
:1018B000FFFFFFFF0000000000000000000000002C
:1018C00000000000FFFFFFFFFFFFFFFFFFFFFFFF24
:1018D000FFFFFFFFFFFFFFFFFFFFFFFFFFFFFFFF18
:1018E000FFFFFFFFFFFFFFFFFFFFFFFFFFFFFFFF08
:1018F000FFFFFFFFFFFFFFFFFFFFFFFFFFFFFFFFF8
:10190000FFFFFFFFFFFFFFFFFFFFFFFFFFFFFFFFE7
:10191000FFFFFFFFFFFFFFFFFFFFFFFFFFFFFFFFD7
:10192000FFFFFFFFFFFF00000000000000000000BD
:101930000000000000000000FFFF000000000000A9
:10194000FFFFFFFFFFFFFFFFFFFFFFFFFFFFFFFFA7
:10195000FFFFFFFFFFFFFFFFFFFFFFFFFFFFFFFF97
:10196000FFFFFFFFFFFFFFFFFFFFFFFFFFFFFFFF87
:10197000FFFFFFFFFFFFFFFFFFFFFFFFFFFFFFFF77
:10198000FFFFFFFFFFFFFFFFFFFFFFFFFFFFFFFF67
:10199000FFFFFFFFFFFFFFFFFFFFFFFFFFFFFFFF57
:1019A000FFFFFFFFFFFFFFFFFFFFFFFFFFFFFFFF47
:1019B000FFFFFFFFFFFFFFFFFFFFFFFFFFFFFFFF37
:1019C000FFFFFFFFFFFFFFFFFFFFFFFFFFFFFFFF27
:1019D000FFFFFFFFFFFFFFFFFFFFFFFFFFFFFFFF17
:1019E000000000000000FFFFFFFF000000000000FB
:1019F000FFFF000000000000FFFFFFFFFFFFFFFFF1
:101A0000FFFFFFFFFFFFFFFFFFFFFFFFFFFFFFFFE6
:101A1000FFFFFFFFFFFFFFFFFFFFFFFFFFFFFFFFD6
:101A2000FFFFFFFFFFFFFFFFFFFFFFFFFFFFFFFFC6
:101A3000FFFFFFFFFFFFFFFFFFFFFFFFFFFFFFFFB6
:101A4000FFFFFFFFFFFFFFFFFFFFFFFFFFFFFFFFA6
:101A5000FFFFFFFFFFFFFFFFFFFFFFFFFFFFFFFF96
:101A6000FFFFFFFFFFFF00000000FFFFFFFFFFFF82
:101A7000FFFF000000000000FFFF0000000000006A
:101A8000FFFFFFFFFFFFFFFFFFFFFFFFFFFFFFFF66
:101A9000FFFFFFFFFFFFFFFFFFFFFFFFFFFFFFFF56
:101AA000FFFFFFFFFFFFFFFFFFFFFFFFFFFFFFFF46
:101AB000FFFFFFFFFFFFFFFFFFFFFFFFFFFFFFFF36
:101AC000FFFFFFFFFFFFFFFFFFFFFFFFFFFFFFFF26
:101AD000FFFFFFFFFFFFFFFFFFFFFFFFFFFFFFFF16
:101AE000FFFFFFFFFFFFFFFFFFFFFFFFFFFFFFFF06
:101AF000FFFFFFFFFFFFFFFFFFFFFFFFFFFFFFFFF6
:101B0000FFFF00000000FFFF0000000000000000D9
:101B1000FFFFFFFFFFFFFFFF00000000FFFFFFFFD1
:101B2000000000000000FFFFFFFF000000000000B9
:101B3000FFFF000000000000FFFFFFFFFFFFFFFFAF
:101B4000FFFFFFFFFFFFFFFFFFFFFFFF00000000A1
:101B5000000000000000FFFFFFFFFFFFFFFF00008D
:101B60000000000000000000FFFFFFFFFFFFFFFF7D
:101B70000000000000000000000000000000000065
:101B8000FFFFFFFFFFFFFFFFFFFF0000000000005F
:101B900000000000FFFFFFFFFFFFFFFFFFFFFFFF51
:101BA000FFFFFFFFFFFF00000000FFFFFFFFFFFF41
:101BB000FFFF000000000000FFFF00000000000029
:101BC000FFFFFFFF00000000FFFFFFFFFFFFFFFF21
:101BD000000000000000FFFFFFFFFFFF000000000B
:101BE000000000000000FFFFFFFFFFFFFFFFFFFFFF
:101BF000FFFFFFFFFFFFFFFFFFFFFFFFFFFFFFFFF5
:101C0000FFFFFFFFFFFFFFFFFFFFFFFFFFFFFFFFE4
:101C1000FFFFFFFFFFFFFFFFFFFFFFFFFFFFFFFFD4
:101C2000FFFFFFFFFFFFFFFFFFFFFFFFFFFFFFFFC4
:101C3000FFFFFFFFFFFFFFFFFFFFFFFFFFFFFFFFB4
:101C4000FFFF000000000000000000000000000096
:101C50000000FFFFFFFFFFFF00000000FFFFFFFF8E
:101C6000000000000000FFFFFFFF00000000000078
:101C7000FFFFFFFF000000000000FFFFFFFFFFFF6E
:101C8000FFFFFFFFFFFFFFFFFFFF0000000000005E
:101C90000000000000000000FFFFFFFF0000000048
:101CA00000000000000000000000FFFFFFFFFFFF3A
:101CB0000000000000000000000000000000000024
:101CC0000000FFFFFFFFFFFF00000000000000001A
:101CD000000000000000FFFFFFFFFFFFFFFFFFFF0E
:101CE000FFFFFFFFFFFF00000000FFFFFFFFFFFF00
:101CF000FFFF000000000000FFFF000000000000E8
:101D0000FFFFFFFF00000000FFFFFFFFFFFFFFFFDF
:101D1000000000000000FFFFFFFF000000000000C7
:101D2000000000000000FFFFFFFFFFFFFFFFFFFFBD
:101D3000FFFFFFFFFFFFFFFFFFFFFFFFFFFFFFFFB3
:101D4000FFFFFFFFFFFFFFFFFFFFFFFFFFFFFFFFA3
:101D5000FFFFFFFFFFFFFFFFFFFFFFFFFFFFFFFF93
:101D6000FFFFFFFFFFFFFFFFFFFFFFFFFFFFFFFF83
:101D7000FFFFFFFFFFFFFFFFFFFFFFFFFFFFFFFF73
:101D8000FFFF0000000000000000FFFF0000000057
:101D900000000000FFFFFFFF00000000FFFFFFFF4B
:101DA000000000000000FFFFFFFF00000000000037
:101DB000FFFFFFFF00000000000000000000FFFF29
:101DC000FFFFFFFFFFFFFFFF00000000000000001B
:101DD000FFFF000000000000FFFF00000000000007
:101DE0000000FFFF0000000000000000FFFFFFFFF9
:101DF00000000000000000000000FFFF00000000E5
:101E00000000FFFFFFFF0000000000000000FFFFD8
:101E10000000000000000000FFFFFFFFFFFFFFFFCA
:101E2000FFFFFFFFFFFF00000000FFFFFFFFFFFFBE
:101E3000FFFF000000000000FFFF000000000000A6
:101E4000FFFFFFFF00000000FFFFFFFFFFFFFFFF9E
:101E5000000000000000FFFF000000000000000084
:101E6000FFFF00000000FFFFFFFFFFFFFFFFFFFF7E
:101E7000FFFFFFFFFFFFFFFFFFFFFFFFFFFFFFFF72
:101E8000FFFFFFFFFFFFFFFFFFFFFFFFFFFFFFFF62
:101E9000FFFFFFFFFFFFFFFFFFFFFFFFFFFFFFFF52
:101EA000FFFFFFFFFFFFFFFFFFFFFFFFFFFFFFFF42
:101EB000FFFFFFFFFFFFFFFFFFFFFFFFFFFFFFFF32
:101EC000FFFF000000000000FFFFFFFFFFFF00001A
:101ED00000000000FFFFFFFF00000000FFFFFFFF0A
:101EE000000000000000FFFFFFFF000000000000F6
:101EF000FFFFFFFFFFFF00000000000000000000E8
:101F00000000FFFFFFFFFFFF000000000000FFFFD9
:101F1000FFFFFFFFFFFFFFFF0000000000000000C9
:101F2000FFFFFFFFFFFF000000000000FFFFFFFFBB
:101F3000000000000000FFFFFFFFFFFFFFFF0000A9
:101F400000000000FFFF000000000000FFFFFFFF97
:101F5000FFFF000000000000FFFFFFFFFFFFFFFF8B
:101F6000FFFFFFFFFFFF0000000000000000000077
:101F70000000000000000000FFFF00000000000063
:101F8000FFFFFFFF00000000FFFFFFFFFFFFFFFF5D
:101F9000000000000000FFFF000000000000FFFF45
:101FA000FFFFFFFFFFFFFFFFFFFFFFFFFFFFFFFF41
:101FB000FFFFFFFFFFFFFFFFFFFFFFFFFFFFFFFF31
:101FC000FFFFFFFFFFFFFFFFFFFFFFFFFFFFFFFF21
:101FD000FFFFFFFFFFFFFFFFFFFFFFFFFFFFFFFF11
:101FE000FFFFFFFFFFFFFFFFFFFFFFFFFFFFFFFF01
:101FF000FFFFFFFFFFFFFFFFFFFFFFFFFFFFFFFFF1
:10200000FFFF00000000FFFFFFFFFFFFFFFFFFFFDC
:1020100000000000FFFFFFFF00000000FFFFFFFFC8
:10202000000000000000FFFFFFFF000000000000B4
:10203000FFFFFFFFFFFFFFFFFFFF000000000000AA
:1020400000000000FFFF000000000000FFFFFFFF96
:10205000FFFFFFFFFFFFFFFF000000000000FFFF8A
:10206000FFFFFFFFFFFFFFFF000000000000FFFF7A
:10207000000000000000FFFFFFFFFFFFFFFF000068
:1020800000000000FFFF0000000000000000000052
:102090000000000000000000FFFFFFFFFFFFFFFF48
:1020A000FFFFFFFFFFFF0000000000000000000036
:1020B000000000000000FFFFFFFF00000000000024
:1020C000FFFFFFFF00000000FFFFFFFFFFFFFFFF1C
:1020D000000000000000FFFFFFFF00000000000004
:1020E0000000FFFFFFFFFFFFFFFFFFFFFFFFFFFFFE
:1020F000FFFFFFFFFFFFFFFFFFFFFFFFFFFFFFFFF0
:10210000FFFFFFFFFFFFFFFFFFFFFFFFFFFFFFFFDF
:10211000FFFFFFFFFFFFFFFFFFFFFFFFFFFFFFFFCF
:10212000FFFFFFFFFFFFFFFFFFFFFFFFFFFFFFFFBF
:10213000FFFFFFFFFFFFFFFFFFFFFFFFFFFFFFFFAF
:10214000FFFF00000000FFFFFFFFFFFFFFFFFFFF9B
:1021500000000000FFFFFFFF00000000FFFFFFFF87
:10216000000000000000FFFFFFFF00000000000073
:10217000FFFFFFFFFFFFFFFFFFFFFFFF000000006B
:1021800000000000FFFF000000000000FFFFFFFF55
:10219000FFFFFFFFFFFFFFFF000000000000FFFF49
:1021A000FFFFFFFFFFFFFFFF000000000000FFFF39
:1021B000000000000000FFFFFFFFFFFFFFFF000027
:1021C00000000000FFFF0000000000000000000011
:1021D0000000000000000000FFFFFFFFFFFFFFFF07
:1021E000FFFFFFFFFFFF00000000000000000000F5
:1021F0000000FFFFFFFFFFFFFFFF000000000000E7
:10220000FFFFFFFF00000000FFFFFFFFFFFFFFFFDA
:10221000000000000000FFFFFFFF000000000000C2
:10222000000000000000FFFFFFFFFFFFFFFFFFFFB8
:10223000FFFFFFFFFFFFFFFFFFFFFFFFFFFFFFFFAE
:10224000FFFFFFFFFFFFFFFFFFFFFFFFFFFFFFFF9E
:10225000FFFFFFFFFFFFFFFFFFFFFFFFFFFFFFFF8E
:10226000FFFFFFFFFFFFFFFFFFFFFFFFFFFFFFFF7E
:10227000FFFFFFFFFFFFFFFFFFFFFFFFFFFFFFFF6E
:10228000FFFF00000000FFFFFFFFFFFFFFFFFFFF5A
:1022900000000000FFFFFFFF00000000FFFFFFFF46
:1022A000000000000000FFFFFFFF00000000000032
:1022B000FFFFFFFFFFFFFFFFFFFFFFFFFFFFFFFF2E
:1022C00000000000FFFF000000000000FFFFFFFF14
:1022D000FFFFFFFFFFFFFFFF000000000000FFFF08
:1022E000FFFFFFFFFFFFFFFF000000000000FFFFF8
:1022F000000000000000FFFFFFFFFFFFFFFF0000E6
:1023000000000000FFFF00000000FFFFFFFFFFFFD5
:10231000FFFFFFFFFFFFFFFFFFFFFFFFFFFFFFFFCD
:10232000FFFFFFFFFFFF00000000FFFFFFFFFFFFB9
:10233000FFFFFFFFFFFFFFFFFFFF000000000000A7
:10234000FFFFFFFF00000000FFFFFFFFFFFFFFFF99
:10235000000000000000FFFFFFFFFFFFFFFF000085
:102360000000000000000000FFFFFFFFFFFFFFFF75
:10237000FFFFFFFFFFFFFFFFFFFFFFFFFFFFFFFF6D
:10238000FFFFFFFFFFFFFFFFFFFFFFFFFFFFFFFF5D
:10239000FFFFFFFFFFFFFFFFFFFFFFFFFFFFFFFF4D
:1023A000FFFFFFFFFFFFFFFFFFFFFFFFFFFFFFFF3D
:1023B000FFFFFFFFFFFFFFFFFFFFFFFFFFFFFFFF2D
:1023C000FFFF00000000FFFFFFFFFFFFFFFF000017
:1023D00000000000FFFFFFFF00000000FFFFFFFF05
:1023E000000000000000FFFFFFFF000000000000F1
:1023F000FFFFFFFFFFFFFFFFFFFFFFFFFFFFFFFFED
:1024000000000000FFFF0000000000000000FFFFD0
:10241000FFFFFFFFFFFFFFFF000000000000FFFFC6
:10242000FFFFFFFFFFFF000000000000FFFFFFFFB6
:10243000000000000000FFFFFFFFFFFFFFFF0000A4
:1024400000000000FFFF000000000000FFFFFFFF92
:10245000FFFFFFFFFFFFFFFFFFFFFFFFFFFFFFFF8C
:10246000FFFFFFFFFFFF00000000FFFFFFFFFFFF78
:10247000FFFFFFFFFFFFFFFFFFFF00000000000066
:10248000FFFFFFFF000000000000FFFFFFFFFFFF56
:10249000000000000000FFFFFFFFFFFFFFFFFFFF46
:1024A000FFFF000000000000FFFFFFFFFFFFFFFF36
:1024B000FFFFFFFFFFFFFFFFFFFFFFFFFFFFFFFF2C
:1024C000FFFFFFFFFFFFFFFFFFFFFFFFFFFFFFFF1C
:1024D000FFFFFFFFFFFFFFFFFFFFFFFFFFFFFFFF0C
:1024E000FFFFFFFFFFFFFFFFFFFFFFFFFFFFFFFFFC
:1024F000FFFFFFFFFFFFFFFFFFFFFFFFFFFFFFFFEC
:10250000FFFF0000000000000000FFFF00000000CF
:1025100000000000FFFFFFFF00000000FFFFFFFFC3
:10252000000000000000FFFFFFFF000000000000AF
:10253000FFFF000000000000FFFFFFFF00000000A1
:1025400000000000FFFFFFFF00000000000000008F
:10255000FFFFFFFF00000000FFFF00000000000081
:10256000FFFFFFFF0000000000000000FFFFFFFF73
:102570000000000000000000FFFFFFFF000000005F
:102580000000FFFFFFFF0000000000000000FFFF51
:10259000FFFF00000000FFFFFFFFFFFFFFFFFFFF47
:1025A000FFFFFFFFFFFF00000000FFFFFFFFFFFF37
:1025B000FFFFFFFFFFFFFFFFFFFF00000000000025
:1025C000FFFFFFFF000000000000FFFFFFFF000013
:1025D000000000000000FFFF00000000FFFFFFFF01
:1025E000FFFF000000000000FFFFFFFFFFFFFFFFF5
:1025F000FFFFFFFFFFFFFFFFFFFFFFFFFFFFFFFFEB
:10260000FFFFFFFFFFFFFFFFFFFFFFFFFFFFFFFFDA
:10261000FFFFFFFFFFFFFFFFFFFFFFFFFFFFFFFFCA
:10262000FFFFFFFFFFFFFFFFFFFFFFFFFFFFFFFFBA
:10263000FFFFFFFFFFFFFFFFFFFFFFFFFFFFFFFFAA
:10264000FFFF00000000000000000000000000008C
:102650000000FFFFFFFFFFFF00000000FFFFFFFF84
:10266000000000000000FFFFFFFF0000000000006E
:10267000FFFF00000000000000000000000000005C
:1026800000000000FFFFFFFF00000000000000004E
:102690000000000000000000FFFF0000000000003C
:1026A00000000000000000000000FFFFFFFFFFFF30
:1026B000000000000000000000000000000000001A
:1026C0000000FFFFFFFFFFFF000000000000000010
:1026D000000000000000FFFFFFFFFFFFFFFFFFFF04
:1026E000FFFFFFFFFFFF00000000FFFFFFFFFFFFF6
:1026F000FFFFFFFFFFFFFFFFFFFF000000000000E4
:10270000FFFFFFFF000000000000000000000000CD
:10271000000000000000FFFF0000000000000000BB
:10272000000000000000FFFFFFFFFFFFFFFFFFFFB3
:10273000FFFFFFFFFFFFFFFFFFFFFFFFFFFFFFFFA9
:10274000FFFFFFFFFFFFFFFFFFFFFFFFFFFFFFFF99
:10275000FFFFFFFFFFFFFFFFFFFFFFFFFFFFFFFF89
:10276000FFFFFFFFFFFFFFFFFFFFFFFFFFFFFFFF79
:10277000FFFFFFFFFFFFFFFFFFFFFFFFFFFFFFFF69
:10278000FFFF00000000000000000000000000004B
:10279000FFFFFFFFFFFFFFFF00000000FFFFFFFF45
:1027A000000000000000FFFFFFFF0000000000002D
:1027B000FFFFFFFF0000000000000000000000001D
:1027C0000000FFFFFFFFFFFFFFFFFFFF0000000013
:1027D000000000000000FFFFFFFFFFFFFFFF000001
:1027E0000000000000000000FFFFFFFFFFFFFFFFF1
:1027F00000000000000000000000000000000000D9
:10280000FFFFFFFFFFFFFFFFFFFF000000000000D2
:10281000000000000000FFFFFFFFFFFFFFFFFFFFC2
:10282000FFFFFFFFFFFF00000000FFFFFFFFFFFFB4
:10283000FFFFFFFFFFFFFFFFFFFF000000000000A2
:10284000FFFFFFFFFFFF000000000000000000008E
:10285000000000000000FFFF00000000000000007A
:1028600000000000FFFFFFFFFFFFFFFFFFFFFFFF74
:10287000FFFFFFFFFFFFFFFFFFFFFFFFFFFFFFFF68
:10288000FFFFFFFFFFFFFFFFFFFFFFFFFFFFFFFF58
:10289000FFFFFFFFFFFFFFFFFFFFFFFFFFFFFFFF48
:1028A000FFFFFFFFFFFFFFFFFFFFFFFFFFFFFFFF38
:1028B000FFFFFFFFFFFFFFFFFFFFFFFFFFFFFFFF28
:1028C000FFFF00000000FFFFFFFFFFFFFFFFFFFF14
:1028D000FFFFFFFFFFFFFFFFFFFFFFFFFFFFFFFF08
:1028E000FFFFFFFFFFFFFFFFFFFFFFFFFFFFFFFFF8
:1028F000FFFFFFFFFFFFFFFFFFFFFFFFFFFFFFFFE8
:10290000FFFFFFFFFFFFFFFFFFFFFFFFFFFFFFFFD7
:10291000FFFFFFFFFFFFFFFFFFFFFFFFFFFFFFFFC7
:10292000FFFFFFFFFFFFFFFFFFFFFFFFFFFFFFFFB7
:10293000000000000000FFFFFFFFFFFFFFFFFFFFA1
:10294000FFFFFFFFFFFFFFFFFFFFFFFFFFFFFFFF97
:10295000FFFFFFFFFFFFFFFFFFFFFFFFFFFFFFFF87
:10296000FFFFFFFFFFFFFFFFFFFFFFFFFFFFFFFF77
:10297000FFFFFFFFFFFFFFFFFFFFFFFFFFFFFFFF67
:10298000FFFFFFFFFFFFFFFFFFFFFFFFFFFFFFFF57
:10299000FFFFFFFFFFFFFFFFFFFFFFFFFFFFFFFF47
:1029A000FFFFFFFFFFFFFFFFFFFFFFFFFFFFFFFF37
:1029B000FFFFFFFFFFFFFFFFFFFFFFFFFFFFFFFF27
:1029C000FFFFFFFFFFFFFFFFFFFFFFFFFFFFFFFF17
:1029D000FFFFFFFFFFFFFFFFFFFFFFFFFFFFFFFF07
:1029E000FFFFFFFFFFFFFFFFFFFFFFFFFFFFFFFFF7
:1029F000FFFFFFFFFFFFFFFFFFFFFFFFFFFFFFFFE7
:102A0000FFFF00000000FFFFFFFFFFFFFFFFFFFFD2
:102A1000FFFFFFFFFFFFFFFFFFFFFFFFFFFFFFFFC6
:102A2000FFFFFFFFFFFFFFFFFFFFFFFFFFFFFFFFB6
:102A3000FFFFFFFFFFFFFFFFFFFFFFFFFFFFFFFFA6
:102A4000FFFFFFFFFFFFFFFFFFFFFFFFFFFFFFFF96
:102A5000FFFFFFFFFFFFFFFFFFFFFFFFFFFFFFFF86
:102A6000FFFFFFFFFFFFFFFFFFFFFFFFFFFFFFFF76
:102A7000000000000000FFFFFFFFFFFFFFFFFFFF60
:102A8000FFFFFFFFFFFFFFFFFFFFFFFFFFFFFFFF56
:102A9000FFFFFFFFFFFFFFFFFFFFFFFFFFFFFFFF46
:102AA000FFFFFFFFFFFFFFFFFFFFFFFFFFFFFFFF36
:102AB000FFFFFFFFFFFFFFFFFFFFFFFFFFFFFFFF26
:102AC000FFFFFFFFFFFFFFFFFFFFFFFFFFFFFFFF16
:102AD000FFFFFFFFFFFFFFFFFFFFFFFFFFFFFFFF06
:102AE000FFFFFFFFFFFFFFFFFFFFFFFFFFFFFFFFF6
:102AF000FFFFFFFFFFFFFFFFFFFFFFFFFFFFFFFFE6
:102B0000FFFFFFFFFFFFFFFFFFFFFFFFFFFFFFFFD5
:102B1000FFFFFFFFFFFFFFFFFFFFFFFFFFFFFFFFC5
:102B2000FFFFFFFFFFFFFFFFFFFFFFFFFFFFFFFFB5
:102B3000FFFFFFFFFFFFFFFFFFFFFFFFFFFFFFFFA5
:102B4000FFFF00000000FFFFFFFFFFFFFFFFFFFF91
:102B5000FFFFFFFFFFFFFFFFFFFFFFFFFFFFFFFF85
:102B6000FFFFFFFFFFFFFFFFFFFFFFFFFFFFFFFF75
:102B7000FFFFFFFFFFFFFFFFFFFFFFFFFFFFFFFF65
:102B8000FFFFFFFFFFFFFFFFFFFFFFFFFFFFFFFF55
:102B9000FFFFFFFFFFFFFFFFFFFFFFFFFFFFFFFF45
:102BA000FFFFFFFFFFFFFFFFFFFFFFFFFFFFFFFF35
:102BB000000000000000FFFFFFFFFFFFFFFFFFFF1F
:102BC000FFFFFFFFFFFFFFFFFFFFFFFFFFFFFFFF15
:102BD000FFFFFFFFFFFFFFFFFFFFFFFFFFFFFFFF05
:102BE000FFFFFFFFFFFFFFFFFFFFFFFFFFFFFFFFF5
:102BF000FFFFFFFFFFFFFFFFFFFFFFFFFFFFFFFFE5
:102C0000FFFFFFFFFFFFFFFFFFFFFFFFFFFFFFFFD4
:102C1000FFFFFFFFFFFFFFFFFFFFFFFFFFFFFFFFC4
:102C2000FFFFFFFFFFFFFFFFFFFFFFFFFFFFFFFFB4
:102C3000FFFFFFFFFFFFFFFFFFFFFFFFFFFFFFFFA4
:102C4000FFFFFFFFFFFFFFFFFFFFFFFFFFFFFFFF94
:102C5000FFFFFFFFFFFFFFFFFFFFFFFFFFFFFFFF84
:102C6000FFFFFFFFFFFFFFFFFFFFFFFFFFFFFFFF74
:102C7000FFFFFFFFFFFFFFFFFFFFFFFFFFFFFFFF64
:102C8000FFFF00000000FFFFFFFFFFFFFFFFFFFF50
:102C9000FFFFFFFFFFFFFFFFFFFFFFFFFFFFFFFF44
:102CA000FFFFFFFFFFFFFFFFFFFFFFFFFFFFFFFF34
:102CB000FFFFFFFFFFFFFFFFFFFFFFFFFFFFFFFF24
:102CC000FFFFFFFFFFFFFFFFFFFFFFFFFFFFFFFF14
:102CD000FFFFFFFFFFFFFFFFFFFFFFFFFFFFFFFF04
:102CE000FFFFFFFFFFFFFFFFFFFFFFFFFFFFFFFFF4
:102CF000000000000000FFFFFFFFFFFFFFFFFFFFDE
:102D0000FFFFFFFFFFFFFFFFFFFFFFFFFFFFFFFFD3
:102D1000FFFFFFFFFFFFFFFFFFFFFFFFFFFFFFFFC3
:102D2000FFFFFFFFFFFFFFFFFFFFFFFFFFFFFFFFB3
:102D3000FFFFFFFFFFFFFFFFFFFFFFFFFFFFFFFFA3
:102D4000FFFFFFFFFFFFFFFFFFFFFFFFFFFFFFFF93
:102D5000FFFFFFFFFFFFFFFFFFFFFFFFFFFFFFFF83
:102D6000FFFFFFFFFFFFFFFFFFFFFFFFFFFFFFFF73
:102D7000FFFFFFFFFFFFFFFFFFFFFFFFFFFFFFFF63
:102D8000FFFFFFFFFFFFFFFFFFFFFFFFFFFFFFFF53
:102D9000FFFFFFFFFFFFFFFFFFFFFFFFFFFFFFFF43
:102DA000FFFFFFFFFFFFFFFFFFFFFFFFFFFFFFFF33
:102DB000FFFFFFFFFFFFFFFFFFFFFFFFFFFFFFFF23
:102DC000FFFFFFFFFFFFFFFFFFFFFFFFFFFFFFFF13
:102DD000FFFFFFFFFFFFFFFFFFFFFFFFFFFFFFFF03
:102DE000FFFFFFFFFFFFFFFFFFFFFFFFFFFFFFFFF3
:102DF000FFFFFFFFFFFFFFFFFFFFFFFFFFFFFFFFE3
:102E0000FFFFFFFFFFFFFFFFFFFFFFFFFFFFFFFFD2
:102E1000FFFFFFFFFFFFFFFFFFFFFFFFFFFFFFFFC2
:102E2000FFFFFFFFFFFFFFFFFFFFFFFFFFFFFFFFB2
:102E3000FFFFFFFFFFFFFFFFFFFFFFFFFFFFFFFFA2
:102E4000FFFFFFFFFFFFFFFFFFFFFFFFFFFFFFFF92
:102E5000FFFFFFFFFFFFFFFFFFFFFFFFFFFFFFFF82
:102E6000FFFFFFFFFFFFFFFFFFFFFFFFFFFFFFFF72
:102E7000FFFFFFFFFFFFFFFFFFFFFFFFFFFFFFFF62
:102E8000FFFFFFFFFFFFFFFFFFFFFFFFFFFFFFFF52
:102E9000FFFFFFFFFFFFFFFFFFFFFFFFFFFFFFFF42
:102EA000FFFFFFFFFFFFFFFFFFFFFFFFFFFFFFFF32
:102EB000FFFFFFFFFFFFFFFFFFFFFFFFFFFFFFFF22
:102EC000FFFFFFFFFFFFFFFFFFFFFFFFFFFFFFFF12
:102ED000FFFFFFFFFFFFFFFFFFFFFFFFFFFFFFFF02
:102EE000FFFFFFFFFFFFFFFFFFFFFFFFFFFFFFFFF2
:102EF000FFFFFFFFFFFFFFFFFFFFFFFFFFFFFFFFE2
:102F0000FFFFFFFFFFFFFFFFFFFFFFFFFFFFFFFFD1
:102F1000FFFFFFFFFFFFFFFFFFFFFFFFFFFFFFFFC1
:102F2000FFFFFFFFFFFFFFFFFFFFFFFFFFFFFFFFB1
:102F3000FFFFFFFFFFFFFFFFFFFFFFFFFFFFFFFFA1
:102F4000FFFFFFFFFFFFFFFFFFFFFFFFFFFFFFFF91
:102F5000FFFFFFFFFFFFFFFFFFFFFFFFFFFFFFFF81
:102F6000FFFFFFFFFFFFFFFFFFFFFFFFFFFFFFFF71
:102F7000FFFFFFFFFFFFFFFFFFFFFFFFFFFFFFFF61
:102F8000FFFFFFFFFFFFFFFFFFFFFFFFFFFFFFFF51
:102F9000FFFFFFFFFFFFFFFFFFFFFFFFFFFFFFFF41
:102FA000FFFFFFFFFFFFFFFFFFFFFFFFFFFFFFFF31
:102FB000FFFFFFFFFFFFFFFFFFFFFFFFFFFFFFFF21
:102FC000FFFFFFFFFFFFFFFFFFFFFFFFFFFFFFFF11
:102FD000FFFFFFFFFFFFFFFFFFFFFFFFFFFFFFFF01
:102FE000FFFFFFFFFFFFFFFFFFFFFFFFFFFFFFFFF1
:102FF000FFFFFFFFFFFFFFFFFFFFFFFFFFFFFFFFE1
:10300000FFFFFFFFFFFFFFFFFFFFFFFFFFFFFFFFD0
:10301000FFFFFFFFFFFFFFFFFFFFFFFFFFFFFFFFC0
:10302000FFFFFFFFFFFFFFFFFFFFFFFFFFFFFFFFB0
:10303000FFFFFFFFFFFFFFFFFFFFFFFFFFFFFFFFA0
:10304000FFFFFFFFFFFFFFFFFFFFFFFFFFFFFFFF90
:10305000FFFFFFFFFFFFFFFFFFFFFFFFFFFFFFFF80
:10306000FFFFFFFFFFFFFFFFFFFFFFFFFFFFFFFF70
:10307000FFFFFFFFFFFFFFFFFFFFFFFFFFFFFFFF60
:10308000FFFFFFFFFFFFFFFFFFFFFFFFFFFFFFFF50
:10309000FFFFFFFFFFFFFFFFFFFFFFFFFFFFFFFF40
:1030A000FFFFFFFFFFFFFFFFFFFFFFFFFFFFFFFF30
:1030B000FFFFFFFFFFFFFFFFFFFFFFFFFFFFFFFF20
:1030C000FFFFFFFFFFFFFFFFFFFFFFFFFFFFFFFF10
:1030D000FFFFFFFFFFFFFFFFFFFFFFFFFFFFFFFF00
:1030E000FFFFFFFFFFFFFFFFFFFFFFFFFFFFFFFFF0
:1030F000FFFFFFFFFFFFFFFFFFFFFFFFFFFFFFFFE0
:10310000FFFFFFFFFFFFFFFFFFFFFFFFFFFFFFFFCF
:10311000FFFFFFFFFFFFFFFFFFFFFFFFFFFFFFFFBF
:10312000FFFFFFFFFFFFFFFFFFFFFFFFFFFFFFFFAF
:10313000FFFFFFFFFFFFFFFFFFFFFFFFFFFFFFFF9F
:10314000FFFFFFFFFFFFFFFFFFFFFFFFFFFFFFFF8F
:10315000FFFFFFFFFFFFFFFFFFFFFFFFFFFFFFFF7F
:10316000FFFFFFFFFFFFFFFFFFFFFFFFFFFFFFFF6F
:10317000FFFFFFFFFFFFFFFFFFFFFFFFFFFFFFFF5F
:10318000FFFFFFFFFFFFFFFFFFFFFFFFFFFFFFFF4F
:10319000FFFFFFFFFFFFFFFFFFFFFFFFFFFFFFFF3F
:1031A000FFFFFFFFFFFFFFFFFFFFFFFFFFFFFFFF2F
:1031B000FFFFFFFFFFFFFFFFFFFFFFFFFFFFFFFF1F
:1031C000FFFFFFFFFFFFFFFFFFFFFFFFFFFFFFFF0F
:1031D000FFFFFFFFFFFFFFFFFFFFFFFFFFFFFFFFFF
:1031E000FFFFFFFFFFFFFFFFFFFFFFFFFFFFFFFFEF
:1031F000FFFFFFFFFFFFFFFFFFFFFFFFFFFFFFFFDF
:10320000FFFFFFFFFFFFFFFFFFFFFFFFFFFFFFFFCE
:10321000FFFFFFFFFFFFFFFFFFFFFFFFFFFFFFFFBE
:10322000FFFFFFFFFFFFFFFFFFFFFFFFFFFFFFFFAE
:10323000FFFFFFFFFFFFFFFFFFFFFFFFFFFFFFFF9E
:10324000FFFFFFFFFFFFFFFFFFFFFFFFFFFFFFFF8E
:10325000FFFFFFFFFFFFFFFFFFFFFFFFFFFFFFFF7E
:10326000FFFFFFFFFFFFFFFFFFFFFFFFFFFFFFFF6E
:10327000FFFFFFFFFFFFFFFFFFFFFFFFFFFFFFFF5E
:10328000FFFFFFFFFFFFFFFFFFFFFFFFFFFFFFFF4E
:10329000FFFFFFFFFFFFFFFFFFFFFFFFFFFFFFFF3E
:1032A000FFFFFFFFFFFFFFFFFFFFFFFFFFFFFFFF2E
:1032B000FFFFFFFFFFFFFFFFFFFFFFFFFFFFFFFF1E
:1032C000FFFFFFFFFFFFFFFFFFFFFFFFFFFFFFFF0E
:1032D000FFFFFFFFFFFFFFFFFFFFFFFFFFFFFFFFFE
:1032E000FFFFFFFFFFFFFFFFFFFFFFFFFFFFFFFFEE
:1032F000FFFFFFFFFFFFFFFFFFFFFFFFFFFFFFFFDE
:10330000FFFFFFFFFFFFFFFFFFFFFFFFFFFFFFFFCD
:10331000FFFFFFFFFFFFFFFFFFFFFFFFFFFFFFFFBD
:10332000FFFFFFFFFFFFFFFFFFFFFFFFFFFFFFFFAD
:10333000FFFFFFFFFFFFFFFFFFFFFFFFFFFFFFFF9D
:10334000FFFFFFFFFFFFFFFFFFFFFFFFFFFFFFFF8D
:10335000FFFFFFFFFFFFFFFFFFFFFFFFFFFFFFFF7D
:10336000FFFFFFFFFFFFFFFFFFFFFFFFFFFFFFFF6D
:10337000FFFFFFFFFFFFFFFFFFFFFFFFFFFFFFFF5D
:10338000FFFFFFFFFFFFFFFFFFFFFFFFFFFFFFFF4D
:10339000FFFFFFFFFFFFFFFFFFFFFFFFFFFFFFFF3D
:1033A000FFFFFFFFFFFFFFFFFFFFFFFFFFFFFFFF2D
:1033B000FFFFFFFFFFFFFFFFFFFFFFFFFFFFFFFF1D
:1033C000FFFFFFFFFFFFFFFFFFFFFFFFFFFFFFFF0D
:1033D000FFFFFFFFFFFFFFFFFFFFFFFFFFFFFFFFFD
:1033E000FFFFFFFFFFFFFFFFFFFFFFFFFFFFFFFFED
:1033F000FFFFFFFFFFFFFFFFFFFFFFFFFFFFFFFFDD
:10340000FFFFFFFFFFFFFFFFFFFFFFFFFFFFFFFFCC
:10341000FFFFFFFFFFFFFFFFFFFFFFFFFFFFFFFFBC
:10342000FFFFFFFFFFFFFFFFFFFFFFFFFFFFFFFFAC
:10343000FFFFFFFFFFFFFFFFFFFFFFFFFFFFFFFF9C
:10344000FFFFFFFFFFFFFFFFFFFFFFFFFFFFFFFF8C
:10345000FFFFFFFFFFFFFFFFFFFFFFFFFFFFFFFF7C
:10346000FFFFFFFFFFFFFFFFFFFFFFFFFFFFFFFF6C
:10347000FFFFFFFFFFFFFFFFFFFFFFFFFFFFFFFF5C
:10348000FFFFFFFFFFFFFFFFFFFFFFFFFFFFFFFF4C
:10349000FFFFFFFFFFFFFFFFFFFFFFFFFFFFFFFF3C
:1034A000FFFFFFFFFFFFFFFFFFFFFFFFFFFFFFFF2C
:1034B000FFFFFFFFFFFFFFFFFFFFFFFFFFFFFFFF1C
:1034C000FFFFFFFFFFFFFFFFFFFFFFFFFFFFFFFF0C
:1034D000FFFFFFFFFFFFFFFFFFFFFFFFFFFFFFFFFC
:1034E000FFFFFFFFFFFFFFFFFFFFFFFFFFFFFFFFEC
:1034F000FFFFFFFFFFFFFFFFFFFFFFFFFFFFFFFFDC
:10350000FFFFFFFFFFFFFFFFFFFFFFFFFFFFFFFFCB
:10351000FFFFFFFFFFFFFFFFFFFFFFFFFFFFFFFFBB
:10352000FFFFFFFFFFFFFFFFFFFFFFFFFFFFFFFFAB
:10353000FFFFFFFFFFFFFFFFFFFFFFFFFFFFFFFF9B
:10354000FFFFFFFFFFFFFFFFFFFFFFFFFFFFFFFF8B
:10355000FFFFFFFFFFFFFFFFFFFFFFFFFFFFFFFF7B
:10356000FFFFFFFFFFFFFFFFFFFFFFFFFFFFFFFF6B
:10357000FFFFFFFFFFFFFFFFFFFFFFFFFFFFFFFF5B
:10358000FFFFFFFFFFFFFFFFFFFFFFFFFFFFFFFF4B
:10359000FFFFFFFFFFFFFFFFFFFFFFFFFFFFFFFF3B
:1035A000FFFFFFFFFFFFFFFFFFFFFFFFFFFFFFFF2B
:1035B000FFFFFFFFFFFFFFFFFFFFFFFFFFFFFFFF1B
:1035C000FFFFFFFFFFFFFFFFFFFFFFFFFFFFFFFF0B
:1035D000FFFFFFFFFFFFFFFFFFFFFFFFFFFFFFFFFB
:1035E000FFFFFFFFFFFFFFFFFFFFFFFFFFFFFFFFEB
:1035F000FFFFFFFFFFFFFFFFFFFFFFFFFFFFFFFFDB
:10360000FFFFFFFFFFFFFFFFFFFFFFFFFFFFFFFFCA
:10361000FFFFFFFFFFFFFFFFFFFFFFFFFFFFFFFFBA
:10362000FFFFFFFFFFFFFFFFFFFFFFFFFFFFFFFFAA
:10363000FFFFFFFFFFFFFFFFFFFFFFFFFFFFFFFF9A
:10364000FFFFFFFFFFFFFFFFFFFFFFFFFFFFFFFF8A
:10365000FFFFFFFFFFFFFFFFFFFFFFFFFFFFFFFF7A
:10366000FFFFFFFFFFFFFFFFFFFFFFFFFFFFFFFF6A
:10367000FFFFFFFFFFFFFFFFFFFFFFFFFFFFFFFF5A
:10368000FFFFFFFFFFFFFFFFFFFFFFFFFFFFFFFF4A
:10369000FFFFFFFFFFFFFFFFFFFFFFFFFFFFFFFF3A
:1036A000FFFFFFFFFFFFFFFFFFFFFFFFFFFFFFFF2A
:1036B000FFFFFFFFFFFFFFFFFFFFFFFFFFFFFFFF1A
:1036C000FFFFFFFFFFFFFFFFFFFFFFFFFFFFFFFF0A
:1036D000FFFFFFFFFFFFFFFFFFFFFFFFFFFFFFFFFA
:1036E000FFFFFFFFFFFFFFFFFFFFFFFFFFFFFFFFEA
:1036F000FFFFFFFFFFFFFFFFFFFFFFFFFFFFFFFFDA
:10370000FFFFFFFFFFFFFFFFFFFFFFFFFFFFFFFFC9
:10371000FFFFFFFFFFFFFFFFFFFFFFFFFFFFFFFFB9
:10372000FFFFFFFFFFFFFFFFFFFFFFFFFFFFFFFFA9
:10373000FFFFFFFFFFFFFFFFFFFFFFFFFFFFFFFF99
:10374000FFFFFFFFFFFFFFFFFFFFFFFFFFFFFFFF89
:10375000FFFFFFFFFFFFFFFFFFFFFFFFFFFFFFFF79
:10376000FFFFFFFFFFFFFFFFFFFFFFFFFFFFFFFF69
:10377000FFFFFFFFFFFFFFFFFFFFFFFFFFFFFFFF59
:10378000FFFFFFFFFFFFFFFFFFFFFFFFFFFFFFFF49
:10379000FFFFFFFFFFFFFFFFFFFFFFFFFFFFFFFF39
:1037A000FFFFFFFFFFFFFFFFFFFFFFFFFFFFFFFF29
:1037B000FFFFFFFFFFFFFFFFFFFFFFFFFFFFFFFF19
:1037C000FFFFFFFFFFFFFFFFFFFFFFFFFFFFFFFF09
:1037D000FFFFFFFFFFFFFFFFFFFFFFFFFFFFFFFFF9
:1037E000FFFFFFFFFFFFFFFFFFFFFFFFFFFFFFFFE9
:1037F000FFFFFFFFFFFFFFFFFFFFFFFFFFFFFFFFD9
:10380000FFFFFFFFFFFFFFFFFFFFFFFFFFFFFFFFC8
:10381000FFFFFFFFFFFFFFFFFFFFFFFFFFFFFFFFB8
:10382000FFFFFFFFFFFFFFFFFFFFFFFFFFFFFFFFA8
:10383000FFFFFFFFFFFFFFFFFFFFFFFFFFFFFFFF98
:10384000FFFFFFFFFFFFFFFFFFFFFFFFFFFFFFFF88
:10385000FFFFFFFFFFFFFFFFFFFFFFFFFFFFFFFF78
:10386000FFFFFFFFFFFFFFFFFFFFFFFFFFFFFFFF68
:10387000FFFFFFFFFFFFFFFFFFFFFFFFFFFFFFFF58
:10388000FFFFFFFFFFFFFFFFFFFFFFFFFFFFFFFF48
:10389000FFFFFFFFFFFFFFFFFFFFFFFFFFFFFFFF38
:1038A000FFFFFFFFFFFFFFFFFFFFFFFFFFFFFFFF28
:1038B000FFFFFFFFFFFFFFFFFFFFFFFFFFFFFFFF18
:1038C000FFFFFFFFFFFFFFFFFFFFFFFFFFFFFFFF08
:1038D000FFFFFFFFFFFFFFFFFFFFFFFFFFFFFFFFF8
:1038E000FFFFFFFFFFFFFFFFFFFFFFFFFFFFFFFFE8
:1038F000FFFFFFFFFFFFFFFFFFFFFFFFFFFFFFFFD8
:10390000FFFFFFFFFFFFFFFFFFFFFFFFFFFFFFFFC7
:10391000FFFFFFFFFFFFFFFFFFFFFFFFFFFFFFFFB7
:10392000FFFFFFFFFFFFFFFFFFFFFFFFFFFFFFFFA7
:10393000FFFFFFFFFFFFFFFFFFFFFFFFFFFFFFFF97
:10394000FFFFFFFFFFFFFFFFFFFFFFFFFFFFFFFF87
:10395000FFFFFFFFFFFFFFFFFFFFFFFFFFFFFFFF77
:10396000FFFFFFFFFFFFFFFFFFFFFFFFFFFFFFFF67
:10397000FFFFFFFFFFFFFFFFFFFFFFFFFFFFFFFF57
:10398000FFFFFFFFFFFFFFFFFFFFFFFFFFFFFFFF47
:10399000FFFFFFFFFFFFFFFFFFFFFFFFFFFFFFFF37
:1039A000FFFFFFFFFFFFFFFFFFFFFFFFFFFFFFFF27
:1039B000FFFFFFFFFFFFFFFFFFFFFFFFFFFFFFFF17
:1039C000FFFFFFFFFFFFFFFFFFFFFFFFFFFFFFFF07
:1039D000FFFFFFFFFFFFFFFFFFFFFFFFFFFFFFFFF7
:1039E000FFFFFFFFFFFFFFFFFFFFFFFFFFFFFFFFE7
:1039F000FFFFFFFFFFFFFFFFFFFFFFFFFFFFFFFFD7
:103A0000FFFFFFFFFFFFFFFFFFFFFFFFFFFFFFFFC6
:103A1000FFFFFFFFFFFFFFFFFFFFFFFFFFFFFFFFB6
:103A2000FFFFFFFFFFFFFFFFFFFFFFFFFFFFFFFFA6
:103A3000FFFFFFFFFFFFFFFFFFFFFFFFFFFFFFFF96
:103A4000FFFFFFFFFFFFFFFFFFFFFFFFFFFFFFFF86
:103A5000FFFFFFFFFFFFFFFFFFFFFFFFFFFFFFFF76
:103A6000FFFFFFFFFFFFFFFFFFFFFFFFFFFFFFFF66
:103A7000FFFFFFFFFFFFFFFFFFFFFFFFFFFFFFFF56
:103A8000FFFFFFFFFFFFFFFFFFFFFFFFFFFFFFFF46
:103A9000FFFFFFFFFFFFFFFFFFFFFFFFFFFFFFFF36
:103AA000FFFFFFFFFFFFFFFFFFFFFFFFFFFFFFFF26
:103AB000FFFFFFFFFFFFFFFFFFFFFFFFFFFFFFFF16
:103AC000FFFFFFFFFFFFFFFFFFFFFFFFFFFFFFFF06
:103AD000FFFFFFFFFFFFFFFFFFFFFFFFFFFFFFFFF6
:103AE000FFFFFFFFFFFFFFFFFFFFFFFFFFFFFFFFE6
:103AF000FFFFFFFFFFFFFFFFFFFFFFFFFFFFFFFFD6
:103B0000FFFFFFFFFFFFFFFFFFFFFFFFFFFFFFFFC5
:103B1000FFFFFFFFFFFFFFFFFFFFFFFFFFFFFFFFB5
:103B2000FFFFFFFFFFFFFFFFFFFFFFFFFFFFFFFFA5
:103B3000FFFFFFFFFFFFFFFFFFFFFFFFFFFFFFFF95
:103B4000FFFFFFFFFFFFFFFFFFFFFFFFFFFFFFFF85
:103B5000FFFFFFFF06005250D3F07542C0940010E3
:103B600006005250E182887FC8940010060052502F
:103B7000ABB36053D894001006005250BBFF3CB664
:103B8000E094001006005250861C0302E8940010D6
:103B9000060052505422A29DF89400100500525085
:103BA000DE65F4686C500110CC5D00107C5D001087
:103BB0007C5D0010C45D00107C5D00107C5D001019
:103BC0007C5D00107C5D00107C5D00107C5D001051
:103BD0007C5D0010BC5D00107C5D0010B45D0010C9
:103BE0007C5D00107C5D0010AC5D0010EC5F00108F
:103BF000E25D0010DC5F0010E25D0010C65F0010A7
:103C0000E25D0010E25D0010E25D0010E25D001078
:103C1000E25D0010E25D0010E25D0010D45D001076
:103C2000E25D0010E25D0010E25D0010E25D001058
:103C3000E25D0010D45D00108A600010365D001057
:103C4000365D0010365D0010365D0010365D0010E8
:103C5000365D0010365D0010365D0010365D0010D8
:103C6000365D0010365D0010365D0010365D0010C8
:103C7000365D0010365D0010365D0010365D0010B8
:103C8000365D0010365D0010365D0010365D0010A8
:103C9000365D0010365D0010365D0010365D001098
:103CA000365D0010365D0010365D0010365D001088
:103CB000365D0010365D0010006000105860001086
:103CC00000600010365D0010365D0010365D00109B
:103CD000365D0010365D0010365D0010365D001058
:103CE000365D0010365D0010365D0010365D001048
:103CF000365D0010365D0010365D0010365D001038
:103D0000365D00109A620010365D0010365D0010BE
:103D1000365D0010365D0010365D0010365D001017
:103D2000365D0010365D0010365D00109A6200109E
:103D30009C6000109A620010006000105860001033
:103D40000060001000000000000000000000F03FD4
:103D50000000000000002440000000000000594066
:103D60000000000000408F40000000000088C340B9
:103D700000000000006AF8400000000080842E412E
:103D800000000000D01263410000000084D797417A
:103D90000000000065CDCD410D0A00000600525024
:103DA00053B4F4A11C9500100000000030950010E1
:103DB000409500104CBF002048950010549500100D
:103DC00009025400030100807D080B00020202007A
:103DD000000904000001020200040524002001057E
:103DE00024010001042402060524060001070581C0
:103DF0000308001009040100020A00000007050280
:103E00000240000007058202400000090402000091
:103E1000FF00010512011002EF0201408A2E0A0084
:103E200000010102030100000A0000000000030677
:103E3000A6000800020002009C001400030057497D
:103E40004E555342000000000000000000008000BA
:103E5000040001002800440065007600690063004A
:103E6000650049006E007400650072006600610024
:103E700063006500470055004900440000004E0003
:103E80007B006200630037003300390038006300B4
:103E900031002D0037003300630064002D00340032
:103EA0006300620037002D003900380062003800DE
:103EB0002D003900310033006100380066006300D6
:103EC000610037006200660036007D0000000000DF
:103ED000050F2100011C100500DF60DDD88945C7F2
:103EE0004C9CD2659D9E648A9F00000306A600013B
:103EF0000000000000000000B5720010000000008B
:103F0000B9720010C5720010F1720010ED7200104D
:103F100000000000147800107C790010047A001072
:103F2000547900106679001044790010B4780010BC
:103F300060780010547800101C7D0010027D001085
:103F4000F27A00103C7D0010F27A0010EA7C00103A
:103F5000D67C0010F27A0010C27C0010D27B0010D8
:103F6000F27A00109A7F00108C7F0010807F001082
:103F7000F27A0010F27A00106A7F00108C7F001035
:103F8000F27A0010F27A0010F27A0010F27A001041
:103F9000F27A0010F27A0010F27A0010247F0010FA
:103FA0009A0D00209A0D0020E40D0020040E002040
:103FB000420E0020540E0020900D00200000000052
:103FC0002585001095850010C5850010118600100C
:0C3FD000B58600109D8700100000000066
:103FDC00543B0110603B01106C3B0110783B01100D
:103FEC00843B0110903B01109C3B01109C3D011047
:103FFC0003000068EFF3108C72B60268002AFCD044
:10400C00BFF35F8F04229A56002A0BDB002900D0E5
:10401C000A6000201B68BFF35F8F00221A608CF3CC
:10402C0010887047D0221206126801201A71F1E72D
:10403C00F0B5C646150000B504001E000268EFF38B
:10404C00108172B61368002BFCD0BFF35F8F042372
:10405C00E3562268002B2BDBBFF35F8F0020106030
:10406C0081F31088D02212061278002752B29046A3
:10407C009A420ED1002080BCB846F0BDBFF35F8FD2
:10408C00176081F310882800310000F045FF0028EC
:10409C00F0D12268EFF3108172B61368002BFCD0BC
:1040AC00BFF35F8F237922687F2BE7D9434602E069
:1040BC00D0231B061B682371BFF35F8F0023136093
:1040CC0081F310880120D6E7F0B5C64600B50D0087
:1040DC00040000F001FFFA2206000F000023280064
:1040EC000021920000F028FF36184F41002F02DA11
:1040FC000126174F7642D0231B061B6800259846D5
:10410C000AE0BFF35F8F156081F31088300039002F
:10411C0000F002FF002818D12268EFF3108172B66C
:10412C001368002BFCD0BFF35F8F237922687F2BA1
:10413C00E7D943462371BFF35F8F0023136081F3EC
:10414C001088012080BCB846F0BD0020FAE7C046BC
:10415C00FFFFFF7F0268EFF3108172B61368002B2C
:10416C00FCD0BFF35F8FFF2303710368BFF35F8F36
:10417C0000221A6081F3108840BF704710B5084CBC
:10418C002378002B0AD18023064807495B051A685F
:10419C00C25004338B42FAD10123237010BDC046A8
:1041AC006ABF0020841900100001001010B5014BEB
:1041BC00984710BD85190020084B5A6842609A68D0
:1041CC008260DA68C2601A6902615A6942619B694D
:1041DC008361A0235B051B680360704700000240ED
:1041EC004268084B5A6082689A60C268DA60026959
:1041FC001A6142695A6182699A61A02302685B055F
:10420C001A607047000002400023F0B5DE465746A6
:10421C004E4645469A46E0B58BB001900E00988A02
:10422C004C491B8B14009847534681464A49988A3F
:10423C001B8B9847534649490500988A1B8B984716
:10424C008046FFF79BFF03A8FFF7B6FFC847A847B8
:10425C00434B25001A6880239B005340C0229200D8
:10426C001340404A1360002C22D00823C0219C46E6
:10427C000220490562468B6A1A40184244D0631BDF
:10428C00002D34D1002A11D1002C11D0C0235B0594
:10429C009B4602239A46063399465B464A46574646
:1042AC009B6A1A401F4247D0002AF6D0002C35D109
:1042BC002B4B1A68C0239B0093432A4A1360C047B8
:1042CC00FFF774FF03A8FFF78BFF0BB0F0BCBB46E6
:1042DC00B246A946A046F0BD002C2FD1C0225205F3
:1042EC00926A914608224F463A40BF072DD50D2BB6
:1042FC001BD9002AF0D1C0225205926A914608229D
:10430C004F463A40BF07F2D4002A04D12B00234376
:10431C00002BAFD1CCE72B00002CF9D00B6E013C5D
:10432C003370230001362B43F2E7019F013D3B78AC
:10433C0001370B660197E7E70025E5E7C0235B052E
:10434C001B6E013C3370013694E72B00002ADFD141
:10435C00DCE7C046494600004558000046430000D3
:10436C000C8001400C9001400022154B10B59A6056
:10437C00DA601A615A619A61DA611A625A629A6257
:10438C00DA621A635A639A63DA631A645A649A6437
:10439C00DA641A655A659A65DA651A665A669A6617
:1043AC00DA661A675A679A67DA67F0329200002168
:1043BC00044800F099FD044B044A1A6010BDC04635
:1043CC000000105030BB002004BF002080011050B2
:1043DC00F0B54E464546DE465746E0B5214B002427
:1043EC009E6D012585B0002E22D01F4B9A460123CD
:1043FC0099461E4B984601E0202C19D02A00230028
:10440C0001342F003240E4B26D00002AF4D0524641
:10441C0097654A465B085B0022409B185B0143444E
:10442C0018009B4600F01EFC002808D1BE43E3D1C7
:10443C0005B0F0BCBB46B246A946A046F0BD5B46F3
:10444C00E0219A78DB8A01A883600023C9000180EF
:10445C0001210271437100F025FC584600F0A0FBCD
:10446C00E4E7C0460000115000301150F0BA0020B3
:10447C009823F0B5C646C84A00B5D55880232E00FF
:10448C009B02102484B01E401D4274D0C34BC44CFC
:10449C009A6AC44B00261A603B23E35C022B00D1C2
:1044AC004FE17B23E35C022B00D1F3E0BB23E35C05
:1044BC00022B00D1FAE0FB23E35C022B00D101E1DB
:1044CC003C23FF33E35C022B00D12DE17C23FF3333
:1044DC00E35C022B00D10EE1BC23FF33E35C022B27
:1044EC0000D13FE1FC23FF33E35C022B00D1F5E06C
:1044FC00AD4BE35C022B00D174E1AC4BE35C022BC3
:10450C0000D105E1AA4BE35C022B00D175E1A94B6C
:10451C00E35C022B00D132E1A74BE35C022B00D110
:10452C00A0E1A64BE35C022B00D171E1A44BE35C50
:10453C00022B00D1A1E1A34BE35C022B00D17FE164
:10454C00002E08D1A04B1B78002B04D180219F4A50
:10455C0090338902D150C02269468F4B92009B6CDC
:10456C0080265B058A805B0D012101A8029300F077
:10457C0099FB974CB602EB0600D57FE080235B02DB
:10458C001D4231D01E43012302249846844FBB7E2A
:10459C00002B14D000F0C8FC012800D972E0C02216
:1045AC0000213800920100F001FB380000F0F8FA0D
:1045BC0000F0BAFC012802D9844B5C661C664346A9
:1045CC00FB702037012C22D1C0236A46DB0093807C
:1045DC00804A02AB03CA03C3012101A800F062FBAD
:1045EC0080227A4B92021A6580235B011D4210D106
:1045FC008023DB011D4223D180231B021D422FD1BE
:10460C00AE4200D0C0E104B080BCB846F0BD01247D
:10461C00BDE700241E43604B1C60FFF7A5FE802302
:10462C006A465B0093801472012101A800F03AFBEA
:10463C008022664B12031A658023DB011D42DBD0FE
:10464C001E4380236A46DB009380012101A800F001
:10465C0029FB10225D4B1A6580231B021D42CFD013
:10466C001E43A0236A46DB009380012101A800F0C1
:10467C0019FB8022554B12011A65C1E7FFF7A8FE02
:10468C0026007BE7544B444A1C66536E2340A342DE
:10469C00FBD184E77833E75C002F00D106E70233C7
:1046AC00E25C002A00D00DE13E00FFE6B833E75C87
:1046BC00002F00D1FFE60233E25C002A00D0F9E0C3
:1046CC003E00F8E6F833E75C002F00D1F8E6023341
:1046DC00E25C002A00D041E13E00F1E6F933FF3301
:1046EC00E75C002F00D103E70233E25C002A00D024
:1046FC002BE13E00FCE67933FF33E75C002F00D161
:10470C00EAE60233E25C002A00D015E13E00E3E663
:10471C00324BE75C002F00D1F4E60233E25C002A56
:10472C0000D001E13E00EDE63933FF33E75C002FAA
:10473C0000D1CBE60233E25C002A00D0EBE03E0075
:10474C00C4E63833E65C002E00D1AAE60233E25C04
:10475C00002A00D1A5E6200000222030E25400F00F
:10476C004DFA9EE6B933FF33E75C002F00D1B9E672
:10477C000233E25C002A00D0C4E03E00B2E6184BE3
:10478C00E75C002F00D1C7E60233E25C002A00D0C0
:10479C00B0E03E00C0E6C0460000115000400540AD
:1047AC00F0BA0020E81A00203B0200007B02000057
:1047BC00BB020000FB0200003B0300007B03000077
:1047CC00BB030000FB03000067BF0020003011504A
:1047DC001000020000001050002011507A0200005E
:1047EC00FA0200006B4BE75C002F00D185E6023328
:1047FC00E25C002A76D13E007FE6674BE75C002F37
:10480C0000D184E60233E25C002A63D13E007EE6EE
:10481C00624BE75C002F00D188E60233E25C002A91
:10482C0000D0A3E05E4BE35C022B30D15D4BE35C2C
:10483C00002B27D15C4BE35C022B00D08BE63E00B7
:10484C005A4BE35C002B00D17AE6FF239B00E25C21
:10485C00002A00D17FE60022E2541C3BE01800F055
:10486C00CDF978E6524BE75C002F00D159E60233C4
:10487C00E25C002A16D13E0053E64A4BE35C002B67
:10488C0000D158E6EF239B00E25C002A75D1464B21
:10489C00E35C022B00D05EE6444BE35C002B00D1C2
:1048AC0059E6D2E70022E2541C3BE01800F0A6F9CE
:1048BC003E0036E620000022A030E2543E0000F01C
:1048CC009DF9F8E5200000226030E2543E0000F033
:1048DC0095F9EBE50022E2541C3BE01800F08EF950
:1048EC003E0014E60022E2541C3BE01800F086F96E
:1048FC003E0002E60022E2541C3BE01800F07EF978
:10490C003E0009E620000022A130FF30E2543E00B8
:10491C0000F074F9E6E5200000222130FF30E2546B
:10492C003E0000F06BF9D1E50022E2541C3BE0188C
:10493C0000F064F93E00E5E5200000226130FF3014
:10494C00E2543E0000F05AF9C6E520000022E130A6
:10495C00FF30E2543E0000F051F9C9E5200000227E
:10496C00E030E2543E0000F049F9A9E50022E2549F
:10497C001C3BE01800F042F954E70022E2541C3BC7
:10498C00E01800F03BF982E731000A48694000F07A
:10499C00B3FAC0463A020000BA0200007A030000E3
:1049AC00BB030000BA030000FB030000FA03000085
:1049BC003A0300005C950010F0B5C64600B5020045
:1049CC00838A008B8C46011C984200D9191CD47820
:1049DC0080252000461EB04189B2ED000D434003F6
:1049EC00284301256C405B1AD47054789BB2938297
:1049FC00002C31D16446D568A4014E1E2D19B04649
:104A0C001469002923D0062E32D92B0023439B078F
:104A1C002ED1631CEB1A022B2AD900238F08BF005E
:104A2C00E658EE5004339F42FAD14346ED19DB1B96
:104A3C00E419B94209D026782E70002B05D066787F
:104A4C006E70012B01D0A378AB701469938A641833
:104A5C001461802212021043002B02D18023DB014F
:104A6C0018436346002B00D0000480BCB846F0BD50
:104A7C000023E65CEE5401339942FAD1E5E7C046D7
:104A8C008368F0B51A680400002900D0120C637812
:104A9C009205900D002B08D1E38AC318E382238B77
:104AAC00834201D90023A382F0BDE3688901256903
:104ABC005E18471E002822D0062F26D901315B181C
:104ACC00EB1A022B21D92B0033439B071DD100235A
:104ADC00120E9200F158E95004339A42FAD1BF1ADF
:104AEC00AD18B618904209D032782A70002F05D034
:104AFC0072786A70012F01D0B278AA702569E38AA6
:104B0C002D18C318E3822561C9E70022B35CAB54AE
:104B1C0001329042FAD12569F1E7C04610B5040084
:104B2C00836800211B68FFF7ABFF63681B685B00A1
:104B3C0002D5238B834200D010BD01212000FFF74A
:104B4C009FFFF9E7084A0300126C0020920703D478
:104B5C009A78D209012A00D07047D87E0238434295
:104B6C005841C0B2F8E7C0460000115010B5FFF72D
:104B7C00E9FF00280CD00749074B8C46074A9B6A73
:104B8C00126863449B1A0020C6229A424041C0B26C
:104B9C0010BDC046E0FCFFFF00400540E81A0020B5
:104BAC0000238376436103617047C04610B5836868
:104BBC00002901D01C682140002A12D08024E40076
:104BCC00114322420DD01A6822420CD1084A0A40E5
:104BDC001A60084A126C920703D40C23033BFDD2D3
:104BEC008368196010BD8178034800F085F9C046D0
:104BFC00FFFBFFFF0000115070950010436870B56B
:104C0C000021802504001E68FFF7D6FE124B6D01B3
:104C1C001A6C0543A37892070ED55B060ED00F4B8A
:104C2C001E4080239B0533436268002113602000E3
:104C3C002A00FFF7BBFF70BDDB09F0D0A38A002B65
:104C4C00EDD001212000FFF7B7FEA023044ADB05BD
:104C5C00324005431343E7E700001150FFFFFFAF5D
:104C6C00FFFFFFDF70B5857E0400002D14D0FFF729
:104C7C0055FFA38A002B01D1280070BD2000FFF73F
:104C8C0075FF002803D0012300252377F4E72000CB
:104C9C00FFF7B4FF0025EFE78178014800F02CF90D
:104CAC0090950010F0B5CE46474680B54378050088
:104CBC000E0085B0062B08D86B4A9B00D3589F4634
:104CCC006A4A13780133DBB21370694B1C68626952
:104CDC00EFF3108172B61368002BFCD0BFF35F8F1B
:104CEC00A1612000290000F00FF96269A369BFF3EC
:104CFC005F8F0021116083F31088002804D105B068
:104D0C00C0BCB946B046F0BD32006978287800F0D6
:104D1C001BF9F4E70121574B1A788A431A701A7859
:104D2C0001318A431A7000225A701A7802318A4370
:104D3C001A70CAE7504B514F9946514B0024984674
:104D4C003A7810E043461B6861015B18002B06D0D3
:104D5C00DB69002B03D06968287898473A780134CE
:104D6C00E4B2944217D8A242ECD8A31A5B014B448C
:104D7C00EEE7404B1A78D207C1D504211A780A43C2
:104D8C001A70A2E73B4B1A78D207B8D504211A78CF
:104D9C008A431A7099E7374F3B785B072BD504226F
:104DAC003B78002193433B706B460632981D00F014
:104DBC009BF82B7801AC2370052363702C4B1B687C
:104DCC0098465A69EFF3108172B61368002BFCD029
:104DDC00BFF35F8F434640469961210000F094F881
:104DEC0043465A699B69BFF35F8F0021116083F3BF
:104DFC001088002831D1FB78DB0700D47FE76B46A5
:104E0C000A220021981D00F06FF82B7801AC23705A
:104E1C00032363706B686360154B1D686A69EFF35D
:104E2C00108172B61368002BFCD0BFF35F8FA961A1
:104E3C002800210000F068F86A69AB69BFF35F8F46
:104E4C000021116083F31088002800D157E732004D
:104E5C006178207800F078F851E73200617820789A
:104E6C0000F072F8C7E7C046A03F011068BF0020F1
:104E7C00C016002068160020BC3F011066BF002041
:104E8C00B814002030B50400101E0AD00A000D180A
:104E9C000221E3681942FCD013780132A360AA42C4
:104EAC00F7D1E3685B0704D50421A368E3681942D2
:104EBC00FBD11021E3681942FCD1E3685B0704D5F0
:104ECC000421A368E3681942FBD10123236230BD9E
:104EDC007047C0460000000001B40248844601BC83
:104EEC00604700BF1537001001B40248844601BC6E
:104EFC00604700BF2550001001B40248844601BC35
:104F0C00604700BFED29001001B40248844601BC83
:104F1C00604700BF798C001001B40248844601BC84
:104F2C00604700BFC135001001B40248844601BC83
:104F3C00604700BFE129001001B40248844601BC5F
:104F4C00604700BF794D001001B40248844601BC93
:104F5C00604700BFBD76001001000100FFFF80001C
:104F6C00A000000033B7D33F0000A04101000000B7
:104F7C0000000040010000000110000000000000D3
:104F8C000000010000000000000000000000020012
:104F9C000000000000000000000003000000000002
:104FAC0000000000000004000000000000000000F1
:104FBC000000050000000000000000000000FF00E1
:104FCC000000000001B5486801318E46004770466C
:104FDC0009380149884701BD052E0010000000006A
:104FEC0000000000000000000000000000000000B5
:104FFC003011002000000000000000000000000044
:10500C00503300004C330000543300005233000086
:10501C004D5300004D430000533400004334000056
:10502C00896D00103D6D0010B16C0010296C0010E2
:10503C000000000000010000C416002010000C004D
:10504C000000000000000000000000000000000054
:10505C0000000000FF000000000000000000000045
:04000005100001E9FD
:00000001FF
