
C:/Users/rgb/Desktop/pi-scope/pi-pico-scope/build-pico-scope/pi-pico-scope.elf:     file format elf32-littlearm

Sections:
Idx Name          Size      VMA       LMA       File off  Algn
  0 .boot2        00000100  10000000  10000000  00001000  2**0
                  CONTENTS, ALLOC, LOAD, READONLY, CODE
  1 .text         00009118  10000100  10000100  00001100  2**3
                  CONTENTS, ALLOC, LOAD, READONLY, CODE
  2 .rodata       0000adc4  10009218  10009218  0000a218  2**3
                  CONTENTS, ALLOC, LOAD, READONLY, DATA
  3 .binary_info  00000020  10013fdc  10013fdc  00014fdc  2**2
                  CONTENTS, ALLOC, LOAD, READONLY, DATA
  4 .xip_ram      00000000  15000000  15000000  00016130  2**0
                  CONTENTS
  5 .ram_vector_table 000000c0  20000000  20000000  00017000  2**2
                  ALLOC
  6 .uninitialized_data 00000000  200000c0  200000c0  00016130  2**0
                  CONTENTS
  7 .data         00001070  200000c0  10013ffc  000150c0  2**4
                  CONTENTS, ALLOC, LOAD, READONLY, CODE
  8 .tdata        00000000  20001130  20001130  00016130  2**0
                  CONTENTS, ALLOC, LOAD, DATA, THREAD_LOCAL
  9 .tbss         00000000  20001130  20001130  00000000  2**0
                  ALLOC, THREAD_LOCAL
 10 .tbss_space   00000000  20001130  20001130  00016130  2**0
                  CONTENTS
 11 .bss          0000ae48  20001130  1001506c  00016130  2**3
                  ALLOC
 12 .tls0         00000000  2000bf78  2000bf78  00016130  2**0
                  CONTENTS
 13 .tls1         00000000  2000bf78  2000bf78  00016130  2**0
                  CONTENTS
 14 .persistent_data 00000000  2000bf78  2000bf78  00016130  2**0
                  CONTENTS
 15 .dummy_pre_heap 00000000  2000bf78  2000bf78  00016130  2**0
                  CONTENTS
 16 .heap         00000800  2000bf78  2000bf78  00016f78  2**2
                  ALLOC, READONLY
 17 .scratch_x    00000000  20040000  20040000  00016130  2**0
                  CONTENTS
 18 .scratch_y    00000000  20041000  20041000  00016130  2**0
                  CONTENTS
 19 .stack_dummy  00000800  20041000  20041000  00017000  2**5
                  ALLOC, READONLY
 20 .debug_info   0003e20b  00000000  00000000  00016130  2**0
                  CONTENTS, READONLY, DEBUGGING, OCTETS
 21 .debug_abbrev 0000a39f  00000000  00000000  0005433b  2**0
                  CONTENTS, READONLY, DEBUGGING, OCTETS
 22 .debug_aranges 000019c0  00000000  00000000  0005e6e0  2**3
                  CONTENTS, READONLY, DEBUGGING, OCTETS
 23 .debug_rnglists 00005354  00000000  00000000  000600a0  2**0
                  CONTENTS, READONLY, DEBUGGING, OCTETS
 24 .debug_line   0002bea8  00000000  00000000  000653f4  2**0
                  CONTENTS, READONLY, DEBUGGING, OCTETS
 25 .debug_str    0000a1d4  00000000  00000000  0009129c  2**0
                  CONTENTS, READONLY, DEBUGGING, OCTETS
 26 .comment      00000045  00000000  00000000  0009b470  2**0
                  CONTENTS, READONLY
 27 .ARM.attributes 0000002a  00000000  00000000  0009b4b5  2**0
                  CONTENTS, READONLY
 28 .debug_frame  000037a8  00000000  00000000  0009b4e0  2**2
                  CONTENTS, READONLY, DEBUGGING, OCTETS
 29 .debug_loclists 0001fabe  00000000  00000000  0009ec88  2**0
                  CONTENTS, READONLY, DEBUGGING, OCTETS
 30 .debug_line_str 0000038a  00000000  00000000  000be746  2**0
                  CONTENTS, READONLY, DEBUGGING, OCTETS

C:/Users/rgb/Desktop/pi-scope/pi-pico-scope/build-pico-scope/pi-pico-scope.elf:     file format elf32-littlearm


Disassembly of section .boot2:

10000000 <__boot2_start__>:
10000000:	4b32b500 	.word	0x4b32b500
10000004:	60582021 	.word	0x60582021
10000008:	21026898 	.word	0x21026898
1000000c:	60984388 	.word	0x60984388
10000010:	611860d8 	.word	0x611860d8
10000014:	4b2e6158 	.word	0x4b2e6158
10000018:	60992100 	.word	0x60992100
1000001c:	61592102 	.word	0x61592102
10000020:	22f02101 	.word	0x22f02101
10000024:	492b5099 	.word	0x492b5099
10000028:	21016019 	.word	0x21016019
1000002c:	20356099 	.word	0x20356099
10000030:	f844f000 	.word	0xf844f000
10000034:	42902202 	.word	0x42902202
10000038:	2106d014 	.word	0x2106d014
1000003c:	f0006619 	.word	0xf0006619
10000040:	6e19f834 	.word	0x6e19f834
10000044:	66192101 	.word	0x66192101
10000048:	66182000 	.word	0x66182000
1000004c:	f000661a 	.word	0xf000661a
10000050:	6e19f82c 	.word	0x6e19f82c
10000054:	6e196e19 	.word	0x6e196e19
10000058:	f0002005 	.word	0xf0002005
1000005c:	2101f82f 	.word	0x2101f82f
10000060:	d1f94208 	.word	0xd1f94208
10000064:	60992100 	.word	0x60992100
10000068:	6019491b 	.word	0x6019491b
1000006c:	60592100 	.word	0x60592100
10000070:	481b491a 	.word	0x481b491a
10000074:	21016001 	.word	0x21016001
10000078:	21eb6099 	.word	0x21eb6099
1000007c:	21a06619 	.word	0x21a06619
10000080:	f0006619 	.word	0xf0006619
10000084:	2100f812 	.word	0x2100f812
10000088:	49166099 	.word	0x49166099
1000008c:	60014814 	.word	0x60014814
10000090:	60992101 	.word	0x60992101
10000094:	2800bc01 	.word	0x2800bc01
10000098:	4700d000 	.word	0x4700d000
1000009c:	49134812 	.word	0x49134812
100000a0:	c8036008 	.word	0xc8036008
100000a4:	8808f380 	.word	0x8808f380
100000a8:	b5034708 	.word	0xb5034708
100000ac:	20046a99 	.word	0x20046a99
100000b0:	d0fb4201 	.word	0xd0fb4201
100000b4:	42012001 	.word	0x42012001
100000b8:	bd03d1f8 	.word	0xbd03d1f8
100000bc:	6618b502 	.word	0x6618b502
100000c0:	f7ff6618 	.word	0xf7ff6618
100000c4:	6e18fff2 	.word	0x6e18fff2
100000c8:	bd026e18 	.word	0xbd026e18
100000cc:	40020000 	.word	0x40020000
100000d0:	18000000 	.word	0x18000000
100000d4:	00070000 	.word	0x00070000
100000d8:	005f0300 	.word	0x005f0300
100000dc:	00002221 	.word	0x00002221
100000e0:	180000f4 	.word	0x180000f4
100000e4:	a0002022 	.word	0xa0002022
100000e8:	10000100 	.word	0x10000100
100000ec:	e000ed08 	.word	0xe000ed08
	...
100000fc:	7a4eb274 	.word	0x7a4eb274

Disassembly of section .text:

10000100 <__VECTOR_TABLE>:
10000100:	20042000 	.word	0x20042000
10000104:	100001f7 	.word	0x100001f7
10000108:	100001cb 	.word	0x100001cb
1000010c:	100001cd 	.word	0x100001cd
10000110:	100001c9 	.word	0x100001c9
10000114:	100001c9 	.word	0x100001c9
10000118:	100001c9 	.word	0x100001c9
1000011c:	100001c9 	.word	0x100001c9
10000120:	100001c9 	.word	0x100001c9
10000124:	100001c9 	.word	0x100001c9
10000128:	100001c9 	.word	0x100001c9
1000012c:	100001cf 	.word	0x100001cf
10000130:	100001c9 	.word	0x100001c9
10000134:	100001c9 	.word	0x100001c9
10000138:	100001d1 	.word	0x100001d1
1000013c:	100001d3 	.word	0x100001d3
10000140:	100001c1 	.word	0x100001c1
10000144:	100001c1 	.word	0x100001c1
10000148:	100001c1 	.word	0x100001c1
1000014c:	100001c1 	.word	0x100001c1
10000150:	100001c1 	.word	0x100001c1
10000154:	100001c1 	.word	0x100001c1
10000158:	100001c1 	.word	0x100001c1
1000015c:	100001c1 	.word	0x100001c1
10000160:	100001c1 	.word	0x100001c1
10000164:	100001c1 	.word	0x100001c1
10000168:	100001c1 	.word	0x100001c1
1000016c:	100001c1 	.word	0x100001c1
10000170:	100001c1 	.word	0x100001c1
10000174:	100001c1 	.word	0x100001c1
10000178:	100001c1 	.word	0x100001c1
1000017c:	100001c1 	.word	0x100001c1
10000180:	100001c1 	.word	0x100001c1
10000184:	100001c1 	.word	0x100001c1
10000188:	100001c1 	.word	0x100001c1
1000018c:	100001c1 	.word	0x100001c1
10000190:	100001c1 	.word	0x100001c1
10000194:	100001c1 	.word	0x100001c1
10000198:	100001c1 	.word	0x100001c1
1000019c:	100001c1 	.word	0x100001c1
100001a0:	100001c1 	.word	0x100001c1
100001a4:	100001c1 	.word	0x100001c1
100001a8:	100001c1 	.word	0x100001c1
100001ac:	100001c1 	.word	0x100001c1
100001b0:	100001c1 	.word	0x100001c1
100001b4:	100001c1 	.word	0x100001c1
100001b8:	100001c1 	.word	0x100001c1
100001bc:	100001c1 	.word	0x100001c1

100001c0 <__unhandled_user_irq>:
100001c0:	f3ef 8005 	mrs	r0, IPSR
100001c4:	3810      	subs	r0, #16

100001c6 <unhandled_user_irq_num_in_r0>:
100001c6:	be00      	bkpt	0x0000

100001c8 <isr_invalid>:
100001c8:	be00      	bkpt	0x0000

100001ca <isr_nmi>:
100001ca:	be00      	bkpt	0x0000

100001cc <isr_hardfault>:
100001cc:	be00      	bkpt	0x0000

100001ce <isr_svcall>:
100001ce:	be00      	bkpt	0x0000

100001d0 <isr_pendsv>:
100001d0:	be00      	bkpt	0x0000

100001d2 <isr_systick>:
100001d2:	be00      	bkpt	0x0000

100001d4 <__default_isrs_end>:
100001d4:	7188ebf2 	.word	0x7188ebf2
100001d8:	10013fdc 	.word	0x10013fdc
100001dc:	10013ffc 	.word	0x10013ffc
100001e0:	10000238 	.word	0x10000238
100001e4:	e71aa390 	.word	0xe71aa390

100001e8 <_entry_point>:
100001e8:	2000      	movs	r0, #0

100001ea <_enter_vtable_in_r0>:
100001ea:	491e      	ldr	r1, [pc, #120]	@ (10000264 <data_cpy_table+0x2c>)
100001ec:	6008      	str	r0, [r1, #0]
100001ee:	c806      	ldmia	r0!, {r1, r2}
100001f0:	f381 8808 	msr	MSP, r1
100001f4:	4710      	bx	r2

100001f6 <_reset_handler>:
100001f6:	481c      	ldr	r0, [pc, #112]	@ (10000268 <data_cpy_table+0x30>)
100001f8:	6800      	ldr	r0, [r0, #0]
100001fa:	2800      	cmp	r0, #0
100001fc:	d001      	beq.n	10000202 <hold_non_core0_in_bootrom+0x4>

100001fe <hold_non_core0_in_bootrom>:
100001fe:	2000      	movs	r0, #0
10000200:	e7f3      	b.n	100001ea <_enter_vtable_in_r0>
10000202:	a40d      	add	r4, pc, #52	@ (adr r4, 10000238 <data_cpy_table>)
10000204:	cc0e      	ldmia	r4!, {r1, r2, r3}
10000206:	2900      	cmp	r1, #0
10000208:	d002      	beq.n	10000210 <hold_non_core0_in_bootrom+0x12>
1000020a:	f000 f812 	bl	10000232 <data_cpy>
1000020e:	e7f9      	b.n	10000204 <hold_non_core0_in_bootrom+0x6>
10000210:	4916      	ldr	r1, [pc, #88]	@ (1000026c <data_cpy_table+0x34>)
10000212:	4a17      	ldr	r2, [pc, #92]	@ (10000270 <data_cpy_table+0x38>)
10000214:	2000      	movs	r0, #0
10000216:	e000      	b.n	1000021a <bss_fill_test>

10000218 <bss_fill_loop>:
10000218:	c101      	stmia	r1!, {r0}

1000021a <bss_fill_test>:
1000021a:	4291      	cmp	r1, r2
1000021c:	d1fc      	bne.n	10000218 <bss_fill_loop>

1000021e <platform_entry>:
1000021e:	4915      	ldr	r1, [pc, #84]	@ (10000274 <data_cpy_table+0x3c>)
10000220:	4788      	blx	r1
10000222:	4915      	ldr	r1, [pc, #84]	@ (10000278 <data_cpy_table+0x40>)
10000224:	4788      	blx	r1
10000226:	4915      	ldr	r1, [pc, #84]	@ (1000027c <data_cpy_table+0x44>)
10000228:	4788      	blx	r1
1000022a:	be00      	bkpt	0x0000
1000022c:	e7fd      	b.n	1000022a <platform_entry+0xc>

1000022e <data_cpy_loop>:
1000022e:	c901      	ldmia	r1!, {r0}
10000230:	c201      	stmia	r2!, {r0}

10000232 <data_cpy>:
10000232:	429a      	cmp	r2, r3
10000234:	d3fb      	bcc.n	1000022e <data_cpy_loop>

10000236 <data_cpy_done>:
10000236:	4770      	bx	lr

10000238 <data_cpy_table>:
10000238:	10013ffc 	.word	0x10013ffc
1000023c:	200000c0 	.word	0x200000c0
10000240:	20001130 	.word	0x20001130
10000244:	1001506c 	.word	0x1001506c
10000248:	20040000 	.word	0x20040000
1000024c:	20040000 	.word	0x20040000
10000250:	1001506c 	.word	0x1001506c
10000254:	20041000 	.word	0x20041000
10000258:	20041000 	.word	0x20041000
1000025c:	00000000 	.word	0x00000000
10000260:	4770      	bx	lr
10000262:	0000      	.short	0x0000
10000264:	e000ed08 	.word	0xe000ed08
10000268:	d0000000 	.word	0xd0000000
1000026c:	20001130 	.word	0x20001130
10000270:	2000bf78 	.word	0x2000bf78
10000274:	10006941 	.word	0x10006941
10000278:	10000281 	.word	0x10000281
1000027c:	10006939 	.word	0x10006939

10000280 <main>:
10000280:	b510      	push	{r4, lr}
10000282:	f006 fe65 	bl	10006f50 <stdio_usb_init>
10000286:	f000 f819 	bl	100002bc <bspInit>
1000028a:	f001 f823 	bl	100012d4 <scopeInit>
1000028e:	f001 f937 	bl	10001500 <scopeLoop>
10000292:	e7fc      	b.n	1000028e <main+0xe>

10000294 <uartIrqHandler>:
10000294:	b570      	push	{r4, r5, r6, lr}
10000296:	4c08      	ldr	r4, [pc, #32]	@ (100002b8 <uartIrqHandler+0x24>)
10000298:	69a3      	ldr	r3, [r4, #24]
1000029a:	06db      	lsls	r3, r3, #27
1000029c:	d40a      	bmi.n	100002b4 <uartIrqHandler+0x20>
1000029e:	2510      	movs	r5, #16
100002a0:	69a3      	ldr	r3, [r4, #24]
100002a2:	421d      	tst	r5, r3
100002a4:	d1fc      	bne.n	100002a0 <uartIrqHandler+0xc>
100002a6:	6820      	ldr	r0, [r4, #0]
100002a8:	b2c0      	uxtb	r0, r0
100002aa:	f001 f981 	bl	100015b0 <bspUartRx>
100002ae:	69a3      	ldr	r3, [r4, #24]
100002b0:	421d      	tst	r5, r3
100002b2:	d0f5      	beq.n	100002a0 <uartIrqHandler+0xc>
100002b4:	bd70      	pop	{r4, r5, r6, pc}
100002b6:	46c0      	nop			@ (mov r8, r8)
100002b8:	40038000 	.word	0x40038000

100002bc <bspInit>:
100002bc:	b5f0      	push	{r4, r5, r6, r7, lr}
100002be:	2019      	movs	r0, #25
100002c0:	b085      	sub	sp, #20
100002c2:	f002 fb6d 	bl	100029a0 <gpio_init>
100002c6:	26d0      	movs	r6, #208	@ 0xd0
100002c8:	2380      	movs	r3, #128	@ 0x80
100002ca:	ac01      	add	r4, sp, #4
100002cc:	0022      	movs	r2, r4
100002ce:	2701      	movs	r7, #1
100002d0:	049b      	lsls	r3, r3, #18
100002d2:	0636      	lsls	r6, r6, #24
100002d4:	6273      	str	r3, [r6, #36]	@ 0x24
100002d6:	61b3      	str	r3, [r6, #24]
100002d8:	4b30      	ldr	r3, [pc, #192]	@ (1000039c <bspInit+0xe0>)
100002da:	cb23      	ldmia	r3!, {r0, r1, r5}
100002dc:	c223      	stmia	r2!, {r0, r1, r5}
100002de:	cc20      	ldmia	r4!, {r5}
100002e0:	0028      	movs	r0, r5
100002e2:	f002 fb5d 	bl	100029a0 <gpio_init>
100002e6:	003b      	movs	r3, r7
100002e8:	40ab      	lsls	r3, r5
100002ea:	2200      	movs	r2, #0
100002ec:	62b3      	str	r3, [r6, #40]	@ 0x28
100002ee:	2101      	movs	r1, #1
100002f0:	0028      	movs	r0, r5
100002f2:	f002 fb2d 	bl	10002950 <gpio_set_pulls>
100002f6:	ab04      	add	r3, sp, #16
100002f8:	429c      	cmp	r4, r3
100002fa:	d1f0      	bne.n	100002de <bspInit+0x22>
100002fc:	2402      	movs	r4, #2
100002fe:	4d28      	ldr	r5, [pc, #160]	@ (100003a0 <bspInit+0xe4>)
10000300:	4928      	ldr	r1, [pc, #160]	@ (100003a4 <bspInit+0xe8>)
10000302:	0028      	movs	r0, r5
10000304:	f008 fe32 	bl	10008f6c <spi_init>
10000308:	4a27      	ldr	r2, [pc, #156]	@ (100003a8 <bspInit+0xec>)
1000030a:	686b      	ldr	r3, [r5, #4]
1000030c:	6014      	str	r4, [r2, #0]
1000030e:	2207      	movs	r2, #7
10000310:	6829      	ldr	r1, [r5, #0]
10000312:	4023      	ands	r3, r4
10000314:	4051      	eors	r1, r2
10000316:	32c8      	adds	r2, #200	@ 0xc8
10000318:	400a      	ands	r2, r1
1000031a:	4924      	ldr	r1, [pc, #144]	@ (100003ac <bspInit+0xf0>)
1000031c:	2007      	movs	r0, #7
1000031e:	600a      	str	r2, [r1, #0]
10000320:	4a23      	ldr	r2, [pc, #140]	@ (100003b0 <bspInit+0xf4>)
10000322:	2101      	movs	r1, #1
10000324:	6013      	str	r3, [r2, #0]
10000326:	f002 faf9 	bl	1000291c <gpio_set_function>
1000032a:	2101      	movs	r1, #1
1000032c:	2006      	movs	r0, #6
1000032e:	f002 faf5 	bl	1000291c <gpio_set_function>
10000332:	2000      	movs	r0, #0
10000334:	f008 fe0e 	bl	10008f54 <dma_channel_claim>
10000338:	2001      	movs	r0, #1
1000033a:	f002 fb31 	bl	100029a0 <gpio_init>
1000033e:	6274      	str	r4, [r6, #36]	@ 0x24
10000340:	2002      	movs	r0, #2
10000342:	6174      	str	r4, [r6, #20]
10000344:	f002 fb2c 	bl	100029a0 <gpio_init>
10000348:	2304      	movs	r3, #4
1000034a:	2003      	movs	r0, #3
1000034c:	6273      	str	r3, [r6, #36]	@ 0x24
1000034e:	f002 fb27 	bl	100029a0 <gpio_init>
10000352:	2308      	movs	r3, #8
10000354:	2196      	movs	r1, #150	@ 0x96
10000356:	4c17      	ldr	r4, [pc, #92]	@ (100003b4 <bspInit+0xf8>)
10000358:	6273      	str	r3, [r6, #36]	@ 0x24
1000035a:	0020      	movs	r0, r4
1000035c:	6173      	str	r3, [r6, #20]
1000035e:	0189      	lsls	r1, r1, #6
10000360:	f003 fa54 	bl	1000380c <uart_init>
10000364:	2300      	movs	r3, #0
10000366:	2201      	movs	r2, #1
10000368:	0020      	movs	r0, r4
1000036a:	2108      	movs	r1, #8
1000036c:	f003 fade 	bl	1000392c <uart_set_format>
10000370:	2102      	movs	r1, #2
10000372:	2004      	movs	r0, #4
10000374:	f002 fad2 	bl	1000291c <gpio_set_function>
10000378:	2102      	movs	r1, #2
1000037a:	2005      	movs	r0, #5
1000037c:	f002 face 	bl	1000291c <gpio_set_function>
10000380:	2350      	movs	r3, #80	@ 0x50
10000382:	63a3      	str	r3, [r4, #56]	@ 0x38
10000384:	6b62      	ldr	r2, [r4, #52]	@ 0x34
10000386:	3b18      	subs	r3, #24
10000388:	4013      	ands	r3, r2
1000038a:	4a0b      	ldr	r2, [pc, #44]	@ (100003b8 <bspInit+0xfc>)
1000038c:	2015      	movs	r0, #21
1000038e:	490b      	ldr	r1, [pc, #44]	@ (100003bc <bspInit+0x100>)
10000390:	6013      	str	r3, [r2, #0]
10000392:	f002 fc21 	bl	10002bd8 <irq_set_exclusive_handler>
10000396:	b005      	add	sp, #20
10000398:	bdf0      	pop	{r4, r5, r6, r7, pc}
1000039a:	46c0      	nop			@ (mov r8, r8)
1000039c:	100095dc 	.word	0x100095dc
100003a0:	4003c000 	.word	0x4003c000
100003a4:	01312d00 	.word	0x01312d00
100003a8:	4003f004 	.word	0x4003f004
100003ac:	4003d000 	.word	0x4003d000
100003b0:	4003e004 	.word	0x4003e004
100003b4:	40038000 	.word	0x40038000
100003b8:	40039034 	.word	0x40039034
100003bc:	10000295 	.word	0x10000295

100003c0 <bspDelayMs>:
100003c0:	b510      	push	{r4, lr}
100003c2:	1e44      	subs	r4, r0, #1
100003c4:	2800      	cmp	r0, #0
100003c6:	d005      	beq.n	100003d4 <bspDelayMs+0x14>
100003c8:	20fa      	movs	r0, #250	@ 0xfa
100003ca:	0080      	lsls	r0, r0, #2
100003cc:	f003 f9ac 	bl	10003728 <busy_wait_us_32>
100003d0:	3c01      	subs	r4, #1
100003d2:	d2f9      	bcs.n	100003c8 <bspDelayMs+0x8>
100003d4:	bd10      	pop	{r4, pc}
100003d6:	46c0      	nop			@ (mov r8, r8)

100003d8 <bspButtonDown>:
100003d8:	2201      	movs	r2, #1
100003da:	23d0      	movs	r3, #208	@ 0xd0
100003dc:	4082      	lsls	r2, r0
100003de:	061b      	lsls	r3, r3, #24
100003e0:	685b      	ldr	r3, [r3, #4]
100003e2:	4013      	ands	r3, r2
100003e4:	425a      	negs	r2, r3
100003e6:	4153      	adcs	r3, r2
100003e8:	b2d8      	uxtb	r0, r3
100003ea:	4770      	bx	lr

100003ec <bspLedSet>:
100003ec:	23d0      	movs	r3, #208	@ 0xd0
100003ee:	2280      	movs	r2, #128	@ 0x80
100003f0:	061b      	lsls	r3, r3, #24
100003f2:	0492      	lsls	r2, r2, #18
100003f4:	2800      	cmp	r0, #0
100003f6:	d001      	beq.n	100003fc <bspLedSet+0x10>
100003f8:	615a      	str	r2, [r3, #20]
100003fa:	4770      	bx	lr
100003fc:	619a      	str	r2, [r3, #24]
100003fe:	e7fc      	b.n	100003fa <bspLedSet+0xe>

10000400 <bspUartWrite>:
10000400:	b510      	push	{r4, lr}
10000402:	2900      	cmp	r1, #0
10000404:	d00a      	beq.n	1000041c <bspUartWrite+0x1c>
10000406:	1844      	adds	r4, r0, r1
10000408:	2120      	movs	r1, #32
1000040a:	4a05      	ldr	r2, [pc, #20]	@ (10000420 <bspUartWrite+0x20>)
1000040c:	6993      	ldr	r3, [r2, #24]
1000040e:	4219      	tst	r1, r3
10000410:	d1fc      	bne.n	1000040c <bspUartWrite+0xc>
10000412:	7803      	ldrb	r3, [r0, #0]
10000414:	3001      	adds	r0, #1
10000416:	6013      	str	r3, [r2, #0]
10000418:	42a0      	cmp	r0, r4
1000041a:	d1f7      	bne.n	1000040c <bspUartWrite+0xc>
1000041c:	bd10      	pop	{r4, pc}
1000041e:	46c0      	nop			@ (mov r8, r8)
10000420:	40038000 	.word	0x40038000

10000424 <bspLcdSetDc>:
10000424:	23d0      	movs	r3, #208	@ 0xd0
10000426:	2204      	movs	r2, #4
10000428:	061b      	lsls	r3, r3, #24
1000042a:	2800      	cmp	r0, #0
1000042c:	d001      	beq.n	10000432 <bspLcdSetDc+0xe>
1000042e:	615a      	str	r2, [r3, #20]
10000430:	4770      	bx	lr
10000432:	619a      	str	r2, [r3, #24]
10000434:	e7fc      	b.n	10000430 <bspLcdSetDc+0xc>
10000436:	46c0      	nop			@ (mov r8, r8)

10000438 <spi_write_bytes>:
10000438:	b510      	push	{r4, lr}
1000043a:	000a      	movs	r2, r1
1000043c:	0001      	movs	r1, r0
1000043e:	4802      	ldr	r0, [pc, #8]	@ (10000448 <spi_write_bytes+0x10>)
10000440:	f008 fe92 	bl	10009168 <__spi_write_blocking_veneer>
10000444:	bd10      	pop	{r4, pc}
10000446:	46c0      	nop			@ (mov r8, r8)
10000448:	4003c000 	.word	0x4003c000

1000044c <bspLcdWriteDma>:
1000044c:	22a0      	movs	r2, #160	@ 0xa0
1000044e:	4b09      	ldr	r3, [pc, #36]	@ (10000474 <bspLcdWriteDma+0x28>)
10000450:	05d2      	lsls	r2, r2, #23
10000452:	6010      	str	r0, [r2, #0]
10000454:	6053      	str	r3, [r2, #4]
10000456:	6091      	str	r1, [r2, #8]
10000458:	2180      	movs	r1, #128	@ 0x80
1000045a:	4b07      	ldr	r3, [pc, #28]	@ (10000478 <bspLcdWriteDma+0x2c>)
1000045c:	0449      	lsls	r1, r1, #17
1000045e:	60d3      	str	r3, [r2, #12]
10000460:	6913      	ldr	r3, [r2, #16]
10000462:	420b      	tst	r3, r1
10000464:	d1fc      	bne.n	10000460 <bspLcdWriteDma+0x14>
10000466:	2210      	movs	r2, #16
10000468:	4904      	ldr	r1, [pc, #16]	@ (1000047c <bspLcdWriteDma+0x30>)
1000046a:	68cb      	ldr	r3, [r1, #12]
1000046c:	421a      	tst	r2, r3
1000046e:	d1fc      	bne.n	1000046a <bspLcdWriteDma+0x1e>
10000470:	4770      	bx	lr
10000472:	46c0      	nop			@ (mov r8, r8)
10000474:	4003c008 	.word	0x4003c008
10000478:	00080011 	.word	0x00080011
1000047c:	4003c000 	.word	0x4003c000

10000480 <bspLcdSelect>:
10000480:	23d0      	movs	r3, #208	@ 0xd0
10000482:	2202      	movs	r2, #2
10000484:	061b      	lsls	r3, r3, #24
10000486:	2800      	cmp	r0, #0
10000488:	d101      	bne.n	1000048e <bspLcdSelect+0xe>
1000048a:	615a      	str	r2, [r3, #20]
1000048c:	4770      	bx	lr
1000048e:	619a      	str	r2, [r3, #24]
10000490:	e7fc      	b.n	1000048c <bspLcdSelect+0xc>
10000492:	46c0      	nop			@ (mov r8, r8)

10000494 <bspLcdReset>:
10000494:	23d0      	movs	r3, #208	@ 0xd0
10000496:	2208      	movs	r2, #8
10000498:	061b      	lsls	r3, r3, #24
1000049a:	2800      	cmp	r0, #0
1000049c:	d001      	beq.n	100004a2 <bspLcdReset+0xe>
1000049e:	615a      	str	r2, [r3, #20]
100004a0:	4770      	bx	lr
100004a2:	619a      	str	r2, [r3, #24]
100004a4:	e7fc      	b.n	100004a0 <bspLcdReset+0xc>
100004a6:	46c0      	nop			@ (mov r8, r8)

100004a8 <bspLcdBacklight>:
100004a8:	b510      	push	{r4, lr}
100004aa:	0004      	movs	r4, r0
100004ac:	2000      	movs	r0, #0
100004ae:	f002 fa77 	bl	100029a0 <gpio_init>
100004b2:	23d0      	movs	r3, #208	@ 0xd0
100004b4:	2201      	movs	r2, #1
100004b6:	061b      	lsls	r3, r3, #24
100004b8:	625a      	str	r2, [r3, #36]	@ 0x24
100004ba:	2c00      	cmp	r4, #0
100004bc:	d001      	beq.n	100004c2 <bspLcdBacklight+0x1a>
100004be:	615a      	str	r2, [r3, #20]
100004c0:	bd10      	pop	{r4, pc}
100004c2:	619a      	str	r2, [r3, #24]
100004c4:	e7fc      	b.n	100004c0 <bspLcdBacklight+0x18>
100004c6:	46c0      	nop			@ (mov r8, r8)

100004c8 <printFloat>:
100004c8:	b5f0      	push	{r4, r5, r6, r7, lr}
100004ca:	46c6      	mov	lr, r8
100004cc:	000c      	movs	r4, r1
100004ce:	b500      	push	{lr}
100004d0:	2100      	movs	r1, #0
100004d2:	4690      	mov	r8, r2
100004d4:	1c06      	adds	r6, r0, #0
100004d6:	f004 fcb5 	bl	10004e44 <__wrap___aeabi_fcmplt>
100004da:	2800      	cmp	r0, #0
100004dc:	d13f      	bne.n	1000055e <printFloat+0x96>
100004de:	2700      	movs	r7, #0
100004e0:	2c00      	cmp	r4, #0
100004e2:	d027      	beq.n	10000534 <printFloat+0x6c>
100004e4:	2501      	movs	r5, #1
100004e6:	00ab      	lsls	r3, r5, #2
100004e8:	195d      	adds	r5, r3, r5
100004ea:	3c01      	subs	r4, #1
100004ec:	006d      	lsls	r5, r5, #1
100004ee:	2c00      	cmp	r4, #0
100004f0:	d1f9      	bne.n	100004e6 <printFloat+0x1e>
100004f2:	1c30      	adds	r0, r6, #0
100004f4:	f004 fce0 	bl	10004eb8 <__wrap___aeabi_f2iz>
100004f8:	0004      	movs	r4, r0
100004fa:	f004 fcbb 	bl	10004e74 <__wrap___aeabi_i2f>
100004fe:	1c01      	adds	r1, r0, #0
10000500:	1c30      	adds	r0, r6, #0
10000502:	f004 fc56 	bl	10004db2 <__wrap___aeabi_fsub>
10000506:	1c06      	adds	r6, r0, #0
10000508:	0028      	movs	r0, r5
1000050a:	f004 fcb3 	bl	10004e74 <__wrap___aeabi_i2f>
1000050e:	1c01      	adds	r1, r0, #0
10000510:	1c30      	adds	r0, r6, #0
10000512:	f004 fc68 	bl	10004de6 <__wrap___aeabi_fmul>
10000516:	f004 fccf 	bl	10004eb8 <__wrap___aeabi_f2iz>
1000051a:	17c2      	asrs	r2, r0, #31
1000051c:	1883      	adds	r3, r0, r2
1000051e:	4053      	eors	r3, r2
10000520:	2f00      	cmp	r7, #0
10000522:	d016      	beq.n	10000552 <printFloat+0x8a>
10000524:	0022      	movs	r2, r4
10000526:	4640      	mov	r0, r8
10000528:	491f      	ldr	r1, [pc, #124]	@ (100005a8 <printFloat+0xe0>)
1000052a:	f006 f9d3 	bl	100068d4 <__wrap_sprintf>
1000052e:	bc80      	pop	{r7}
10000530:	46b8      	mov	r8, r7
10000532:	bdf0      	pop	{r4, r5, r6, r7, pc}
10000534:	1c30      	adds	r0, r6, #0
10000536:	f004 fcbf 	bl	10004eb8 <__wrap___aeabi_f2iz>
1000053a:	0004      	movs	r4, r0
1000053c:	f004 fc9a 	bl	10004e74 <__wrap___aeabi_i2f>
10000540:	1c01      	adds	r1, r0, #0
10000542:	1c30      	adds	r0, r6, #0
10000544:	f004 fc35 	bl	10004db2 <__wrap___aeabi_fsub>
10000548:	f004 fcb6 	bl	10004eb8 <__wrap___aeabi_f2iz>
1000054c:	17c2      	asrs	r2, r0, #31
1000054e:	1883      	adds	r3, r0, r2
10000550:	4053      	eors	r3, r2
10000552:	0022      	movs	r2, r4
10000554:	4640      	mov	r0, r8
10000556:	4915      	ldr	r1, [pc, #84]	@ (100005ac <printFloat+0xe4>)
10000558:	f006 f9bc 	bl	100068d4 <__wrap_sprintf>
1000055c:	e7e7      	b.n	1000052e <printFloat+0x66>
1000055e:	1c30      	adds	r0, r6, #0
10000560:	f004 fce2 	bl	10004f28 <__wrap___aeabi_f2d>
10000564:	0002      	movs	r2, r0
10000566:	000b      	movs	r3, r1
10000568:	0006      	movs	r6, r0
1000056a:	000f      	movs	r7, r1
1000056c:	f003 ffea 	bl	10004544 <__wrap___aeabi_dadd>
10000570:	0002      	movs	r2, r0
10000572:	000b      	movs	r3, r1
10000574:	0030      	movs	r0, r6
10000576:	0039      	movs	r1, r7
10000578:	f003 ffdb 	bl	10004532 <__wrap___aeabi_dsub>
1000057c:	f004 f8c0 	bl	10004700 <__wrap___aeabi_d2f>
10000580:	1c06      	adds	r6, r0, #0
10000582:	2c00      	cmp	r4, #0
10000584:	d001      	beq.n	1000058a <printFloat+0xc2>
10000586:	2701      	movs	r7, #1
10000588:	e7ac      	b.n	100004e4 <printFloat+0x1c>
1000058a:	f004 fc95 	bl	10004eb8 <__wrap___aeabi_f2iz>
1000058e:	0004      	movs	r4, r0
10000590:	f004 fc70 	bl	10004e74 <__wrap___aeabi_i2f>
10000594:	1c01      	adds	r1, r0, #0
10000596:	1c30      	adds	r0, r6, #0
10000598:	f004 fc0b 	bl	10004db2 <__wrap___aeabi_fsub>
1000059c:	f004 fc8c 	bl	10004eb8 <__wrap___aeabi_f2iz>
100005a0:	17c2      	asrs	r2, r0, #31
100005a2:	1883      	adds	r3, r0, r2
100005a4:	4053      	eors	r3, r2
100005a6:	e7bd      	b.n	10000524 <printFloat+0x5c>
100005a8:	10009218 	.word	0x10009218
100005ac:	10009220 	.word	0x10009220

100005b0 <drawBitmap>:
100005b0:	b5f0      	push	{r4, r5, r6, r7, lr}
100005b2:	4657      	mov	r7, sl
100005b4:	46de      	mov	lr, fp
100005b6:	464e      	mov	r6, r9
100005b8:	4645      	mov	r5, r8
100005ba:	4692      	mov	sl, r2
100005bc:	b5e0      	push	{r5, r6, r7, lr}
100005be:	b083      	sub	sp, #12
100005c0:	001f      	movs	r7, r3
100005c2:	ab0c      	add	r3, sp, #48	@ 0x30
100005c4:	2200      	movs	r2, #0
100005c6:	5e9b      	ldrsh	r3, [r3, r2]
100005c8:	4652      	mov	r2, sl
100005ca:	9001      	str	r0, [sp, #4]
100005cc:	2a00      	cmp	r2, #0
100005ce:	dd25      	ble.n	1000061c <drawBitmap+0x6c>
100005d0:	2f00      	cmp	r7, #0
100005d2:	dd23      	ble.n	1000061c <drawBitmap+0x6c>
100005d4:	005b      	lsls	r3, r3, #1
100005d6:	4698      	mov	r8, r3
100005d8:	2300      	movs	r3, #0
100005da:	469b      	mov	fp, r3
100005dc:	b28b      	uxth	r3, r1
100005de:	4699      	mov	r9, r3
100005e0:	444f      	add	r7, r9
100005e2:	46d9      	mov	r9, fp
100005e4:	469b      	mov	fp, r3
100005e6:	b2bf      	uxth	r7, r7
100005e8:	464b      	mov	r3, r9
100005ea:	005d      	lsls	r5, r3, #1
100005ec:	9b0d      	ldr	r3, [sp, #52]	@ 0x34
100005ee:	465c      	mov	r4, fp
100005f0:	469c      	mov	ip, r3
100005f2:	9e01      	ldr	r6, [sp, #4]
100005f4:	4465      	add	r5, ip
100005f6:	444e      	add	r6, r9
100005f8:	b236      	sxth	r6, r6
100005fa:	b221      	sxth	r1, r4
100005fc:	3401      	adds	r4, #1
100005fe:	882a      	ldrh	r2, [r5, #0]
10000600:	0030      	movs	r0, r6
10000602:	b2a4      	uxth	r4, r4
10000604:	f000 fe38 	bl	10001278 <drawPixel>
10000608:	4445      	add	r5, r8
1000060a:	42a7      	cmp	r7, r4
1000060c:	d1f5      	bne.n	100005fa <drawBitmap+0x4a>
1000060e:	2301      	movs	r3, #1
10000610:	469c      	mov	ip, r3
10000612:	44e1      	add	r9, ip
10000614:	464b      	mov	r3, r9
10000616:	b21a      	sxth	r2, r3
10000618:	4592      	cmp	sl, r2
1000061a:	dce5      	bgt.n	100005e8 <drawBitmap+0x38>
1000061c:	b003      	add	sp, #12
1000061e:	bcf0      	pop	{r4, r5, r6, r7}
10000620:	46bb      	mov	fp, r7
10000622:	46b2      	mov	sl, r6
10000624:	46a9      	mov	r9, r5
10000626:	46a0      	mov	r8, r4
10000628:	bdf0      	pop	{r4, r5, r6, r7, pc}
1000062a:	46c0      	nop			@ (mov r8, r8)

1000062c <clearDisplay>:
1000062c:	b5f8      	push	{r3, r4, r5, r6, r7, lr}
1000062e:	4b0d      	ldr	r3, [pc, #52]	@ (10000664 <clearDisplay+0x38>)
10000630:	2700      	movs	r7, #0
10000632:	5fdf      	ldrsh	r7, [r3, r7]
10000634:	4b0c      	ldr	r3, [pc, #48]	@ (10000668 <clearDisplay+0x3c>)
10000636:	2600      	movs	r6, #0
10000638:	5f9e      	ldrsh	r6, [r3, r6]
1000063a:	2f00      	cmp	r7, #0
1000063c:	dd10      	ble.n	10000660 <clearDisplay+0x34>
1000063e:	2500      	movs	r5, #0
10000640:	2e00      	cmp	r6, #0
10000642:	dd0d      	ble.n	10000660 <clearDisplay+0x34>
10000644:	2400      	movs	r4, #0
10000646:	0021      	movs	r1, r4
10000648:	3401      	adds	r4, #1
1000064a:	2200      	movs	r2, #0
1000064c:	0028      	movs	r0, r5
1000064e:	b224      	sxth	r4, r4
10000650:	f000 fe12 	bl	10001278 <drawPixel>
10000654:	42a6      	cmp	r6, r4
10000656:	d1f6      	bne.n	10000646 <clearDisplay+0x1a>
10000658:	3501      	adds	r5, #1
1000065a:	b22d      	sxth	r5, r5
1000065c:	42af      	cmp	r7, r5
1000065e:	d1f1      	bne.n	10000644 <clearDisplay+0x18>
10000660:	bdf8      	pop	{r3, r4, r5, r6, r7, pc}
10000662:	46c0      	nop			@ (mov r8, r8)
10000664:	20001030 	.word	0x20001030
10000668:	2000102e 	.word	0x2000102e

1000066c <drawChar>:
1000066c:	b5f0      	push	{r4, r5, r6, r7, lr}
1000066e:	4657      	mov	r7, sl
10000670:	464e      	mov	r6, r9
10000672:	4645      	mov	r5, r8
10000674:	46de      	mov	lr, fp
10000676:	b5e0      	push	{r5, r6, r7, lr}
10000678:	b091      	sub	sp, #68	@ 0x44
1000067a:	930b      	str	r3, [sp, #44]	@ 0x2c
1000067c:	ab1a      	add	r3, sp, #104	@ 0x68
1000067e:	881f      	ldrh	r7, [r3, #0]
10000680:	ab1b      	add	r3, sp, #108	@ 0x6c
10000682:	4689      	mov	r9, r1
10000684:	7819      	ldrb	r1, [r3, #0]
10000686:	ab1c      	add	r3, sp, #112	@ 0x70
10000688:	781c      	ldrb	r4, [r3, #0]
1000068a:	4b8f      	ldr	r3, [pc, #572]	@ (100008c8 <drawChar+0x25c>)
1000068c:	9103      	str	r1, [sp, #12]
1000068e:	2500      	movs	r5, #0
10000690:	5f5b      	ldrsh	r3, [r3, r5]
10000692:	9402      	str	r4, [sp, #8]
10000694:	4283      	cmp	r3, r0
10000696:	dc00      	bgt.n	1000069a <drawChar+0x2e>
10000698:	e0af      	b.n	100007fa <drawChar+0x18e>
1000069a:	4b8c      	ldr	r3, [pc, #560]	@ (100008cc <drawChar+0x260>)
1000069c:	2500      	movs	r5, #0
1000069e:	5f5b      	ldrsh	r3, [r3, r5]
100006a0:	454b      	cmp	r3, r9
100006a2:	dc00      	bgt.n	100006a6 <drawChar+0x3a>
100006a4:	e0a9      	b.n	100007fa <drawChar+0x18e>
100006a6:	468c      	mov	ip, r1
100006a8:	004b      	lsls	r3, r1, #1
100006aa:	4463      	add	r3, ip
100006ac:	005b      	lsls	r3, r3, #1
100006ae:	181b      	adds	r3, r3, r0
100006b0:	2b00      	cmp	r3, #0
100006b2:	dc00      	bgt.n	100006b6 <drawChar+0x4a>
100006b4:	e0a1      	b.n	100007fa <drawChar+0x18e>
100006b6:	464b      	mov	r3, r9
100006b8:	00e5      	lsls	r5, r4, #3
100006ba:	18eb      	adds	r3, r5, r3
100006bc:	2b00      	cmp	r3, #0
100006be:	dc00      	bgt.n	100006c2 <drawChar+0x56>
100006c0:	e09b      	b.n	100007fa <drawChar+0x18e>
100006c2:	2aaf      	cmp	r2, #175	@ 0xaf
100006c4:	d900      	bls.n	100006c8 <drawChar+0x5c>
100006c6:	e0e3      	b.n	10000890 <drawChar+0x224>
100006c8:	0091      	lsls	r1, r2, #2
100006ca:	188a      	adds	r2, r1, r2
100006cc:	4980      	ldr	r1, [pc, #512]	@ (100008d0 <drawChar+0x264>)
100006ce:	b286      	uxth	r6, r0
100006d0:	1853      	adds	r3, r2, r1
100006d2:	1d74      	adds	r4, r6, #5
100006d4:	9308      	str	r3, [sp, #32]
100006d6:	b2a3      	uxth	r3, r4
100006d8:	930a      	str	r3, [sp, #40]	@ 0x28
100006da:	464b      	mov	r3, r9
100006dc:	b29b      	uxth	r3, r3
100006de:	9304      	str	r3, [sp, #16]
100006e0:	464b      	mov	r3, r9
100006e2:	950f      	str	r5, [sp, #60]	@ 0x3c
100006e4:	9d0b      	ldr	r5, [sp, #44]	@ 0x2c
100006e6:	9607      	str	r6, [sp, #28]
100006e8:	9609      	str	r6, [sp, #36]	@ 0x24
100006ea:	960c      	str	r6, [sp, #48]	@ 0x30
100006ec:	930d      	str	r3, [sp, #52]	@ 0x34
100006ee:	940e      	str	r4, [sp, #56]	@ 0x38
100006f0:	9b08      	ldr	r3, [sp, #32]
100006f2:	781b      	ldrb	r3, [r3, #0]
100006f4:	469b      	mov	fp, r3
100006f6:	466b      	mov	r3, sp
100006f8:	2224      	movs	r2, #36	@ 0x24
100006fa:	5e9b      	ldrsh	r3, [r3, r2]
100006fc:	9a03      	ldr	r2, [sp, #12]
100006fe:	469c      	mov	ip, r3
10000700:	9305      	str	r3, [sp, #20]
10000702:	2308      	movs	r3, #8
10000704:	4698      	mov	r8, r3
10000706:	2300      	movs	r3, #0
10000708:	001c      	movs	r4, r3
1000070a:	4462      	add	r2, ip
1000070c:	9201      	str	r2, [sp, #4]
1000070e:	2301      	movs	r3, #1
10000710:	465a      	mov	r2, fp
10000712:	4213      	tst	r3, r2
10000714:	d100      	bne.n	10000718 <drawChar+0xac>
10000716:	e077      	b.n	10000808 <drawChar+0x19c>
10000718:	9b03      	ldr	r3, [sp, #12]
1000071a:	b2a2      	uxth	r2, r4
1000071c:	2b01      	cmp	r3, #1
1000071e:	d103      	bne.n	10000728 <drawChar+0xbc>
10000720:	9b02      	ldr	r3, [sp, #8]
10000722:	2b01      	cmp	r3, #1
10000724:	d100      	bne.n	10000728 <drawChar+0xbc>
10000726:	e09d      	b.n	10000864 <drawChar+0x1f8>
10000728:	9904      	ldr	r1, [sp, #16]
1000072a:	9b02      	ldr	r3, [sp, #8]
1000072c:	468c      	mov	ip, r1
1000072e:	435a      	muls	r2, r3
10000730:	4462      	add	r2, ip
10000732:	b212      	sxth	r2, r2
10000734:	4691      	mov	r9, r2
10000736:	9901      	ldr	r1, [sp, #4]
10000738:	9a05      	ldr	r2, [sp, #20]
1000073a:	428a      	cmp	r2, r1
1000073c:	da1b      	bge.n	10000776 <drawChar+0x10a>
1000073e:	444b      	add	r3, r9
10000740:	001e      	movs	r6, r3
10000742:	4599      	cmp	r9, r3
10000744:	da17      	bge.n	10000776 <drawChar+0x10a>
10000746:	003b      	movs	r3, r7
10000748:	002f      	movs	r7, r5
1000074a:	469a      	mov	sl, r3
1000074c:	0035      	movs	r5, r6
1000074e:	0016      	movs	r6, r2
10000750:	9406      	str	r4, [sp, #24]
10000752:	464c      	mov	r4, r9
10000754:	0021      	movs	r1, r4
10000756:	3401      	adds	r4, #1
10000758:	003a      	movs	r2, r7
1000075a:	0030      	movs	r0, r6
1000075c:	b224      	sxth	r4, r4
1000075e:	f000 fd8b 	bl	10001278 <drawPixel>
10000762:	42ac      	cmp	r4, r5
10000764:	dbf6      	blt.n	10000754 <drawChar+0xe8>
10000766:	3601      	adds	r6, #1
10000768:	9b01      	ldr	r3, [sp, #4]
1000076a:	b236      	sxth	r6, r6
1000076c:	429e      	cmp	r6, r3
1000076e:	dbf0      	blt.n	10000752 <drawChar+0xe6>
10000770:	003d      	movs	r5, r7
10000772:	4657      	mov	r7, sl
10000774:	9c06      	ldr	r4, [sp, #24]
10000776:	1c63      	adds	r3, r4, #1
10000778:	b25c      	sxtb	r4, r3
1000077a:	465b      	mov	r3, fp
1000077c:	085b      	lsrs	r3, r3, #1
1000077e:	469b      	mov	fp, r3
10000780:	4643      	mov	r3, r8
10000782:	3b01      	subs	r3, #1
10000784:	b2db      	uxtb	r3, r3
10000786:	4698      	mov	r8, r3
10000788:	2b00      	cmp	r3, #0
1000078a:	d1c0      	bne.n	1000070e <drawChar+0xa2>
1000078c:	9b08      	ldr	r3, [sp, #32]
1000078e:	9c09      	ldr	r4, [sp, #36]	@ 0x24
10000790:	3301      	adds	r3, #1
10000792:	9308      	str	r3, [sp, #32]
10000794:	9b03      	ldr	r3, [sp, #12]
10000796:	9a0a      	ldr	r2, [sp, #40]	@ 0x28
10000798:	469c      	mov	ip, r3
1000079a:	4464      	add	r4, ip
1000079c:	b2a3      	uxth	r3, r4
1000079e:	9309      	str	r3, [sp, #36]	@ 0x24
100007a0:	9b07      	ldr	r3, [sp, #28]
100007a2:	3301      	adds	r3, #1
100007a4:	b29b      	uxth	r3, r3
100007a6:	9307      	str	r3, [sp, #28]
100007a8:	4293      	cmp	r3, r2
100007aa:	d1a1      	bne.n	100006f0 <drawChar+0x84>
100007ac:	9b0d      	ldr	r3, [sp, #52]	@ 0x34
100007ae:	9e0c      	ldr	r6, [sp, #48]	@ 0x30
100007b0:	4699      	mov	r9, r3
100007b2:	9b0b      	ldr	r3, [sp, #44]	@ 0x2c
100007b4:	9c0e      	ldr	r4, [sp, #56]	@ 0x38
100007b6:	9d0f      	ldr	r5, [sp, #60]	@ 0x3c
100007b8:	429f      	cmp	r7, r3
100007ba:	d01e      	beq.n	100007fa <drawChar+0x18e>
100007bc:	4663      	mov	r3, ip
100007be:	2b01      	cmp	r3, #1
100007c0:	d069      	beq.n	10000896 <drawChar+0x22a>
100007c2:	9903      	ldr	r1, [sp, #12]
100007c4:	4688      	mov	r8, r1
100007c6:	008a      	lsls	r2, r1, #2
100007c8:	4442      	add	r2, r8
100007ca:	18b3      	adds	r3, r6, r2
100007cc:	b21e      	sxth	r6, r3
100007ce:	44b0      	add	r8, r6
100007d0:	b2ab      	uxth	r3, r5
100007d2:	4546      	cmp	r6, r8
100007d4:	da11      	bge.n	100007fa <drawChar+0x18e>
100007d6:	444b      	add	r3, r9
100007d8:	001d      	movs	r5, r3
100007da:	4599      	cmp	r9, r3
100007dc:	da0d      	bge.n	100007fa <drawChar+0x18e>
100007de:	464c      	mov	r4, r9
100007e0:	0021      	movs	r1, r4
100007e2:	3401      	adds	r4, #1
100007e4:	003a      	movs	r2, r7
100007e6:	0030      	movs	r0, r6
100007e8:	b224      	sxth	r4, r4
100007ea:	f000 fd45 	bl	10001278 <drawPixel>
100007ee:	42ac      	cmp	r4, r5
100007f0:	dbf6      	blt.n	100007e0 <drawChar+0x174>
100007f2:	3601      	adds	r6, #1
100007f4:	b236      	sxth	r6, r6
100007f6:	4546      	cmp	r6, r8
100007f8:	dbf1      	blt.n	100007de <drawChar+0x172>
100007fa:	b011      	add	sp, #68	@ 0x44
100007fc:	bcf0      	pop	{r4, r5, r6, r7}
100007fe:	46bb      	mov	fp, r7
10000800:	46b2      	mov	sl, r6
10000802:	46a9      	mov	r9, r5
10000804:	46a0      	mov	r8, r4
10000806:	bdf0      	pop	{r4, r5, r6, r7, pc}
10000808:	42af      	cmp	r7, r5
1000080a:	d0b4      	beq.n	10000776 <drawChar+0x10a>
1000080c:	9b03      	ldr	r3, [sp, #12]
1000080e:	b2a2      	uxth	r2, r4
10000810:	2b01      	cmp	r3, #1
10000812:	d102      	bne.n	1000081a <drawChar+0x1ae>
10000814:	9b02      	ldr	r3, [sp, #8]
10000816:	2b01      	cmp	r3, #1
10000818:	d02f      	beq.n	1000087a <drawChar+0x20e>
1000081a:	9904      	ldr	r1, [sp, #16]
1000081c:	9b02      	ldr	r3, [sp, #8]
1000081e:	468c      	mov	ip, r1
10000820:	435a      	muls	r2, r3
10000822:	9905      	ldr	r1, [sp, #20]
10000824:	9801      	ldr	r0, [sp, #4]
10000826:	4462      	add	r2, ip
10000828:	b212      	sxth	r2, r2
1000082a:	4281      	cmp	r1, r0
1000082c:	daa3      	bge.n	10000776 <drawChar+0x10a>
1000082e:	189e      	adds	r6, r3, r2
10000830:	42b2      	cmp	r2, r6
10000832:	daa0      	bge.n	10000776 <drawChar+0x10a>
10000834:	002b      	movs	r3, r5
10000836:	4691      	mov	r9, r2
10000838:	0035      	movs	r5, r6
1000083a:	469a      	mov	sl, r3
1000083c:	000e      	movs	r6, r1
1000083e:	9406      	str	r4, [sp, #24]
10000840:	464c      	mov	r4, r9
10000842:	0021      	movs	r1, r4
10000844:	3401      	adds	r4, #1
10000846:	003a      	movs	r2, r7
10000848:	0030      	movs	r0, r6
1000084a:	b224      	sxth	r4, r4
1000084c:	f000 fd14 	bl	10001278 <drawPixel>
10000850:	42ac      	cmp	r4, r5
10000852:	dbf6      	blt.n	10000842 <drawChar+0x1d6>
10000854:	3601      	adds	r6, #1
10000856:	9b01      	ldr	r3, [sp, #4]
10000858:	b236      	sxth	r6, r6
1000085a:	429e      	cmp	r6, r3
1000085c:	dbf0      	blt.n	10000840 <drawChar+0x1d4>
1000085e:	4655      	mov	r5, sl
10000860:	9c06      	ldr	r4, [sp, #24]
10000862:	e788      	b.n	10000776 <drawChar+0x10a>
10000864:	9b04      	ldr	r3, [sp, #16]
10000866:	469c      	mov	ip, r3
10000868:	466b      	mov	r3, sp
1000086a:	4462      	add	r2, ip
1000086c:	b211      	sxth	r1, r2
1000086e:	201c      	movs	r0, #28
10000870:	5e18      	ldrsh	r0, [r3, r0]
10000872:	002a      	movs	r2, r5
10000874:	f000 fd00 	bl	10001278 <drawPixel>
10000878:	e77d      	b.n	10000776 <drawChar+0x10a>
1000087a:	9b04      	ldr	r3, [sp, #16]
1000087c:	469c      	mov	ip, r3
1000087e:	466b      	mov	r3, sp
10000880:	4462      	add	r2, ip
10000882:	b211      	sxth	r1, r2
10000884:	201c      	movs	r0, #28
10000886:	5e18      	ldrsh	r0, [r3, r0]
10000888:	003a      	movs	r2, r7
1000088a:	f000 fcf5 	bl	10001278 <drawPixel>
1000088e:	e772      	b.n	10000776 <drawChar+0x10a>
10000890:	3201      	adds	r2, #1
10000892:	b2d2      	uxtb	r2, r2
10000894:	e718      	b.n	100006c8 <drawChar+0x5c>
10000896:	9b02      	ldr	r3, [sp, #8]
10000898:	2b01      	cmp	r3, #1
1000089a:	d004      	beq.n	100008a6 <drawChar+0x23a>
1000089c:	b226      	sxth	r6, r4
1000089e:	1c72      	adds	r2, r6, #1
100008a0:	4690      	mov	r8, r2
100008a2:	b2ab      	uxth	r3, r5
100008a4:	e797      	b.n	100007d6 <drawChar+0x16a>
100008a6:	466b      	mov	r3, sp
100008a8:	241c      	movs	r4, #28
100008aa:	5f1c      	ldrsh	r4, [r3, r4]
100008ac:	464b      	mov	r3, r9
100008ae:	464d      	mov	r5, r9
100008b0:	1dde      	adds	r6, r3, #7
100008b2:	0029      	movs	r1, r5
100008b4:	3501      	adds	r5, #1
100008b6:	003a      	movs	r2, r7
100008b8:	0020      	movs	r0, r4
100008ba:	b22d      	sxth	r5, r5
100008bc:	f000 fcdc 	bl	10001278 <drawPixel>
100008c0:	42b5      	cmp	r5, r6
100008c2:	dbf6      	blt.n	100008b2 <drawChar+0x246>
100008c4:	e799      	b.n	100007fa <drawChar+0x18e>
100008c6:	46c0      	nop			@ (mov r8, r8)
100008c8:	20001030 	.word	0x20001030
100008cc:	2000102e 	.word	0x2000102e
100008d0:	100095e8 	.word	0x100095e8

100008d4 <setCursor>:
100008d4:	4b02      	ldr	r3, [pc, #8]	@ (100008e0 <setCursor+0xc>)
100008d6:	8018      	strh	r0, [r3, #0]
100008d8:	4b02      	ldr	r3, [pc, #8]	@ (100008e4 <setCursor+0x10>)
100008da:	8019      	strh	r1, [r3, #0]
100008dc:	4770      	bx	lr
100008de:	46c0      	nop			@ (mov r8, r8)
100008e0:	2000bf60 	.word	0x2000bf60
100008e4:	2000bf62 	.word	0x2000bf62

100008e8 <setTextColor>:
100008e8:	4b02      	ldr	r3, [pc, #8]	@ (100008f4 <setTextColor+0xc>)
100008ea:	8018      	strh	r0, [r3, #0]
100008ec:	4b02      	ldr	r3, [pc, #8]	@ (100008f8 <setTextColor+0x10>)
100008ee:	8019      	strh	r1, [r3, #0]
100008f0:	4770      	bx	lr
100008f2:	46c0      	nop			@ (mov r8, r8)
100008f4:	2000102c 	.word	0x2000102c
100008f8:	2000bf64 	.word	0x2000bf64

100008fc <setTextSize>:
100008fc:	4b02      	ldr	r3, [pc, #8]	@ (10000908 <setTextSize+0xc>)
100008fe:	8018      	strh	r0, [r3, #0]
10000900:	4b02      	ldr	r3, [pc, #8]	@ (1000090c <setTextSize+0x10>)
10000902:	8018      	strh	r0, [r3, #0]
10000904:	4770      	bx	lr
10000906:	46c0      	nop			@ (mov r8, r8)
10000908:	2000102a 	.word	0x2000102a
1000090c:	20001028 	.word	0x20001028

10000910 <printInt>:
10000910:	b5f0      	push	{r4, r5, r6, r7, lr}
10000912:	46de      	mov	lr, fp
10000914:	464e      	mov	r6, r9
10000916:	4657      	mov	r7, sl
10000918:	4645      	mov	r5, r8
1000091a:	b5e0      	push	{r5, r6, r7, lr}
1000091c:	b08b      	sub	sp, #44	@ 0x2c
1000091e:	0002      	movs	r2, r0
10000920:	4932      	ldr	r1, [pc, #200]	@ (100009ec <printInt+0xdc>)
10000922:	a807      	add	r0, sp, #28
10000924:	f005 ffd6 	bl	100068d4 <__wrap_sprintf>
10000928:	a807      	add	r0, sp, #28
1000092a:	f008 fbbf 	bl	100090ac <strlen>
1000092e:	ac07      	add	r4, sp, #28
10000930:	1826      	adds	r6, r4, r0
10000932:	2800      	cmp	r0, #0
10000934:	d053      	beq.n	100009de <printInt+0xce>
10000936:	4b2e      	ldr	r3, [pc, #184]	@ (100009f0 <printInt+0xe0>)
10000938:	4d2e      	ldr	r5, [pc, #184]	@ (100009f4 <printInt+0xe4>)
1000093a:	9304      	str	r3, [sp, #16]
1000093c:	4b2e      	ldr	r3, [pc, #184]	@ (100009f8 <printInt+0xe8>)
1000093e:	4698      	mov	r8, r3
10000940:	e03d      	b.n	100009be <printInt+0xae>
10000942:	2a0d      	cmp	r2, #13
10000944:	d038      	beq.n	100009b8 <printInt+0xa8>
10000946:	2300      	movs	r3, #0
10000948:	5ee8      	ldrsh	r0, [r5, r3]
1000094a:	9b04      	ldr	r3, [sp, #16]
1000094c:	881b      	ldrh	r3, [r3, #0]
1000094e:	469c      	mov	ip, r3
10000950:	4643      	mov	r3, r8
10000952:	881b      	ldrh	r3, [r3, #0]
10000954:	4699      	mov	r9, r3
10000956:	4b29      	ldr	r3, [pc, #164]	@ (100009fc <printInt+0xec>)
10000958:	469a      	mov	sl, r3
1000095a:	2100      	movs	r1, #0
1000095c:	5e59      	ldrsh	r1, [r3, r1]
1000095e:	4663      	mov	r3, ip
10000960:	005b      	lsls	r3, r3, #1
10000962:	4463      	add	r3, ip
10000964:	005b      	lsls	r3, r3, #1
10000966:	181b      	adds	r3, r3, r0
10000968:	9305      	str	r3, [sp, #20]
1000096a:	4b25      	ldr	r3, [pc, #148]	@ (10000a00 <printInt+0xf0>)
1000096c:	2700      	movs	r7, #0
1000096e:	5fdb      	ldrsh	r3, [r3, r7]
10000970:	469b      	mov	fp, r3
10000972:	9b05      	ldr	r3, [sp, #20]
10000974:	455b      	cmp	r3, fp
10000976:	dd08      	ble.n	1000098a <printInt+0x7a>
10000978:	2300      	movs	r3, #0
1000097a:	802b      	strh	r3, [r5, #0]
1000097c:	464b      	mov	r3, r9
1000097e:	00db      	lsls	r3, r3, #3
10000980:	1859      	adds	r1, r3, r1
10000982:	4653      	mov	r3, sl
10000984:	2000      	movs	r0, #0
10000986:	b209      	sxth	r1, r1
10000988:	8019      	strh	r1, [r3, #0]
1000098a:	4b1e      	ldr	r3, [pc, #120]	@ (10000a04 <printInt+0xf4>)
1000098c:	881b      	ldrh	r3, [r3, #0]
1000098e:	469a      	mov	sl, r3
10000990:	464b      	mov	r3, r9
10000992:	b2db      	uxtb	r3, r3
10000994:	9302      	str	r3, [sp, #8]
10000996:	4663      	mov	r3, ip
10000998:	b2db      	uxtb	r3, r3
1000099a:	9301      	str	r3, [sp, #4]
1000099c:	4b1a      	ldr	r3, [pc, #104]	@ (10000a08 <printInt+0xf8>)
1000099e:	881b      	ldrh	r3, [r3, #0]
100009a0:	9300      	str	r3, [sp, #0]
100009a2:	4653      	mov	r3, sl
100009a4:	f7ff fe62 	bl	1000066c <drawChar>
100009a8:	9b04      	ldr	r3, [sp, #16]
100009aa:	881b      	ldrh	r3, [r3, #0]
100009ac:	005a      	lsls	r2, r3, #1
100009ae:	189b      	adds	r3, r3, r2
100009b0:	882a      	ldrh	r2, [r5, #0]
100009b2:	005b      	lsls	r3, r3, #1
100009b4:	189b      	adds	r3, r3, r2
100009b6:	802b      	strh	r3, [r5, #0]
100009b8:	3401      	adds	r4, #1
100009ba:	42b4      	cmp	r4, r6
100009bc:	d00f      	beq.n	100009de <printInt+0xce>
100009be:	7822      	ldrb	r2, [r4, #0]
100009c0:	2a0a      	cmp	r2, #10
100009c2:	d1be      	bne.n	10000942 <printInt+0x32>
100009c4:	2200      	movs	r2, #0
100009c6:	4b0b      	ldr	r3, [pc, #44]	@ (100009f4 <printInt+0xe4>)
100009c8:	3401      	adds	r4, #1
100009ca:	801a      	strh	r2, [r3, #0]
100009cc:	4b0a      	ldr	r3, [pc, #40]	@ (100009f8 <printInt+0xe8>)
100009ce:	4a0b      	ldr	r2, [pc, #44]	@ (100009fc <printInt+0xec>)
100009d0:	881b      	ldrh	r3, [r3, #0]
100009d2:	8811      	ldrh	r1, [r2, #0]
100009d4:	00db      	lsls	r3, r3, #3
100009d6:	185b      	adds	r3, r3, r1
100009d8:	8013      	strh	r3, [r2, #0]
100009da:	42b4      	cmp	r4, r6
100009dc:	d1ef      	bne.n	100009be <printInt+0xae>
100009de:	b00b      	add	sp, #44	@ 0x2c
100009e0:	bcf0      	pop	{r4, r5, r6, r7}
100009e2:	46bb      	mov	fp, r7
100009e4:	46b2      	mov	sl, r6
100009e6:	46a9      	mov	r9, r5
100009e8:	46a0      	mov	r8, r4
100009ea:	bdf0      	pop	{r4, r5, r6, r7, pc}
100009ec:	10009228 	.word	0x10009228
100009f0:	2000102a 	.word	0x2000102a
100009f4:	2000bf60 	.word	0x2000bf60
100009f8:	20001028 	.word	0x20001028
100009fc:	2000bf62 	.word	0x2000bf62
10000a00:	20001030 	.word	0x20001030
10000a04:	2000102c 	.word	0x2000102c
10000a08:	2000bf64 	.word	0x2000bf64

10000a0c <printString>:
10000a0c:	b5f0      	push	{r4, r5, r6, r7, lr}
10000a0e:	46de      	mov	lr, fp
10000a10:	464e      	mov	r6, r9
10000a12:	4657      	mov	r7, sl
10000a14:	4645      	mov	r5, r8
10000a16:	b5e0      	push	{r5, r6, r7, lr}
10000a18:	b087      	sub	sp, #28
10000a1a:	0004      	movs	r4, r0
10000a1c:	f008 fb46 	bl	100090ac <strlen>
10000a20:	1826      	adds	r6, r4, r0
10000a22:	2800      	cmp	r0, #0
10000a24:	d053      	beq.n	10000ace <printString+0xc2>
10000a26:	4b2d      	ldr	r3, [pc, #180]	@ (10000adc <printString+0xd0>)
10000a28:	4d2d      	ldr	r5, [pc, #180]	@ (10000ae0 <printString+0xd4>)
10000a2a:	9304      	str	r3, [sp, #16]
10000a2c:	4b2d      	ldr	r3, [pc, #180]	@ (10000ae4 <printString+0xd8>)
10000a2e:	4698      	mov	r8, r3
10000a30:	e03d      	b.n	10000aae <printString+0xa2>
10000a32:	2a0d      	cmp	r2, #13
10000a34:	d038      	beq.n	10000aa8 <printString+0x9c>
10000a36:	2300      	movs	r3, #0
10000a38:	5ee8      	ldrsh	r0, [r5, r3]
10000a3a:	9b04      	ldr	r3, [sp, #16]
10000a3c:	881b      	ldrh	r3, [r3, #0]
10000a3e:	469c      	mov	ip, r3
10000a40:	4643      	mov	r3, r8
10000a42:	881b      	ldrh	r3, [r3, #0]
10000a44:	4699      	mov	r9, r3
10000a46:	4b28      	ldr	r3, [pc, #160]	@ (10000ae8 <printString+0xdc>)
10000a48:	469a      	mov	sl, r3
10000a4a:	2100      	movs	r1, #0
10000a4c:	5e59      	ldrsh	r1, [r3, r1]
10000a4e:	4663      	mov	r3, ip
10000a50:	005b      	lsls	r3, r3, #1
10000a52:	4463      	add	r3, ip
10000a54:	005b      	lsls	r3, r3, #1
10000a56:	181b      	adds	r3, r3, r0
10000a58:	9305      	str	r3, [sp, #20]
10000a5a:	4b24      	ldr	r3, [pc, #144]	@ (10000aec <printString+0xe0>)
10000a5c:	2700      	movs	r7, #0
10000a5e:	5fdb      	ldrsh	r3, [r3, r7]
10000a60:	469b      	mov	fp, r3
10000a62:	9b05      	ldr	r3, [sp, #20]
10000a64:	455b      	cmp	r3, fp
10000a66:	dd08      	ble.n	10000a7a <printString+0x6e>
10000a68:	2300      	movs	r3, #0
10000a6a:	802b      	strh	r3, [r5, #0]
10000a6c:	464b      	mov	r3, r9
10000a6e:	00db      	lsls	r3, r3, #3
10000a70:	1859      	adds	r1, r3, r1
10000a72:	4653      	mov	r3, sl
10000a74:	2000      	movs	r0, #0
10000a76:	b209      	sxth	r1, r1
10000a78:	8019      	strh	r1, [r3, #0]
10000a7a:	4b1d      	ldr	r3, [pc, #116]	@ (10000af0 <printString+0xe4>)
10000a7c:	881b      	ldrh	r3, [r3, #0]
10000a7e:	469a      	mov	sl, r3
10000a80:	464b      	mov	r3, r9
10000a82:	b2db      	uxtb	r3, r3
10000a84:	9302      	str	r3, [sp, #8]
10000a86:	4663      	mov	r3, ip
10000a88:	b2db      	uxtb	r3, r3
10000a8a:	9301      	str	r3, [sp, #4]
10000a8c:	4b19      	ldr	r3, [pc, #100]	@ (10000af4 <printString+0xe8>)
10000a8e:	881b      	ldrh	r3, [r3, #0]
10000a90:	9300      	str	r3, [sp, #0]
10000a92:	4653      	mov	r3, sl
10000a94:	f7ff fdea 	bl	1000066c <drawChar>
10000a98:	9b04      	ldr	r3, [sp, #16]
10000a9a:	881b      	ldrh	r3, [r3, #0]
10000a9c:	005a      	lsls	r2, r3, #1
10000a9e:	189b      	adds	r3, r3, r2
10000aa0:	882a      	ldrh	r2, [r5, #0]
10000aa2:	005b      	lsls	r3, r3, #1
10000aa4:	189b      	adds	r3, r3, r2
10000aa6:	802b      	strh	r3, [r5, #0]
10000aa8:	3401      	adds	r4, #1
10000aaa:	42b4      	cmp	r4, r6
10000aac:	d00f      	beq.n	10000ace <printString+0xc2>
10000aae:	7822      	ldrb	r2, [r4, #0]
10000ab0:	2a0a      	cmp	r2, #10
10000ab2:	d1be      	bne.n	10000a32 <printString+0x26>
10000ab4:	2200      	movs	r2, #0
10000ab6:	4b0a      	ldr	r3, [pc, #40]	@ (10000ae0 <printString+0xd4>)
10000ab8:	3401      	adds	r4, #1
10000aba:	801a      	strh	r2, [r3, #0]
10000abc:	4b09      	ldr	r3, [pc, #36]	@ (10000ae4 <printString+0xd8>)
10000abe:	4a0a      	ldr	r2, [pc, #40]	@ (10000ae8 <printString+0xdc>)
10000ac0:	881b      	ldrh	r3, [r3, #0]
10000ac2:	8811      	ldrh	r1, [r2, #0]
10000ac4:	00db      	lsls	r3, r3, #3
10000ac6:	185b      	adds	r3, r3, r1
10000ac8:	8013      	strh	r3, [r2, #0]
10000aca:	42b4      	cmp	r4, r6
10000acc:	d1ef      	bne.n	10000aae <printString+0xa2>
10000ace:	b007      	add	sp, #28
10000ad0:	bcf0      	pop	{r4, r5, r6, r7}
10000ad2:	46bb      	mov	fp, r7
10000ad4:	46b2      	mov	sl, r6
10000ad6:	46a9      	mov	r9, r5
10000ad8:	46a0      	mov	r8, r4
10000ada:	bdf0      	pop	{r4, r5, r6, r7, pc}
10000adc:	2000102a 	.word	0x2000102a
10000ae0:	2000bf60 	.word	0x2000bf60
10000ae4:	20001028 	.word	0x20001028
10000ae8:	2000bf62 	.word	0x2000bf62
10000aec:	20001030 	.word	0x20001030
10000af0:	2000102c 	.word	0x2000102c
10000af4:	2000bf64 	.word	0x2000bf64

10000af8 <drawFastHLine>:
10000af8:	b5f8      	push	{r3, r4, r5, r6, r7, lr}
10000afa:	1815      	adds	r5, r2, r0
10000afc:	0004      	movs	r4, r0
10000afe:	000f      	movs	r7, r1
10000b00:	001e      	movs	r6, r3
10000b02:	42a8      	cmp	r0, r5
10000b04:	da08      	bge.n	10000b18 <drawFastHLine+0x20>
10000b06:	0020      	movs	r0, r4
10000b08:	3401      	adds	r4, #1
10000b0a:	0032      	movs	r2, r6
10000b0c:	0039      	movs	r1, r7
10000b0e:	b224      	sxth	r4, r4
10000b10:	f000 fbb2 	bl	10001278 <drawPixel>
10000b14:	42ac      	cmp	r4, r5
10000b16:	dbf6      	blt.n	10000b06 <drawFastHLine+0xe>
10000b18:	bdf8      	pop	{r3, r4, r5, r6, r7, pc}
10000b1a:	46c0      	nop			@ (mov r8, r8)

10000b1c <drawLine>:
10000b1c:	b5f8      	push	{r3, r4, r5, r6, r7, lr}
10000b1e:	4657      	mov	r7, sl
10000b20:	464e      	mov	r6, r9
10000b22:	4645      	mov	r5, r8
10000b24:	46de      	mov	lr, fp
10000b26:	b5e0      	push	{r5, r6, r7, lr}
10000b28:	001c      	movs	r4, r3
10000b2a:	466b      	mov	r3, sp
10000b2c:	0015      	movs	r5, r2
10000b2e:	8d1b      	ldrh	r3, [r3, #40]	@ 0x28
10000b30:	1a62      	subs	r2, r4, r1
10000b32:	4699      	mov	r9, r3
10000b34:	17d3      	asrs	r3, r2, #31
10000b36:	18d2      	adds	r2, r2, r3
10000b38:	405a      	eors	r2, r3
10000b3a:	1a2b      	subs	r3, r5, r0
10000b3c:	000f      	movs	r7, r1
10000b3e:	468c      	mov	ip, r1
10000b40:	17d9      	asrs	r1, r3, #31
10000b42:	185b      	adds	r3, r3, r1
10000b44:	404b      	eors	r3, r1
10000b46:	46a2      	mov	sl, r4
10000b48:	002e      	movs	r6, r5
10000b4a:	4683      	mov	fp, r0
10000b4c:	4698      	mov	r8, r3
10000b4e:	429a      	cmp	r2, r3
10000b50:	dc06      	bgt.n	10000b60 <drawLine+0x44>
10000b52:	0026      	movs	r6, r4
10000b54:	46bb      	mov	fp, r7
10000b56:	002c      	movs	r4, r5
10000b58:	0007      	movs	r7, r0
10000b5a:	4690      	mov	r8, r2
10000b5c:	4655      	mov	r5, sl
10000b5e:	4660      	mov	r0, ip
10000b60:	42a7      	cmp	r7, r4
10000b62:	dd42      	ble.n	10000bea <drawLine+0xce>
10000b64:	4659      	mov	r1, fp
10000b66:	1b89      	subs	r1, r1, r6
10000b68:	17ce      	asrs	r6, r1, #31
10000b6a:	1989      	adds	r1, r1, r6
10000b6c:	4071      	eors	r1, r6
10000b6e:	4688      	mov	r8, r1
10000b70:	1b39      	subs	r1, r7, r4
10000b72:	b28e      	uxth	r6, r1
10000b74:	b209      	sxth	r1, r1
10000b76:	46b3      	mov	fp, r6
10000b78:	0fce      	lsrs	r6, r1, #31
10000b7a:	1876      	adds	r6, r6, r1
10000b7c:	2101      	movs	r1, #1
10000b7e:	1076      	asrs	r6, r6, #1
10000b80:	468a      	mov	sl, r1
10000b82:	42a8      	cmp	r0, r5
10000b84:	dd3e      	ble.n	10000c04 <drawLine+0xe8>
10000b86:	4641      	mov	r1, r8
10000b88:	b289      	uxth	r1, r1
10000b8a:	4688      	mov	r8, r1
10000b8c:	429a      	cmp	r2, r3
10000b8e:	dc18      	bgt.n	10000bc2 <drawLine+0xa6>
10000b90:	464a      	mov	r2, r9
10000b92:	0029      	movs	r1, r5
10000b94:	0020      	movs	r0, r4
10000b96:	f000 fb6f 	bl	10001278 <drawPixel>
10000b9a:	4643      	mov	r3, r8
10000b9c:	1af3      	subs	r3, r6, r3
10000b9e:	b29a      	uxth	r2, r3
10000ba0:	b21e      	sxth	r6, r3
10000ba2:	041b      	lsls	r3, r3, #16
10000ba4:	d503      	bpl.n	10000bae <drawLine+0x92>
10000ba6:	4455      	add	r5, sl
10000ba8:	445a      	add	r2, fp
10000baa:	b22d      	sxth	r5, r5
10000bac:	b216      	sxth	r6, r2
10000bae:	3401      	adds	r4, #1
10000bb0:	b224      	sxth	r4, r4
10000bb2:	42bc      	cmp	r4, r7
10000bb4:	ddec      	ble.n	10000b90 <drawLine+0x74>
10000bb6:	bcf0      	pop	{r4, r5, r6, r7}
10000bb8:	46bb      	mov	fp, r7
10000bba:	46b2      	mov	sl, r6
10000bbc:	46a9      	mov	r9, r5
10000bbe:	46a0      	mov	r8, r4
10000bc0:	bdf8      	pop	{r3, r4, r5, r6, r7, pc}
10000bc2:	464a      	mov	r2, r9
10000bc4:	0021      	movs	r1, r4
10000bc6:	0028      	movs	r0, r5
10000bc8:	f000 fb56 	bl	10001278 <drawPixel>
10000bcc:	4643      	mov	r3, r8
10000bce:	1af3      	subs	r3, r6, r3
10000bd0:	b29a      	uxth	r2, r3
10000bd2:	b21e      	sxth	r6, r3
10000bd4:	041b      	lsls	r3, r3, #16
10000bd6:	d503      	bpl.n	10000be0 <drawLine+0xc4>
10000bd8:	4455      	add	r5, sl
10000bda:	445a      	add	r2, fp
10000bdc:	b22d      	sxth	r5, r5
10000bde:	b216      	sxth	r6, r2
10000be0:	3401      	adds	r4, #1
10000be2:	b224      	sxth	r4, r4
10000be4:	42bc      	cmp	r4, r7
10000be6:	ddec      	ble.n	10000bc2 <drawLine+0xa6>
10000be8:	e7e5      	b.n	10000bb6 <drawLine+0x9a>
10000bea:	1be1      	subs	r1, r4, r7
10000bec:	b28e      	uxth	r6, r1
10000bee:	b209      	sxth	r1, r1
10000bf0:	46b3      	mov	fp, r6
10000bf2:	0fce      	lsrs	r6, r1, #31
10000bf4:	1876      	adds	r6, r6, r1
10000bf6:	1076      	asrs	r6, r6, #1
10000bf8:	42a8      	cmp	r0, r5
10000bfa:	db0b      	blt.n	10000c14 <drawLine+0xf8>
10000bfc:	0021      	movs	r1, r4
10000bfe:	0005      	movs	r5, r0
10000c00:	003c      	movs	r4, r7
10000c02:	000f      	movs	r7, r1
10000c04:	4909      	ldr	r1, [pc, #36]	@ (10000c2c <drawLine+0x110>)
10000c06:	468a      	mov	sl, r1
10000c08:	4641      	mov	r1, r8
10000c0a:	b289      	uxth	r1, r1
10000c0c:	4688      	mov	r8, r1
10000c0e:	429a      	cmp	r2, r3
10000c10:	dcd7      	bgt.n	10000bc2 <drawLine+0xa6>
10000c12:	e7bd      	b.n	10000b90 <drawLine+0x74>
10000c14:	0021      	movs	r1, r4
10000c16:	003c      	movs	r4, r7
10000c18:	000f      	movs	r7, r1
10000c1a:	2101      	movs	r1, #1
10000c1c:	468a      	mov	sl, r1
10000c1e:	4641      	mov	r1, r8
10000c20:	b289      	uxth	r1, r1
10000c22:	0005      	movs	r5, r0
10000c24:	4688      	mov	r8, r1
10000c26:	429a      	cmp	r2, r3
10000c28:	dccb      	bgt.n	10000bc2 <drawLine+0xa6>
10000c2a:	e7b1      	b.n	10000b90 <drawLine+0x74>
10000c2c:	0000ffff 	.word	0x0000ffff

10000c30 <setAddrWindow.constprop.0>:
10000c30:	b5f0      	push	{r4, r5, r6, r7, lr}
10000c32:	b083      	sub	sp, #12
10000c34:	466a      	mov	r2, sp
10000c36:	232a      	movs	r3, #42	@ 0x2a
10000c38:	2700      	movs	r7, #0
10000c3a:	2600      	movs	r6, #0
10000c3c:	ac01      	add	r4, sp, #4
10000c3e:	70d3      	strb	r3, [r2, #3]
10000c40:	70e0      	strb	r0, [r4, #3]
10000c42:	2001      	movs	r0, #1
10000c44:	000d      	movs	r5, r1
10000c46:	8027      	strh	r7, [r4, #0]
10000c48:	70a6      	strb	r6, [r4, #2]
10000c4a:	f7ff fc19 	bl	10000480 <bspLcdSelect>
10000c4e:	2000      	movs	r0, #0
10000c50:	f7ff fbe8 	bl	10000424 <bspLcdSetDc>
10000c54:	466b      	mov	r3, sp
10000c56:	2101      	movs	r1, #1
10000c58:	1cd8      	adds	r0, r3, #3
10000c5a:	f7ff fbed 	bl	10000438 <spi_write_bytes>
10000c5e:	2000      	movs	r0, #0
10000c60:	f7ff fc0e 	bl	10000480 <bspLcdSelect>
10000c64:	2001      	movs	r0, #1
10000c66:	f7ff fc0b 	bl	10000480 <bspLcdSelect>
10000c6a:	2001      	movs	r0, #1
10000c6c:	f7ff fbda 	bl	10000424 <bspLcdSetDc>
10000c70:	2104      	movs	r1, #4
10000c72:	0020      	movs	r0, r4
10000c74:	f7ff fbe0 	bl	10000438 <spi_write_bytes>
10000c78:	2000      	movs	r0, #0
10000c7a:	f7ff fc01 	bl	10000480 <bspLcdSelect>
10000c7e:	466a      	mov	r2, sp
10000c80:	232b      	movs	r3, #43	@ 0x2b
10000c82:	2001      	movs	r0, #1
10000c84:	70d3      	strb	r3, [r2, #3]
10000c86:	8027      	strh	r7, [r4, #0]
10000c88:	70a6      	strb	r6, [r4, #2]
10000c8a:	70e5      	strb	r5, [r4, #3]
10000c8c:	f7ff fbf8 	bl	10000480 <bspLcdSelect>
10000c90:	2000      	movs	r0, #0
10000c92:	f7ff fbc7 	bl	10000424 <bspLcdSetDc>
10000c96:	466b      	mov	r3, sp
10000c98:	2101      	movs	r1, #1
10000c9a:	1cd8      	adds	r0, r3, #3
10000c9c:	f7ff fbcc 	bl	10000438 <spi_write_bytes>
10000ca0:	2000      	movs	r0, #0
10000ca2:	f7ff fbed 	bl	10000480 <bspLcdSelect>
10000ca6:	2001      	movs	r0, #1
10000ca8:	f7ff fbea 	bl	10000480 <bspLcdSelect>
10000cac:	2001      	movs	r0, #1
10000cae:	f7ff fbb9 	bl	10000424 <bspLcdSetDc>
10000cb2:	2104      	movs	r1, #4
10000cb4:	0020      	movs	r0, r4
10000cb6:	f7ff fbbf 	bl	10000438 <spi_write_bytes>
10000cba:	2000      	movs	r0, #0
10000cbc:	f7ff fbe0 	bl	10000480 <bspLcdSelect>
10000cc0:	466a      	mov	r2, sp
10000cc2:	232c      	movs	r3, #44	@ 0x2c
10000cc4:	2001      	movs	r0, #1
10000cc6:	70d3      	strb	r3, [r2, #3]
10000cc8:	f7ff fbda 	bl	10000480 <bspLcdSelect>
10000ccc:	2000      	movs	r0, #0
10000cce:	f7ff fba9 	bl	10000424 <bspLcdSetDc>
10000cd2:	466b      	mov	r3, sp
10000cd4:	2101      	movs	r1, #1
10000cd6:	1cd8      	adds	r0, r3, #3
10000cd8:	f7ff fbae 	bl	10000438 <spi_write_bytes>
10000cdc:	2000      	movs	r0, #0
10000cde:	f7ff fbcf 	bl	10000480 <bspLcdSelect>
10000ce2:	b003      	add	sp, #12
10000ce4:	bdf0      	pop	{r4, r5, r6, r7, pc}
10000ce6:	46c0      	nop			@ (mov r8, r8)

10000ce8 <panelInit>:
10000ce8:	b510      	push	{r4, lr}
10000cea:	2001      	movs	r0, #1
10000cec:	b082      	sub	sp, #8
10000cee:	f7ff fbdb 	bl	100004a8 <bspLcdBacklight>
10000cf2:	2000      	movs	r0, #0
10000cf4:	f7ff fbce 	bl	10000494 <bspLcdReset>
10000cf8:	200a      	movs	r0, #10
10000cfa:	f7ff fb61 	bl	100003c0 <bspDelayMs>
10000cfe:	2001      	movs	r0, #1
10000d00:	f7ff fbc8 	bl	10000494 <bspLcdReset>
10000d04:	2078      	movs	r0, #120	@ 0x78
10000d06:	f7ff fb5b 	bl	100003c0 <bspDelayMs>
10000d0a:	466a      	mov	r2, sp
10000d0c:	2301      	movs	r3, #1
10000d0e:	2001      	movs	r0, #1
10000d10:	71d3      	strb	r3, [r2, #7]
10000d12:	f7ff fbb5 	bl	10000480 <bspLcdSelect>
10000d16:	2000      	movs	r0, #0
10000d18:	f7ff fb84 	bl	10000424 <bspLcdSetDc>
10000d1c:	466b      	mov	r3, sp
10000d1e:	2101      	movs	r1, #1
10000d20:	1dd8      	adds	r0, r3, #7
10000d22:	f7ff fb89 	bl	10000438 <spi_write_bytes>
10000d26:	2000      	movs	r0, #0
10000d28:	f7ff fbaa 	bl	10000480 <bspLcdSelect>
10000d2c:	2096      	movs	r0, #150	@ 0x96
10000d2e:	f7ff fb47 	bl	100003c0 <bspDelayMs>
10000d32:	466a      	mov	r2, sp
10000d34:	2311      	movs	r3, #17
10000d36:	2001      	movs	r0, #1
10000d38:	71d3      	strb	r3, [r2, #7]
10000d3a:	f7ff fba1 	bl	10000480 <bspLcdSelect>
10000d3e:	2000      	movs	r0, #0
10000d40:	f7ff fb70 	bl	10000424 <bspLcdSetDc>
10000d44:	466b      	mov	r3, sp
10000d46:	2101      	movs	r1, #1
10000d48:	1dd8      	adds	r0, r3, #7
10000d4a:	f7ff fb75 	bl	10000438 <spi_write_bytes>
10000d4e:	2000      	movs	r0, #0
10000d50:	f7ff fb96 	bl	10000480 <bspLcdSelect>
10000d54:	20fa      	movs	r0, #250	@ 0xfa
10000d56:	0040      	lsls	r0, r0, #1
10000d58:	f7ff fb32 	bl	100003c0 <bspDelayMs>
10000d5c:	466a      	mov	r2, sp
10000d5e:	23b1      	movs	r3, #177	@ 0xb1
10000d60:	2001      	movs	r0, #1
10000d62:	71d3      	strb	r3, [r2, #7]
10000d64:	f7ff fb8c 	bl	10000480 <bspLcdSelect>
10000d68:	2000      	movs	r0, #0
10000d6a:	f7ff fb5b 	bl	10000424 <bspLcdSetDc>
10000d6e:	466b      	mov	r3, sp
10000d70:	2101      	movs	r1, #1
10000d72:	1dd8      	adds	r0, r3, #7
10000d74:	f7ff fb60 	bl	10000438 <spi_write_bytes>
10000d78:	2000      	movs	r0, #0
10000d7a:	f7ff fb81 	bl	10000480 <bspLcdSelect>
10000d7e:	2001      	movs	r0, #1
10000d80:	f7ff fb7e 	bl	10000480 <bspLcdSelect>
10000d84:	2001      	movs	r0, #1
10000d86:	f7ff fb4d 	bl	10000424 <bspLcdSetDc>
10000d8a:	4cf7      	ldr	r4, [pc, #988]	@ (10001168 <panelInit+0x480>)
10000d8c:	2103      	movs	r1, #3
10000d8e:	0020      	movs	r0, r4
10000d90:	f7ff fb52 	bl	10000438 <spi_write_bytes>
10000d94:	2000      	movs	r0, #0
10000d96:	f7ff fb73 	bl	10000480 <bspLcdSelect>
10000d9a:	466a      	mov	r2, sp
10000d9c:	23b2      	movs	r3, #178	@ 0xb2
10000d9e:	2001      	movs	r0, #1
10000da0:	71d3      	strb	r3, [r2, #7]
10000da2:	f7ff fb6d 	bl	10000480 <bspLcdSelect>
10000da6:	2000      	movs	r0, #0
10000da8:	f7ff fb3c 	bl	10000424 <bspLcdSetDc>
10000dac:	466b      	mov	r3, sp
10000dae:	2101      	movs	r1, #1
10000db0:	1dd8      	adds	r0, r3, #7
10000db2:	f7ff fb41 	bl	10000438 <spi_write_bytes>
10000db6:	2000      	movs	r0, #0
10000db8:	f7ff fb62 	bl	10000480 <bspLcdSelect>
10000dbc:	2001      	movs	r0, #1
10000dbe:	f7ff fb5f 	bl	10000480 <bspLcdSelect>
10000dc2:	2001      	movs	r0, #1
10000dc4:	f7ff fb2e 	bl	10000424 <bspLcdSetDc>
10000dc8:	2103      	movs	r1, #3
10000dca:	0020      	movs	r0, r4
10000dcc:	f7ff fb34 	bl	10000438 <spi_write_bytes>
10000dd0:	2000      	movs	r0, #0
10000dd2:	f7ff fb55 	bl	10000480 <bspLcdSelect>
10000dd6:	466a      	mov	r2, sp
10000dd8:	23b3      	movs	r3, #179	@ 0xb3
10000dda:	2001      	movs	r0, #1
10000ddc:	71d3      	strb	r3, [r2, #7]
10000dde:	f7ff fb4f 	bl	10000480 <bspLcdSelect>
10000de2:	2000      	movs	r0, #0
10000de4:	f7ff fb1e 	bl	10000424 <bspLcdSetDc>
10000de8:	466b      	mov	r3, sp
10000dea:	2101      	movs	r1, #1
10000dec:	1dd8      	adds	r0, r3, #7
10000dee:	f7ff fb23 	bl	10000438 <spi_write_bytes>
10000df2:	2000      	movs	r0, #0
10000df4:	f7ff fb44 	bl	10000480 <bspLcdSelect>
10000df8:	2001      	movs	r0, #1
10000dfa:	f7ff fb41 	bl	10000480 <bspLcdSelect>
10000dfe:	2001      	movs	r0, #1
10000e00:	f7ff fb10 	bl	10000424 <bspLcdSetDc>
10000e04:	2106      	movs	r1, #6
10000e06:	48d9      	ldr	r0, [pc, #868]	@ (1000116c <panelInit+0x484>)
10000e08:	f7ff fb16 	bl	10000438 <spi_write_bytes>
10000e0c:	2000      	movs	r0, #0
10000e0e:	f7ff fb37 	bl	10000480 <bspLcdSelect>
10000e12:	466a      	mov	r2, sp
10000e14:	23b4      	movs	r3, #180	@ 0xb4
10000e16:	2001      	movs	r0, #1
10000e18:	71d3      	strb	r3, [r2, #7]
10000e1a:	f7ff fb31 	bl	10000480 <bspLcdSelect>
10000e1e:	2000      	movs	r0, #0
10000e20:	f7ff fb00 	bl	10000424 <bspLcdSetDc>
10000e24:	466b      	mov	r3, sp
10000e26:	2101      	movs	r1, #1
10000e28:	1dd8      	adds	r0, r3, #7
10000e2a:	f7ff fb05 	bl	10000438 <spi_write_bytes>
10000e2e:	2000      	movs	r0, #0
10000e30:	f7ff fb26 	bl	10000480 <bspLcdSelect>
10000e34:	2001      	movs	r0, #1
10000e36:	f7ff fb23 	bl	10000480 <bspLcdSelect>
10000e3a:	2001      	movs	r0, #1
10000e3c:	f7ff faf2 	bl	10000424 <bspLcdSetDc>
10000e40:	2101      	movs	r1, #1
10000e42:	48cb      	ldr	r0, [pc, #812]	@ (10001170 <panelInit+0x488>)
10000e44:	f7ff faf8 	bl	10000438 <spi_write_bytes>
10000e48:	2000      	movs	r0, #0
10000e4a:	f7ff fb19 	bl	10000480 <bspLcdSelect>
10000e4e:	466a      	mov	r2, sp
10000e50:	23c0      	movs	r3, #192	@ 0xc0
10000e52:	2001      	movs	r0, #1
10000e54:	71d3      	strb	r3, [r2, #7]
10000e56:	f7ff fb13 	bl	10000480 <bspLcdSelect>
10000e5a:	2000      	movs	r0, #0
10000e5c:	f7ff fae2 	bl	10000424 <bspLcdSetDc>
10000e60:	466b      	mov	r3, sp
10000e62:	2101      	movs	r1, #1
10000e64:	1dd8      	adds	r0, r3, #7
10000e66:	f7ff fae7 	bl	10000438 <spi_write_bytes>
10000e6a:	2000      	movs	r0, #0
10000e6c:	f7ff fb08 	bl	10000480 <bspLcdSelect>
10000e70:	2001      	movs	r0, #1
10000e72:	f7ff fb05 	bl	10000480 <bspLcdSelect>
10000e76:	2001      	movs	r0, #1
10000e78:	f7ff fad4 	bl	10000424 <bspLcdSetDc>
10000e7c:	2103      	movs	r1, #3
10000e7e:	48bd      	ldr	r0, [pc, #756]	@ (10001174 <panelInit+0x48c>)
10000e80:	f7ff fada 	bl	10000438 <spi_write_bytes>
10000e84:	2000      	movs	r0, #0
10000e86:	f7ff fafb 	bl	10000480 <bspLcdSelect>
10000e8a:	466a      	mov	r2, sp
10000e8c:	23c1      	movs	r3, #193	@ 0xc1
10000e8e:	2001      	movs	r0, #1
10000e90:	71d3      	strb	r3, [r2, #7]
10000e92:	f7ff faf5 	bl	10000480 <bspLcdSelect>
10000e96:	2000      	movs	r0, #0
10000e98:	f7ff fac4 	bl	10000424 <bspLcdSetDc>
10000e9c:	466b      	mov	r3, sp
10000e9e:	2101      	movs	r1, #1
10000ea0:	1dd8      	adds	r0, r3, #7
10000ea2:	f7ff fac9 	bl	10000438 <spi_write_bytes>
10000ea6:	2000      	movs	r0, #0
10000ea8:	f7ff faea 	bl	10000480 <bspLcdSelect>
10000eac:	2001      	movs	r0, #1
10000eae:	f7ff fae7 	bl	10000480 <bspLcdSelect>
10000eb2:	2001      	movs	r0, #1
10000eb4:	f7ff fab6 	bl	10000424 <bspLcdSetDc>
10000eb8:	2101      	movs	r1, #1
10000eba:	48af      	ldr	r0, [pc, #700]	@ (10001178 <panelInit+0x490>)
10000ebc:	f7ff fabc 	bl	10000438 <spi_write_bytes>
10000ec0:	2000      	movs	r0, #0
10000ec2:	f7ff fadd 	bl	10000480 <bspLcdSelect>
10000ec6:	466a      	mov	r2, sp
10000ec8:	23c2      	movs	r3, #194	@ 0xc2
10000eca:	2001      	movs	r0, #1
10000ecc:	71d3      	strb	r3, [r2, #7]
10000ece:	f7ff fad7 	bl	10000480 <bspLcdSelect>
10000ed2:	2000      	movs	r0, #0
10000ed4:	f7ff faa6 	bl	10000424 <bspLcdSetDc>
10000ed8:	466b      	mov	r3, sp
10000eda:	2101      	movs	r1, #1
10000edc:	1dd8      	adds	r0, r3, #7
10000ede:	f7ff faab 	bl	10000438 <spi_write_bytes>
10000ee2:	2000      	movs	r0, #0
10000ee4:	f7ff facc 	bl	10000480 <bspLcdSelect>
10000ee8:	2001      	movs	r0, #1
10000eea:	f7ff fac9 	bl	10000480 <bspLcdSelect>
10000eee:	2001      	movs	r0, #1
10000ef0:	f7ff fa98 	bl	10000424 <bspLcdSetDc>
10000ef4:	2102      	movs	r1, #2
10000ef6:	48a1      	ldr	r0, [pc, #644]	@ (1000117c <panelInit+0x494>)
10000ef8:	f7ff fa9e 	bl	10000438 <spi_write_bytes>
10000efc:	2000      	movs	r0, #0
10000efe:	f7ff fabf 	bl	10000480 <bspLcdSelect>
10000f02:	466a      	mov	r2, sp
10000f04:	23c3      	movs	r3, #195	@ 0xc3
10000f06:	2001      	movs	r0, #1
10000f08:	71d3      	strb	r3, [r2, #7]
10000f0a:	f7ff fab9 	bl	10000480 <bspLcdSelect>
10000f0e:	2000      	movs	r0, #0
10000f10:	f7ff fa88 	bl	10000424 <bspLcdSetDc>
10000f14:	466b      	mov	r3, sp
10000f16:	2101      	movs	r1, #1
10000f18:	1dd8      	adds	r0, r3, #7
10000f1a:	f7ff fa8d 	bl	10000438 <spi_write_bytes>
10000f1e:	2000      	movs	r0, #0
10000f20:	f7ff faae 	bl	10000480 <bspLcdSelect>
10000f24:	2001      	movs	r0, #1
10000f26:	f7ff faab 	bl	10000480 <bspLcdSelect>
10000f2a:	2001      	movs	r0, #1
10000f2c:	f7ff fa7a 	bl	10000424 <bspLcdSetDc>
10000f30:	2102      	movs	r1, #2
10000f32:	4893      	ldr	r0, [pc, #588]	@ (10001180 <panelInit+0x498>)
10000f34:	f7ff fa80 	bl	10000438 <spi_write_bytes>
10000f38:	2000      	movs	r0, #0
10000f3a:	f7ff faa1 	bl	10000480 <bspLcdSelect>
10000f3e:	466a      	mov	r2, sp
10000f40:	23c4      	movs	r3, #196	@ 0xc4
10000f42:	2001      	movs	r0, #1
10000f44:	71d3      	strb	r3, [r2, #7]
10000f46:	f7ff fa9b 	bl	10000480 <bspLcdSelect>
10000f4a:	2000      	movs	r0, #0
10000f4c:	f7ff fa6a 	bl	10000424 <bspLcdSetDc>
10000f50:	466b      	mov	r3, sp
10000f52:	2101      	movs	r1, #1
10000f54:	1dd8      	adds	r0, r3, #7
10000f56:	f7ff fa6f 	bl	10000438 <spi_write_bytes>
10000f5a:	2000      	movs	r0, #0
10000f5c:	f7ff fa90 	bl	10000480 <bspLcdSelect>
10000f60:	2001      	movs	r0, #1
10000f62:	f7ff fa8d 	bl	10000480 <bspLcdSelect>
10000f66:	2001      	movs	r0, #1
10000f68:	f7ff fa5c 	bl	10000424 <bspLcdSetDc>
10000f6c:	2102      	movs	r1, #2
10000f6e:	4885      	ldr	r0, [pc, #532]	@ (10001184 <panelInit+0x49c>)
10000f70:	f7ff fa62 	bl	10000438 <spi_write_bytes>
10000f74:	2000      	movs	r0, #0
10000f76:	f7ff fa83 	bl	10000480 <bspLcdSelect>
10000f7a:	466a      	mov	r2, sp
10000f7c:	23c5      	movs	r3, #197	@ 0xc5
10000f7e:	2001      	movs	r0, #1
10000f80:	71d3      	strb	r3, [r2, #7]
10000f82:	f7ff fa7d 	bl	10000480 <bspLcdSelect>
10000f86:	2000      	movs	r0, #0
10000f88:	f7ff fa4c 	bl	10000424 <bspLcdSetDc>
10000f8c:	466b      	mov	r3, sp
10000f8e:	2101      	movs	r1, #1
10000f90:	1dd8      	adds	r0, r3, #7
10000f92:	f7ff fa51 	bl	10000438 <spi_write_bytes>
10000f96:	2000      	movs	r0, #0
10000f98:	f7ff fa72 	bl	10000480 <bspLcdSelect>
10000f9c:	2001      	movs	r0, #1
10000f9e:	f7ff fa6f 	bl	10000480 <bspLcdSelect>
10000fa2:	2001      	movs	r0, #1
10000fa4:	f7ff fa3e 	bl	10000424 <bspLcdSetDc>
10000fa8:	2101      	movs	r1, #1
10000faa:	4877      	ldr	r0, [pc, #476]	@ (10001188 <panelInit+0x4a0>)
10000fac:	f7ff fa44 	bl	10000438 <spi_write_bytes>
10000fb0:	2000      	movs	r0, #0
10000fb2:	f7ff fa65 	bl	10000480 <bspLcdSelect>
10000fb6:	466a      	mov	r2, sp
10000fb8:	2320      	movs	r3, #32
10000fba:	2001      	movs	r0, #1
10000fbc:	71d3      	strb	r3, [r2, #7]
10000fbe:	f7ff fa5f 	bl	10000480 <bspLcdSelect>
10000fc2:	2000      	movs	r0, #0
10000fc4:	f7ff fa2e 	bl	10000424 <bspLcdSetDc>
10000fc8:	466b      	mov	r3, sp
10000fca:	2101      	movs	r1, #1
10000fcc:	1dd8      	adds	r0, r3, #7
10000fce:	f7ff fa33 	bl	10000438 <spi_write_bytes>
10000fd2:	2000      	movs	r0, #0
10000fd4:	f7ff fa54 	bl	10000480 <bspLcdSelect>
10000fd8:	2436      	movs	r4, #54	@ 0x36
10000fda:	466b      	mov	r3, sp
10000fdc:	2001      	movs	r0, #1
10000fde:	71dc      	strb	r4, [r3, #7]
10000fe0:	f7ff fa4e 	bl	10000480 <bspLcdSelect>
10000fe4:	2000      	movs	r0, #0
10000fe6:	f7ff fa1d 	bl	10000424 <bspLcdSetDc>
10000fea:	466b      	mov	r3, sp
10000fec:	2101      	movs	r1, #1
10000fee:	1dd8      	adds	r0, r3, #7
10000ff0:	f7ff fa22 	bl	10000438 <spi_write_bytes>
10000ff4:	2000      	movs	r0, #0
10000ff6:	f7ff fa43 	bl	10000480 <bspLcdSelect>
10000ffa:	2001      	movs	r0, #1
10000ffc:	f7ff fa40 	bl	10000480 <bspLcdSelect>
10001000:	2001      	movs	r0, #1
10001002:	f7ff fa0f 	bl	10000424 <bspLcdSetDc>
10001006:	2101      	movs	r1, #1
10001008:	4860      	ldr	r0, [pc, #384]	@ (1000118c <panelInit+0x4a4>)
1000100a:	f7ff fa15 	bl	10000438 <spi_write_bytes>
1000100e:	2000      	movs	r0, #0
10001010:	f7ff fa36 	bl	10000480 <bspLcdSelect>
10001014:	466a      	mov	r2, sp
10001016:	233a      	movs	r3, #58	@ 0x3a
10001018:	2001      	movs	r0, #1
1000101a:	71d3      	strb	r3, [r2, #7]
1000101c:	f7ff fa30 	bl	10000480 <bspLcdSelect>
10001020:	2000      	movs	r0, #0
10001022:	f7ff f9ff 	bl	10000424 <bspLcdSetDc>
10001026:	466b      	mov	r3, sp
10001028:	2101      	movs	r1, #1
1000102a:	1dd8      	adds	r0, r3, #7
1000102c:	f7ff fa04 	bl	10000438 <spi_write_bytes>
10001030:	2000      	movs	r0, #0
10001032:	f7ff fa25 	bl	10000480 <bspLcdSelect>
10001036:	2001      	movs	r0, #1
10001038:	f7ff fa22 	bl	10000480 <bspLcdSelect>
1000103c:	2001      	movs	r0, #1
1000103e:	f7ff f9f1 	bl	10000424 <bspLcdSetDc>
10001042:	2101      	movs	r1, #1
10001044:	4852      	ldr	r0, [pc, #328]	@ (10001190 <panelInit+0x4a8>)
10001046:	f7ff f9f7 	bl	10000438 <spi_write_bytes>
1000104a:	2000      	movs	r0, #0
1000104c:	f7ff fa18 	bl	10000480 <bspLcdSelect>
10001050:	219f      	movs	r1, #159	@ 0x9f
10001052:	207f      	movs	r0, #127	@ 0x7f
10001054:	f7ff fdec 	bl	10000c30 <setAddrWindow.constprop.0>
10001058:	466a      	mov	r2, sp
1000105a:	23e0      	movs	r3, #224	@ 0xe0
1000105c:	2001      	movs	r0, #1
1000105e:	71d3      	strb	r3, [r2, #7]
10001060:	f7ff fa0e 	bl	10000480 <bspLcdSelect>
10001064:	2000      	movs	r0, #0
10001066:	f7ff f9dd 	bl	10000424 <bspLcdSetDc>
1000106a:	466b      	mov	r3, sp
1000106c:	2101      	movs	r1, #1
1000106e:	1dd8      	adds	r0, r3, #7
10001070:	f7ff f9e2 	bl	10000438 <spi_write_bytes>
10001074:	2000      	movs	r0, #0
10001076:	f7ff fa03 	bl	10000480 <bspLcdSelect>
1000107a:	2001      	movs	r0, #1
1000107c:	f7ff fa00 	bl	10000480 <bspLcdSelect>
10001080:	2001      	movs	r0, #1
10001082:	f7ff f9cf 	bl	10000424 <bspLcdSetDc>
10001086:	2110      	movs	r1, #16
10001088:	4842      	ldr	r0, [pc, #264]	@ (10001194 <panelInit+0x4ac>)
1000108a:	f7ff f9d5 	bl	10000438 <spi_write_bytes>
1000108e:	2000      	movs	r0, #0
10001090:	f7ff f9f6 	bl	10000480 <bspLcdSelect>
10001094:	466a      	mov	r2, sp
10001096:	23e1      	movs	r3, #225	@ 0xe1
10001098:	2001      	movs	r0, #1
1000109a:	71d3      	strb	r3, [r2, #7]
1000109c:	f7ff f9f0 	bl	10000480 <bspLcdSelect>
100010a0:	2000      	movs	r0, #0
100010a2:	f7ff f9bf 	bl	10000424 <bspLcdSetDc>
100010a6:	466b      	mov	r3, sp
100010a8:	2101      	movs	r1, #1
100010aa:	1dd8      	adds	r0, r3, #7
100010ac:	f7ff f9c4 	bl	10000438 <spi_write_bytes>
100010b0:	2000      	movs	r0, #0
100010b2:	f7ff f9e5 	bl	10000480 <bspLcdSelect>
100010b6:	2001      	movs	r0, #1
100010b8:	f7ff f9e2 	bl	10000480 <bspLcdSelect>
100010bc:	2001      	movs	r0, #1
100010be:	f7ff f9b1 	bl	10000424 <bspLcdSetDc>
100010c2:	2110      	movs	r1, #16
100010c4:	4834      	ldr	r0, [pc, #208]	@ (10001198 <panelInit+0x4b0>)
100010c6:	f7ff f9b7 	bl	10000438 <spi_write_bytes>
100010ca:	2000      	movs	r0, #0
100010cc:	f7ff f9d8 	bl	10000480 <bspLcdSelect>
100010d0:	466a      	mov	r2, sp
100010d2:	2313      	movs	r3, #19
100010d4:	2001      	movs	r0, #1
100010d6:	71d3      	strb	r3, [r2, #7]
100010d8:	f7ff f9d2 	bl	10000480 <bspLcdSelect>
100010dc:	2000      	movs	r0, #0
100010de:	f7ff f9a1 	bl	10000424 <bspLcdSetDc>
100010e2:	466b      	mov	r3, sp
100010e4:	2101      	movs	r1, #1
100010e6:	1dd8      	adds	r0, r3, #7
100010e8:	f7ff f9a6 	bl	10000438 <spi_write_bytes>
100010ec:	2000      	movs	r0, #0
100010ee:	f7ff f9c7 	bl	10000480 <bspLcdSelect>
100010f2:	200a      	movs	r0, #10
100010f4:	f7ff f964 	bl	100003c0 <bspDelayMs>
100010f8:	466a      	mov	r2, sp
100010fa:	2329      	movs	r3, #41	@ 0x29
100010fc:	2001      	movs	r0, #1
100010fe:	71d3      	strb	r3, [r2, #7]
10001100:	f7ff f9be 	bl	10000480 <bspLcdSelect>
10001104:	2000      	movs	r0, #0
10001106:	f7ff f98d 	bl	10000424 <bspLcdSetDc>
1000110a:	466b      	mov	r3, sp
1000110c:	2101      	movs	r1, #1
1000110e:	1dd8      	adds	r0, r3, #7
10001110:	f7ff f992 	bl	10000438 <spi_write_bytes>
10001114:	2000      	movs	r0, #0
10001116:	f7ff f9b3 	bl	10000480 <bspLcdSelect>
1000111a:	2064      	movs	r0, #100	@ 0x64
1000111c:	f7ff f950 	bl	100003c0 <bspDelayMs>
10001120:	466b      	mov	r3, sp
10001122:	2001      	movs	r0, #1
10001124:	71dc      	strb	r4, [r3, #7]
10001126:	f7ff f9ab 	bl	10000480 <bspLcdSelect>
1000112a:	2000      	movs	r0, #0
1000112c:	f7ff f97a 	bl	10000424 <bspLcdSetDc>
10001130:	466b      	mov	r3, sp
10001132:	2101      	movs	r1, #1
10001134:	1dd8      	adds	r0, r3, #7
10001136:	f7ff f97f 	bl	10000438 <spi_write_bytes>
1000113a:	2000      	movs	r0, #0
1000113c:	f7ff f9a0 	bl	10000480 <bspLcdSelect>
10001140:	2001      	movs	r0, #1
10001142:	f7ff f99d 	bl	10000480 <bspLcdSelect>
10001146:	2001      	movs	r0, #1
10001148:	f7ff f96c 	bl	10000424 <bspLcdSetDc>
1000114c:	2101      	movs	r1, #1
1000114e:	4813      	ldr	r0, [pc, #76]	@ (1000119c <panelInit+0x4b4>)
10001150:	f7ff f972 	bl	10000438 <spi_write_bytes>
10001154:	2000      	movs	r0, #0
10001156:	f7ff f993 	bl	10000480 <bspLcdSelect>
1000115a:	217f      	movs	r1, #127	@ 0x7f
1000115c:	209f      	movs	r0, #159	@ 0x9f
1000115e:	f7ff fd67 	bl	10000c30 <setAddrWindow.constprop.0>
10001162:	b002      	add	sp, #8
10001164:	e01c      	b.n	100011a0 <panelInit+0x4b8>
10001166:	46c0      	nop			@ (mov r8, r8)
10001168:	10009b28 	.word	0x10009b28
1000116c:	10009b20 	.word	0x10009b20
10001170:	10009b1f 	.word	0x10009b1f
10001174:	10009b1c 	.word	0x10009b1c
10001178:	10009b1a 	.word	0x10009b1a
1000117c:	10009b18 	.word	0x10009b18
10001180:	10009b14 	.word	0x10009b14
10001184:	10009b10 	.word	0x10009b10
10001188:	10009b0e 	.word	0x10009b0e
1000118c:	10009b0d 	.word	0x10009b0d
10001190:	10009b0c 	.word	0x10009b0c
10001194:	10009afc 	.word	0x10009afc
10001198:	10009aec 	.word	0x10009aec
1000119c:	10009ae8 	.word	0x10009ae8
100011a0:	bd10      	pop	{r4, pc}
100011a2:	46c0      	nop			@ (mov r8, r8)

100011a4 <panelFlush>:
100011a4:	239f      	movs	r3, #159	@ 0x9f
100011a6:	b500      	push	{lr}
100011a8:	061b      	lsls	r3, r3, #24
100011aa:	b083      	sub	sp, #12
100011ac:	466a      	mov	r2, sp
100011ae:	9301      	str	r3, [sp, #4]
100011b0:	232a      	movs	r3, #42	@ 0x2a
100011b2:	2001      	movs	r0, #1
100011b4:	70d3      	strb	r3, [r2, #3]
100011b6:	f7ff f963 	bl	10000480 <bspLcdSelect>
100011ba:	2000      	movs	r0, #0
100011bc:	f7ff f932 	bl	10000424 <bspLcdSetDc>
100011c0:	466b      	mov	r3, sp
100011c2:	2101      	movs	r1, #1
100011c4:	1cd8      	adds	r0, r3, #3
100011c6:	f7ff f937 	bl	10000438 <spi_write_bytes>
100011ca:	2000      	movs	r0, #0
100011cc:	f7ff f958 	bl	10000480 <bspLcdSelect>
100011d0:	2001      	movs	r0, #1
100011d2:	f7ff f955 	bl	10000480 <bspLcdSelect>
100011d6:	2001      	movs	r0, #1
100011d8:	f7ff f924 	bl	10000424 <bspLcdSetDc>
100011dc:	2104      	movs	r1, #4
100011de:	a801      	add	r0, sp, #4
100011e0:	f7ff f92a 	bl	10000438 <spi_write_bytes>
100011e4:	2000      	movs	r0, #0
100011e6:	f7ff f94b 	bl	10000480 <bspLcdSelect>
100011ea:	23fe      	movs	r3, #254	@ 0xfe
100011ec:	05db      	lsls	r3, r3, #23
100011ee:	466a      	mov	r2, sp
100011f0:	9301      	str	r3, [sp, #4]
100011f2:	232b      	movs	r3, #43	@ 0x2b
100011f4:	2001      	movs	r0, #1
100011f6:	70d3      	strb	r3, [r2, #3]
100011f8:	f7ff f942 	bl	10000480 <bspLcdSelect>
100011fc:	2000      	movs	r0, #0
100011fe:	f7ff f911 	bl	10000424 <bspLcdSetDc>
10001202:	466b      	mov	r3, sp
10001204:	2101      	movs	r1, #1
10001206:	1cd8      	adds	r0, r3, #3
10001208:	f7ff f916 	bl	10000438 <spi_write_bytes>
1000120c:	2000      	movs	r0, #0
1000120e:	f7ff f937 	bl	10000480 <bspLcdSelect>
10001212:	2001      	movs	r0, #1
10001214:	f7ff f934 	bl	10000480 <bspLcdSelect>
10001218:	2001      	movs	r0, #1
1000121a:	f7ff f903 	bl	10000424 <bspLcdSetDc>
1000121e:	2104      	movs	r1, #4
10001220:	a801      	add	r0, sp, #4
10001222:	f7ff f909 	bl	10000438 <spi_write_bytes>
10001226:	2000      	movs	r0, #0
10001228:	f7ff f92a 	bl	10000480 <bspLcdSelect>
1000122c:	466a      	mov	r2, sp
1000122e:	232c      	movs	r3, #44	@ 0x2c
10001230:	2001      	movs	r0, #1
10001232:	70d3      	strb	r3, [r2, #3]
10001234:	f7ff f924 	bl	10000480 <bspLcdSelect>
10001238:	2000      	movs	r0, #0
1000123a:	f7ff f8f3 	bl	10000424 <bspLcdSetDc>
1000123e:	466b      	mov	r3, sp
10001240:	2101      	movs	r1, #1
10001242:	1cd8      	adds	r0, r3, #3
10001244:	f7ff f8f8 	bl	10000438 <spi_write_bytes>
10001248:	2000      	movs	r0, #0
1000124a:	f7ff f919 	bl	10000480 <bspLcdSelect>
1000124e:	2001      	movs	r0, #1
10001250:	f7ff f916 	bl	10000480 <bspLcdSelect>
10001254:	2001      	movs	r0, #1
10001256:	f7ff f8e5 	bl	10000424 <bspLcdSetDc>
1000125a:	21a0      	movs	r1, #160	@ 0xa0
1000125c:	4805      	ldr	r0, [pc, #20]	@ (10001274 <panelFlush+0xd0>)
1000125e:	0209      	lsls	r1, r1, #8
10001260:	f7ff f8f4 	bl	1000044c <bspLcdWriteDma>
10001264:	2000      	movs	r0, #0
10001266:	f7ff f90b 	bl	10000480 <bspLcdSelect>
1000126a:	2000      	movs	r0, #0
1000126c:	f7ff f8a8 	bl	100003c0 <bspDelayMs>
10001270:	b003      	add	sp, #12
10001272:	bd00      	pop	{pc}
10001274:	20001af0 	.word	0x20001af0

10001278 <drawPixel>:
10001278:	b530      	push	{r4, r5, lr}
1000127a:	2800      	cmp	r0, #0
1000127c:	db11      	blt.n	100012a2 <drawPixel+0x2a>
1000127e:	4b09      	ldr	r3, [pc, #36]	@ (100012a4 <drawPixel+0x2c>)
10001280:	2400      	movs	r4, #0
10001282:	5f1b      	ldrsh	r3, [r3, r4]
10001284:	4283      	cmp	r3, r0
10001286:	dd0c      	ble.n	100012a2 <drawPixel+0x2a>
10001288:	2900      	cmp	r1, #0
1000128a:	db0a      	blt.n	100012a2 <drawPixel+0x2a>
1000128c:	4c06      	ldr	r4, [pc, #24]	@ (100012a8 <drawPixel+0x30>)
1000128e:	2500      	movs	r5, #0
10001290:	5f64      	ldrsh	r4, [r4, r5]
10001292:	428c      	cmp	r4, r1
10001294:	dd05      	ble.n	100012a2 <drawPixel+0x2a>
10001296:	434b      	muls	r3, r1
10001298:	4c04      	ldr	r4, [pc, #16]	@ (100012ac <drawPixel+0x34>)
1000129a:	181b      	adds	r3, r3, r0
1000129c:	ba52      	rev16	r2, r2
1000129e:	005b      	lsls	r3, r3, #1
100012a0:	531a      	strh	r2, [r3, r4]
100012a2:	bd30      	pop	{r4, r5, pc}
100012a4:	20001030 	.word	0x20001030
100012a8:	2000102e 	.word	0x2000102e
100012ac:	20001af0 	.word	0x20001af0

100012b0 <captureDmaIrq>:
100012b0:	22a0      	movs	r2, #160	@ 0xa0
100012b2:	2102      	movs	r1, #2
100012b4:	4b05      	ldr	r3, [pc, #20]	@ (100012cc <captureDmaIrq+0x1c>)
100012b6:	05d2      	lsls	r2, r2, #23
100012b8:	58d0      	ldr	r0, [r2, r3]
100012ba:	4201      	tst	r1, r0
100012bc:	d004      	beq.n	100012c8 <captureDmaIrq+0x18>
100012be:	50d1      	str	r1, [r2, r3]
100012c0:	2201      	movs	r2, #1
100012c2:	4b03      	ldr	r3, [pc, #12]	@ (100012d0 <captureDmaIrq+0x20>)
100012c4:	701a      	strb	r2, [r3, #0]
100012c6:	bf40      	sev
100012c8:	4770      	bx	lr
100012ca:	46c0      	nop			@ (mov r8, r8)
100012cc:	0000041c 	.word	0x0000041c
100012d0:	2000bf6c 	.word	0x2000bf6c

100012d4 <scopeInit>:
100012d4:	2280      	movs	r2, #128	@ 0x80
100012d6:	b570      	push	{r4, r5, r6, lr}
100012d8:	0092      	lsls	r2, r2, #2
100012da:	2100      	movs	r1, #0
100012dc:	4832      	ldr	r0, [pc, #200]	@ (100013a8 <scopeInit+0xd4>)
100012de:	f003 fea1 	bl	10005024 <__wrap_memset>
100012e2:	f007 fe1b 	bl	10008f1c <adc_init>
100012e6:	211f      	movs	r1, #31
100012e8:	201a      	movs	r0, #26
100012ea:	f001 fb17 	bl	1000291c <gpio_set_function>
100012ee:	2200      	movs	r2, #0
100012f0:	2100      	movs	r1, #0
100012f2:	201a      	movs	r0, #26
100012f4:	f001 fb2c 	bl	10002950 <gpio_set_pulls>
100012f8:	2100      	movs	r1, #0
100012fa:	201a      	movs	r0, #26
100012fc:	f001 fb3c 	bl	10002978 <gpio_set_input_enabled>
10001300:	22e0      	movs	r2, #224	@ 0xe0
10001302:	4b2a      	ldr	r3, [pc, #168]	@ (100013ac <scopeInit+0xd8>)
10001304:	01d2      	lsls	r2, r2, #7
10001306:	681b      	ldr	r3, [r3, #0]
10001308:	2001      	movs	r0, #1
1000130a:	4013      	ands	r3, r2
1000130c:	4a28      	ldr	r2, [pc, #160]	@ (100013b0 <scopeInit+0xdc>)
1000130e:	6013      	str	r3, [r2, #0]
10001310:	4b28      	ldr	r3, [pc, #160]	@ (100013b4 <scopeInit+0xe0>)
10001312:	681a      	ldr	r2, [r3, #0]
10001314:	4b28      	ldr	r3, [pc, #160]	@ (100013b8 <scopeInit+0xe4>)
10001316:	4053      	eors	r3, r2
10001318:	4a28      	ldr	r2, [pc, #160]	@ (100013bc <scopeInit+0xe8>)
1000131a:	4013      	ands	r3, r2
1000131c:	4a28      	ldr	r2, [pc, #160]	@ (100013c0 <scopeInit+0xec>)
1000131e:	6013      	str	r3, [r2, #0]
10001320:	f007 fe18 	bl	10008f54 <dma_channel_claim>
10001324:	2202      	movs	r2, #2
10001326:	4b27      	ldr	r3, [pc, #156]	@ (100013c4 <scopeInit+0xf0>)
10001328:	200c      	movs	r0, #12
1000132a:	601a      	str	r2, [r3, #0]
1000132c:	4926      	ldr	r1, [pc, #152]	@ (100013c8 <scopeInit+0xf4>)
1000132e:	f001 fc53 	bl	10002bd8 <irq_set_exclusive_handler>
10001332:	2101      	movs	r1, #1
10001334:	200c      	movs	r0, #12
10001336:	f001 fc15 	bl	10002b64 <irq_set_enabled>
1000133a:	f7ff fcd5 	bl	10000ce8 <panelInit>
1000133e:	f000 fc6f 	bl	10001c20 <splash>
10001342:	4b22      	ldr	r3, [pc, #136]	@ (100013cc <scopeInit+0xf8>)
10001344:	4822      	ldr	r0, [pc, #136]	@ (100013d0 <scopeInit+0xfc>)
10001346:	6819      	ldr	r1, [r3, #0]
10001348:	f003 fd39 	bl	10004dbe <__wrap___aeabi_fdiv>
1000134c:	f003 fde6 	bl	10004f1c <__wrap___aeabi_f2uiz>
10001350:	4c20      	ldr	r4, [pc, #128]	@ (100013d4 <scopeInit+0x100>)
10001352:	6020      	str	r0, [r4, #0]
10001354:	2008      	movs	r0, #8
10001356:	f002 fc13 	bl	10003b80 <clock_get_hz>
1000135a:	0005      	movs	r5, r0
1000135c:	6821      	ldr	r1, [r4, #0]
1000135e:	0848      	lsrs	r0, r1, #1
10001360:	1940      	adds	r0, r0, r5
10001362:	f002 feab 	bl	100040bc <__wrap___aeabi_uidiv>
10001366:	0004      	movs	r4, r0
10001368:	2860      	cmp	r0, #96	@ 0x60
1000136a:	d200      	bcs.n	1000136e <scopeInit+0x9a>
1000136c:	2460      	movs	r4, #96	@ 0x60
1000136e:	1e60      	subs	r0, r4, #1
10001370:	f003 fd7b 	bl	10004e6a <__wrap___aeabi_ui2f>
10001374:	21ec      	movs	r1, #236	@ 0xec
10001376:	0589      	lsls	r1, r1, #22
10001378:	f003 fd1e 	bl	10004db8 <__wrap___aeabi_fadd>
1000137c:	2187      	movs	r1, #135	@ 0x87
1000137e:	05c9      	lsls	r1, r1, #23
10001380:	f003 fd31 	bl	10004de6 <__wrap___aeabi_fmul>
10001384:	f003 fdca 	bl	10004f1c <__wrap___aeabi_f2uiz>
10001388:	4b08      	ldr	r3, [pc, #32]	@ (100013ac <scopeInit+0xd8>)
1000138a:	0021      	movs	r1, r4
1000138c:	6118      	str	r0, [r3, #16]
1000138e:	0028      	movs	r0, r5
10001390:	f002 fe94 	bl	100040bc <__wrap___aeabi_uidiv>
10001394:	f003 fd69 	bl	10004e6a <__wrap___aeabi_ui2f>
10001398:	1c01      	adds	r1, r0, #0
1000139a:	480f      	ldr	r0, [pc, #60]	@ (100013d8 <scopeInit+0x104>)
1000139c:	f003 fd0f 	bl	10004dbe <__wrap___aeabi_fdiv>
100013a0:	4e0e      	ldr	r6, [pc, #56]	@ (100013dc <scopeInit+0x108>)
100013a2:	6030      	str	r0, [r6, #0]
100013a4:	bd70      	pop	{r4, r5, r6, pc}
100013a6:	46c0      	nop			@ (mov r8, r8)
100013a8:	20001784 	.word	0x20001784
100013ac:	4004c000 	.word	0x4004c000
100013b0:	4004d000 	.word	0x4004d000
100013b4:	4004c008 	.word	0x4004c008
100013b8:	01000009 	.word	0x01000009
100013bc:	0f00000f 	.word	0x0f00000f
100013c0:	4004d008 	.word	0x4004d008
100013c4:	50002414 	.word	0x50002414
100013c8:	100012b1 	.word	0x100012b1
100013cc:	20001038 	.word	0x20001038
100013d0:	4b742400 	.word	0x4b742400
100013d4:	2000bf2c 	.word	0x2000bf2c
100013d8:	49742400 	.word	0x49742400
100013dc:	2000bf28 	.word	0x2000bf28

100013e0 <sample>:
100013e0:	2280      	movs	r2, #128	@ 0x80
100013e2:	b5f8      	push	{r3, r4, r5, r6, r7, lr}
100013e4:	4937      	ldr	r1, [pc, #220]	@ (100014c4 <sample+0xe4>)
100013e6:	0052      	lsls	r2, r2, #1
100013e8:	680b      	ldr	r3, [r1, #0]
100013ea:	4213      	tst	r3, r2
100013ec:	d0fc      	beq.n	100013e8 <sample+0x8>
100013ee:	688b      	ldr	r3, [r1, #8]
100013f0:	4213      	tst	r3, r2
100013f2:	d106      	bne.n	10001402 <sample+0x22>
100013f4:	2180      	movs	r1, #128	@ 0x80
100013f6:	4b33      	ldr	r3, [pc, #204]	@ (100014c4 <sample+0xe4>)
100013f8:	0049      	lsls	r1, r1, #1
100013fa:	68da      	ldr	r2, [r3, #12]
100013fc:	689a      	ldr	r2, [r3, #8]
100013fe:	420a      	tst	r2, r1
10001400:	d0fb      	beq.n	100013fa <sample+0x1a>
10001402:	2300      	movs	r3, #0
10001404:	4d30      	ldr	r5, [pc, #192]	@ (100014c8 <sample+0xe8>)
10001406:	4a31      	ldr	r2, [pc, #196]	@ (100014cc <sample+0xec>)
10001408:	702b      	strb	r3, [r5, #0]
1000140a:	4b31      	ldr	r3, [pc, #196]	@ (100014d0 <sample+0xf0>)
1000140c:	4c31      	ldr	r4, [pc, #196]	@ (100014d4 <sample+0xf4>)
1000140e:	601a      	str	r2, [r3, #0]
10001410:	2280      	movs	r2, #128	@ 0x80
10001412:	0052      	lsls	r2, r2, #1
10001414:	605c      	str	r4, [r3, #4]
10001416:	609a      	str	r2, [r3, #8]
10001418:	4a2f      	ldr	r2, [pc, #188]	@ (100014d8 <sample+0xf8>)
1000141a:	2187      	movs	r1, #135	@ 0x87
1000141c:	60da      	str	r2, [r3, #12]
1000141e:	2208      	movs	r2, #8
10001420:	4b2e      	ldr	r3, [pc, #184]	@ (100014dc <sample+0xfc>)
10001422:	05c9      	lsls	r1, r1, #23
10001424:	601a      	str	r2, [r3, #0]
10001426:	4b2e      	ldr	r3, [pc, #184]	@ (100014e0 <sample+0x100>)
10001428:	4e2e      	ldr	r6, [pc, #184]	@ (100014e4 <sample+0x104>)
1000142a:	6818      	ldr	r0, [r3, #0]
1000142c:	f003 fcdb 	bl	10004de6 <__wrap___aeabi_fmul>
10001430:	f003 fd74 	bl	10004f1c <__wrap___aeabi_f2uiz>
10001434:	4b2c      	ldr	r3, [pc, #176]	@ (100014e8 <sample+0x108>)
10001436:	6ab7      	ldr	r7, [r6, #40]	@ 0x28
10001438:	469c      	mov	ip, r3
1000143a:	4467      	add	r7, ip
1000143c:	19c0      	adds	r0, r0, r7
1000143e:	e002      	b.n	10001446 <sample+0x66>
10001440:	6ab3      	ldr	r3, [r6, #40]	@ 0x28
10001442:	1a1b      	subs	r3, r3, r0
10001444:	d502      	bpl.n	1000144c <sample+0x6c>
10001446:	782b      	ldrb	r3, [r5, #0]
10001448:	2b00      	cmp	r3, #0
1000144a:	d0f9      	beq.n	10001440 <sample+0x60>
1000144c:	782b      	ldrb	r3, [r5, #0]
1000144e:	2108      	movs	r1, #8
10001450:	425a      	negs	r2, r3
10001452:	4153      	adcs	r3, r2
10001454:	4a25      	ldr	r2, [pc, #148]	@ (100014ec <sample+0x10c>)
10001456:	b2db      	uxtb	r3, r3
10001458:	7013      	strb	r3, [r2, #0]
1000145a:	4b25      	ldr	r3, [pc, #148]	@ (100014f0 <sample+0x110>)
1000145c:	6019      	str	r1, [r3, #0]
1000145e:	7813      	ldrb	r3, [r2, #0]
10001460:	2b00      	cmp	r3, #0
10001462:	d01d      	beq.n	100014a0 <sample+0xc0>
10001464:	22a0      	movs	r2, #160	@ 0xa0
10001466:	4b23      	ldr	r3, [pc, #140]	@ (100014f4 <sample+0x114>)
10001468:	3906      	subs	r1, #6
1000146a:	05d2      	lsls	r2, r2, #23
1000146c:	50d1      	str	r1, [r2, r3]
1000146e:	2180      	movs	r1, #128	@ 0x80
10001470:	0449      	lsls	r1, r1, #17
10001472:	6cd3      	ldr	r3, [r2, #76]	@ 0x4c
10001474:	420b      	tst	r3, r1
10001476:	d1fc      	bne.n	10001472 <sample+0x92>
10001478:	218b      	movs	r1, #139	@ 0x8b
1000147a:	4b1f      	ldr	r3, [pc, #124]	@ (100014f8 <sample+0x118>)
1000147c:	05c9      	lsls	r1, r1, #23
1000147e:	6818      	ldr	r0, [r3, #0]
10001480:	f003 fcb1 	bl	10004de6 <__wrap___aeabi_fmul>
10001484:	491d      	ldr	r1, [pc, #116]	@ (100014fc <sample+0x11c>)
10001486:	f003 fc9a 	bl	10004dbe <__wrap___aeabi_fdiv>
1000148a:	f003 fd47 	bl	10004f1c <__wrap___aeabi_f2uiz>
1000148e:	2280      	movs	r2, #128	@ 0x80
10001490:	0400      	lsls	r0, r0, #16
10001492:	0c03      	lsrs	r3, r0, #16
10001494:	0092      	lsls	r2, r2, #2
10001496:	4303      	orrs	r3, r0
10001498:	18a2      	adds	r2, r4, r2
1000149a:	c408      	stmia	r4!, {r3}
1000149c:	4294      	cmp	r4, r2
1000149e:	d1fc      	bne.n	1000149a <sample+0xba>
100014a0:	2280      	movs	r2, #128	@ 0x80
100014a2:	4908      	ldr	r1, [pc, #32]	@ (100014c4 <sample+0xe4>)
100014a4:	0052      	lsls	r2, r2, #1
100014a6:	680b      	ldr	r3, [r1, #0]
100014a8:	4213      	tst	r3, r2
100014aa:	d0fc      	beq.n	100014a6 <sample+0xc6>
100014ac:	688b      	ldr	r3, [r1, #8]
100014ae:	4213      	tst	r3, r2
100014b0:	d106      	bne.n	100014c0 <sample+0xe0>
100014b2:	2180      	movs	r1, #128	@ 0x80
100014b4:	4b03      	ldr	r3, [pc, #12]	@ (100014c4 <sample+0xe4>)
100014b6:	0049      	lsls	r1, r1, #1
100014b8:	68da      	ldr	r2, [r3, #12]
100014ba:	689a      	ldr	r2, [r3, #8]
100014bc:	420a      	tst	r2, r1
100014be:	d0fb      	beq.n	100014b8 <sample+0xd8>
100014c0:	bdf8      	pop	{r3, r4, r5, r6, r7, pc}
100014c2:	46c0      	nop			@ (mov r8, r8)
100014c4:	4004c000 	.word	0x4004c000
100014c8:	2000bf6c 	.word	0x2000bf6c
100014cc:	4004c00c 	.word	0x4004c00c
100014d0:	50000040 	.word	0x50000040
100014d4:	20001784 	.word	0x20001784
100014d8:	00120825 	.word	0x00120825
100014dc:	4004e000 	.word	0x4004e000
100014e0:	2000bf28 	.word	0x2000bf28
100014e4:	40054000 	.word	0x40054000
100014e8:	0000c350 	.word	0x0000c350
100014ec:	2000bf6d 	.word	0x2000bf6d
100014f0:	4004f000 	.word	0x4004f000
100014f4:	00000444 	.word	0x00000444
100014f8:	20001034 	.word	0x20001034
100014fc:	40533333 	.word	0x40533333

10001500 <scopeLoop>:
10001500:	b510      	push	{r4, lr}
10001502:	f7ff ff6d 	bl	100013e0 <sample>
10001506:	4808      	ldr	r0, [pc, #32]	@ (10001528 <scopeLoop+0x28>)
10001508:	f000 f9ee 	bl	100018e8 <findTrigger>
1000150c:	4b07      	ldr	r3, [pc, #28]	@ (1000152c <scopeLoop+0x2c>)
1000150e:	781b      	ldrb	r3, [r3, #0]
10001510:	2b00      	cmp	r3, #0
10001512:	d105      	bne.n	10001520 <scopeLoop+0x20>
10001514:	f001 f9c0 	bl	10002898 <ui>
10001518:	2000      	movs	r0, #0
1000151a:	f7fe ff67 	bl	100003ec <bspLedSet>
1000151e:	bd10      	pop	{r4, pc}
10001520:	2001      	movs	r0, #1
10001522:	f7fe ff63 	bl	100003ec <bspLedSet>
10001526:	e7f5      	b.n	10001514 <scopeLoop+0x14>
10001528:	20001784 	.word	0x20001784
1000152c:	2000bf75 	.word	0x2000bf75

10001530 <scopeSetTdiv>:
10001530:	b570      	push	{r4, r5, r6, lr}
10001532:	4c15      	ldr	r4, [pc, #84]	@ (10001588 <scopeSetTdiv+0x58>)
10001534:	6020      	str	r0, [r4, #0]
10001536:	2008      	movs	r0, #8
10001538:	f002 fb22 	bl	10003b80 <clock_get_hz>
1000153c:	0005      	movs	r5, r0
1000153e:	6821      	ldr	r1, [r4, #0]
10001540:	0848      	lsrs	r0, r1, #1
10001542:	1940      	adds	r0, r0, r5
10001544:	f002 fdba 	bl	100040bc <__wrap___aeabi_uidiv>
10001548:	0004      	movs	r4, r0
1000154a:	2860      	cmp	r0, #96	@ 0x60
1000154c:	d200      	bcs.n	10001550 <scopeSetTdiv+0x20>
1000154e:	2460      	movs	r4, #96	@ 0x60
10001550:	1e60      	subs	r0, r4, #1
10001552:	f003 fc8a 	bl	10004e6a <__wrap___aeabi_ui2f>
10001556:	21ec      	movs	r1, #236	@ 0xec
10001558:	0589      	lsls	r1, r1, #22
1000155a:	f003 fc2d 	bl	10004db8 <__wrap___aeabi_fadd>
1000155e:	2187      	movs	r1, #135	@ 0x87
10001560:	05c9      	lsls	r1, r1, #23
10001562:	f003 fc40 	bl	10004de6 <__wrap___aeabi_fmul>
10001566:	f003 fcd9 	bl	10004f1c <__wrap___aeabi_f2uiz>
1000156a:	4b08      	ldr	r3, [pc, #32]	@ (1000158c <scopeSetTdiv+0x5c>)
1000156c:	0021      	movs	r1, r4
1000156e:	6118      	str	r0, [r3, #16]
10001570:	0028      	movs	r0, r5
10001572:	f002 fda3 	bl	100040bc <__wrap___aeabi_uidiv>
10001576:	f003 fc78 	bl	10004e6a <__wrap___aeabi_ui2f>
1000157a:	1c01      	adds	r1, r0, #0
1000157c:	4804      	ldr	r0, [pc, #16]	@ (10001590 <scopeSetTdiv+0x60>)
1000157e:	f003 fc1e 	bl	10004dbe <__wrap___aeabi_fdiv>
10001582:	4e04      	ldr	r6, [pc, #16]	@ (10001594 <scopeSetTdiv+0x64>)
10001584:	6030      	str	r0, [r6, #0]
10001586:	bd70      	pop	{r4, r5, r6, pc}
10001588:	2000bf2c 	.word	0x2000bf2c
1000158c:	4004c000 	.word	0x4004c000
10001590:	49742400 	.word	0x49742400
10001594:	2000bf28 	.word	0x2000bf28

10001598 <scopeResetDevice>:
10001598:	b510      	push	{r4, lr}
1000159a:	f7ff fe03 	bl	100011a4 <panelFlush>
1000159e:	2032      	movs	r0, #50	@ 0x32
100015a0:	f7fe ff0e 	bl	100003c0 <bspDelayMs>
100015a4:	20fa      	movs	r0, #250	@ 0xfa
100015a6:	2101      	movs	r1, #1
100015a8:	0080      	lsls	r0, r0, #2
100015aa:	f002 fb41 	bl	10003c30 <watchdog_enable>
100015ae:	e7fe      	b.n	100015ae <scopeResetDevice+0x16>

100015b0 <bspUartRx>:
100015b0:	2873      	cmp	r0, #115	@ 0x73
100015b2:	d011      	beq.n	100015d8 <bspUartRx+0x28>
100015b4:	2853      	cmp	r0, #83	@ 0x53
100015b6:	d008      	beq.n	100015ca <bspUartRx+0x1a>
100015b8:	2846      	cmp	r0, #70	@ 0x46
100015ba:	d10c      	bne.n	100015d6 <bspUartRx+0x26>
100015bc:	2204      	movs	r2, #4
100015be:	4b08      	ldr	r3, [pc, #32]	@ (100015e0 <bspUartRx+0x30>)
100015c0:	701a      	strb	r2, [r3, #0]
100015c2:	4b08      	ldr	r3, [pc, #32]	@ (100015e4 <bspUartRx+0x34>)
100015c4:	3a03      	subs	r2, #3
100015c6:	701a      	strb	r2, [r3, #0]
100015c8:	e005      	b.n	100015d6 <bspUartRx+0x26>
100015ca:	2204      	movs	r2, #4
100015cc:	4b04      	ldr	r3, [pc, #16]	@ (100015e0 <bspUartRx+0x30>)
100015ce:	701a      	strb	r2, [r3, #0]
100015d0:	2200      	movs	r2, #0
100015d2:	4b04      	ldr	r3, [pc, #16]	@ (100015e4 <bspUartRx+0x34>)
100015d4:	701a      	strb	r2, [r3, #0]
100015d6:	4770      	bx	lr
100015d8:	2202      	movs	r2, #2
100015da:	4b01      	ldr	r3, [pc, #4]	@ (100015e0 <bspUartRx+0x30>)
100015dc:	701a      	strb	r2, [r3, #0]
100015de:	e7fa      	b.n	100015d6 <bspUartRx+0x26>
100015e0:	2000bf72 	.word	0x2000bf72
100015e4:	20001048 	.word	0x20001048

100015e8 <frontendVoltage>:
100015e8:	b570      	push	{r4, r5, r6, lr}
100015ea:	f003 f841 	bl	10004670 <__wrap___aeabi_i2d>
100015ee:	4a0d      	ldr	r2, [pc, #52]	@ (10001624 <frontendVoltage+0x3c>)
100015f0:	4b0d      	ldr	r3, [pc, #52]	@ (10001628 <frontendVoltage+0x40>)
100015f2:	f002 ffce 	bl	10004592 <__wrap___aeabi_dmul>
100015f6:	2200      	movs	r2, #0
100015f8:	4b0c      	ldr	r3, [pc, #48]	@ (1000162c <frontendVoltage+0x44>)
100015fa:	f002 ffca 	bl	10004592 <__wrap___aeabi_dmul>
100015fe:	4b0c      	ldr	r3, [pc, #48]	@ (10001630 <frontendVoltage+0x48>)
10001600:	0004      	movs	r4, r0
10001602:	6818      	ldr	r0, [r3, #0]
10001604:	000d      	movs	r5, r1
10001606:	f003 fc8f 	bl	10004f28 <__wrap___aeabi_f2d>
1000160a:	0002      	movs	r2, r0
1000160c:	000b      	movs	r3, r1
1000160e:	0020      	movs	r0, r4
10001610:	0029      	movs	r1, r5
10001612:	f002 ff8e 	bl	10004532 <__wrap___aeabi_dsub>
10001616:	0002      	movs	r2, r0
10001618:	000b      	movs	r3, r1
1000161a:	f002 ff93 	bl	10004544 <__wrap___aeabi_dadd>
1000161e:	f003 f86f 	bl	10004700 <__wrap___aeabi_d2f>
10001622:	bd70      	pop	{r4, r5, r6, pc}
10001624:	66666666 	.word	0x66666666
10001628:	400a6666 	.word	0x400a6666
1000162c:	3f300000 	.word	0x3f300000
10001630:	20001034 	.word	0x20001034

10001634 <adcToVoltage>:
10001634:	b510      	push	{r4, lr}
10001636:	f003 f81b 	bl	10004670 <__wrap___aeabi_i2d>
1000163a:	4a05      	ldr	r2, [pc, #20]	@ (10001650 <adcToVoltage+0x1c>)
1000163c:	4b05      	ldr	r3, [pc, #20]	@ (10001654 <adcToVoltage+0x20>)
1000163e:	f002 ffa8 	bl	10004592 <__wrap___aeabi_dmul>
10001642:	2200      	movs	r2, #0
10001644:	4b04      	ldr	r3, [pc, #16]	@ (10001658 <adcToVoltage+0x24>)
10001646:	f002 ffa4 	bl	10004592 <__wrap___aeabi_dmul>
1000164a:	f003 f859 	bl	10004700 <__wrap___aeabi_d2f>
1000164e:	bd10      	pop	{r4, pc}
10001650:	66666666 	.word	0x66666666
10001654:	400a6666 	.word	0x400a6666
10001658:	3f300000 	.word	0x3f300000

1000165c <traceScreen>:
1000165c:	b5f0      	push	{r4, r5, r6, r7, lr}
1000165e:	4657      	mov	r7, sl
10001660:	464e      	mov	r6, r9
10001662:	46de      	mov	lr, fp
10001664:	4645      	mov	r5, r8
10001666:	b5e0      	push	{r5, r6, r7, lr}
10001668:	2700      	movs	r7, #0
1000166a:	2601      	movs	r6, #1
1000166c:	b08b      	sub	sp, #44	@ 0x2c
1000166e:	2400      	movs	r4, #0
10001670:	b23d      	sxth	r5, r7
10001672:	b221      	sxth	r1, r4
10001674:	4226      	tst	r6, r4
10001676:	d100      	bne.n	1000167a <traceScreen+0x1e>
10001678:	e0f5      	b.n	10001866 <traceScreen+0x20a>
1000167a:	0028      	movs	r0, r5
1000167c:	4a8a      	ldr	r2, [pc, #552]	@ (100018a8 <traceScreen+0x24c>)
1000167e:	3401      	adds	r4, #1
10001680:	f7ff fdfa 	bl	10001278 <drawPixel>
10001684:	2c60      	cmp	r4, #96	@ 0x60
10001686:	d1f4      	bne.n	10001672 <traceScreen+0x16>
10001688:	3710      	adds	r7, #16
1000168a:	2f80      	cmp	r7, #128	@ 0x80
1000168c:	d1ef      	bne.n	1000166e <traceScreen+0x12>
1000168e:	2700      	movs	r7, #0
10001690:	2601      	movs	r6, #1
10001692:	2400      	movs	r4, #0
10001694:	b23d      	sxth	r5, r7
10001696:	b220      	sxth	r0, r4
10001698:	4226      	tst	r6, r4
1000169a:	d100      	bne.n	1000169e <traceScreen+0x42>
1000169c:	e0dd      	b.n	1000185a <traceScreen+0x1fe>
1000169e:	0029      	movs	r1, r5
100016a0:	4a81      	ldr	r2, [pc, #516]	@ (100018a8 <traceScreen+0x24c>)
100016a2:	3401      	adds	r4, #1
100016a4:	f7ff fde8 	bl	10001278 <drawPixel>
100016a8:	2c80      	cmp	r4, #128	@ 0x80
100016aa:	d1f4      	bne.n	10001696 <traceScreen+0x3a>
100016ac:	3710      	adds	r7, #16
100016ae:	2f60      	cmp	r7, #96	@ 0x60
100016b0:	d1ef      	bne.n	10001692 <traceScreen+0x36>
100016b2:	4b7e      	ldr	r3, [pc, #504]	@ (100018ac <traceScreen+0x250>)
100016b4:	681f      	ldr	r7, [r3, #0]
100016b6:	4b7e      	ldr	r3, [pc, #504]	@ (100018b0 <traceScreen+0x254>)
100016b8:	681e      	ldr	r6, [r3, #0]
100016ba:	469b      	mov	fp, r3
100016bc:	0030      	movs	r0, r6
100016be:	f002 ffd7 	bl	10004670 <__wrap___aeabi_i2d>
100016c2:	4a7c      	ldr	r2, [pc, #496]	@ (100018b4 <traceScreen+0x258>)
100016c4:	4b7c      	ldr	r3, [pc, #496]	@ (100018b8 <traceScreen+0x25c>)
100016c6:	f002 ff64 	bl	10004592 <__wrap___aeabi_dmul>
100016ca:	000d      	movs	r5, r1
100016cc:	0004      	movs	r4, r0
100016ce:	f003 f817 	bl	10004700 <__wrap___aeabi_d2f>
100016d2:	4b7a      	ldr	r3, [pc, #488]	@ (100018bc <traceScreen+0x260>)
100016d4:	9003      	str	r0, [sp, #12]
100016d6:	6018      	str	r0, [r3, #0]
100016d8:	4699      	mov	r9, r3
100016da:	2380      	movs	r3, #128	@ 0x80
100016dc:	061b      	lsls	r3, r3, #24
100016de:	18e9      	adds	r1, r5, r3
100016e0:	0020      	movs	r0, r4
100016e2:	f003 f80d 	bl	10004700 <__wrap___aeabi_d2f>
100016e6:	4b76      	ldr	r3, [pc, #472]	@ (100018c0 <traceScreen+0x264>)
100016e8:	043d      	lsls	r5, r7, #16
100016ea:	469a      	mov	sl, r3
100016ec:	6018      	str	r0, [r3, #0]
100016ee:	23ff      	movs	r3, #255	@ 0xff
100016f0:	0c2d      	lsrs	r5, r5, #16
100016f2:	1b5b      	subs	r3, r3, r5
100016f4:	9004      	str	r0, [sp, #16]
100016f6:	9305      	str	r3, [sp, #20]
100016f8:	2b7f      	cmp	r3, #127	@ 0x7f
100016fa:	dd01      	ble.n	10001700 <traceScreen+0xa4>
100016fc:	227f      	movs	r2, #127	@ 0x7f
100016fe:	9205      	str	r2, [sp, #20]
10001700:	4a70      	ldr	r2, [pc, #448]	@ (100018c4 <traceScreen+0x268>)
10001702:	0011      	movs	r1, r2
10001704:	9208      	str	r2, [sp, #32]
10001706:	2200      	movs	r2, #0
10001708:	700a      	strb	r2, [r1, #0]
1000170a:	496f      	ldr	r1, [pc, #444]	@ (100018c8 <traceScreen+0x26c>)
1000170c:	9109      	str	r1, [sp, #36]	@ 0x24
1000170e:	700a      	strb	r2, [r1, #0]
10001710:	2b00      	cmp	r3, #0
10001712:	dc00      	bgt.n	10001716 <traceScreen+0xba>
10001714:	e0c0      	b.n	10001898 <traceScreen+0x23c>
10001716:	4b6d      	ldr	r3, [pc, #436]	@ (100018cc <traceScreen+0x270>)
10001718:	006d      	lsls	r5, r5, #1
1000171a:	18ed      	adds	r5, r5, r3
1000171c:	4b6c      	ldr	r3, [pc, #432]	@ (100018d0 <traceScreen+0x274>)
1000171e:	2400      	movs	r4, #0
10001720:	9306      	str	r3, [sp, #24]
10001722:	4b6c      	ldr	r3, [pc, #432]	@ (100018d4 <traceScreen+0x278>)
10001724:	46a8      	mov	r8, r5
10001726:	9307      	str	r3, [sp, #28]
10001728:	4653      	mov	r3, sl
1000172a:	0030      	movs	r0, r6
1000172c:	46da      	mov	sl, fp
1000172e:	46cb      	mov	fp, r9
10001730:	4699      	mov	r9, r3
10001732:	f003 fb9f 	bl	10004e74 <__wrap___aeabi_i2f>
10001736:	9b06      	ldr	r3, [sp, #24]
10001738:	1c05      	adds	r5, r0, #0
1000173a:	6818      	ldr	r0, [r3, #0]
1000173c:	f003 fbf4 	bl	10004f28 <__wrap___aeabi_f2d>
10001740:	4643      	mov	r3, r8
10001742:	0006      	movs	r6, r0
10001744:	000f      	movs	r7, r1
10001746:	8818      	ldrh	r0, [r3, #0]
10001748:	f002 ff92 	bl	10004670 <__wrap___aeabi_i2d>
1000174c:	4a59      	ldr	r2, [pc, #356]	@ (100018b4 <traceScreen+0x258>)
1000174e:	4b62      	ldr	r3, [pc, #392]	@ (100018d8 <traceScreen+0x27c>)
10001750:	f002 ff1f 	bl	10004592 <__wrap___aeabi_dmul>
10001754:	2200      	movs	r2, #0
10001756:	4b61      	ldr	r3, [pc, #388]	@ (100018dc <traceScreen+0x280>)
10001758:	f002 ff1b 	bl	10004592 <__wrap___aeabi_dmul>
1000175c:	0032      	movs	r2, r6
1000175e:	003b      	movs	r3, r7
10001760:	f002 fee7 	bl	10004532 <__wrap___aeabi_dsub>
10001764:	0002      	movs	r2, r0
10001766:	000b      	movs	r3, r1
10001768:	f002 feec 	bl	10004544 <__wrap___aeabi_dadd>
1000176c:	f002 ffc8 	bl	10004700 <__wrap___aeabi_d2f>
10001770:	1c29      	adds	r1, r5, #0
10001772:	f003 fb38 	bl	10004de6 <__wrap___aeabi_fmul>
10001776:	4643      	mov	r3, r8
10001778:	9002      	str	r0, [sp, #8]
1000177a:	8858      	ldrh	r0, [r3, #2]
1000177c:	f002 ff78 	bl	10004670 <__wrap___aeabi_i2d>
10001780:	4a4c      	ldr	r2, [pc, #304]	@ (100018b4 <traceScreen+0x258>)
10001782:	4b55      	ldr	r3, [pc, #340]	@ (100018d8 <traceScreen+0x27c>)
10001784:	f002 ff05 	bl	10004592 <__wrap___aeabi_dmul>
10001788:	2200      	movs	r2, #0
1000178a:	4b54      	ldr	r3, [pc, #336]	@ (100018dc <traceScreen+0x280>)
1000178c:	f002 ff01 	bl	10004592 <__wrap___aeabi_dmul>
10001790:	0032      	movs	r2, r6
10001792:	003b      	movs	r3, r7
10001794:	f002 fecd 	bl	10004532 <__wrap___aeabi_dsub>
10001798:	0002      	movs	r2, r0
1000179a:	000b      	movs	r3, r1
1000179c:	f002 fed2 	bl	10004544 <__wrap___aeabi_dadd>
100017a0:	f002 ffae 	bl	10004700 <__wrap___aeabi_d2f>
100017a4:	1c29      	adds	r1, r5, #0
100017a6:	f003 fb1e 	bl	10004de6 <__wrap___aeabi_fmul>
100017aa:	9903      	ldr	r1, [sp, #12]
100017ac:	1c05      	adds	r5, r0, #0
100017ae:	f003 fb57 	bl	10004e60 <__wrap___aeabi_fcmpgt>
100017b2:	2800      	cmp	r0, #0
100017b4:	d001      	beq.n	100017ba <traceScreen+0x15e>
100017b6:	465b      	mov	r3, fp
100017b8:	601d      	str	r5, [r3, #0]
100017ba:	9904      	ldr	r1, [sp, #16]
100017bc:	1c28      	adds	r0, r5, #0
100017be:	f003 fb41 	bl	10004e44 <__wrap___aeabi_fcmplt>
100017c2:	2800      	cmp	r0, #0
100017c4:	d001      	beq.n	100017ca <traceScreen+0x16e>
100017c6:	464b      	mov	r3, r9
100017c8:	601d      	str	r5, [r3, #0]
100017ca:	2183      	movs	r1, #131	@ 0x83
100017cc:	9b07      	ldr	r3, [sp, #28]
100017ce:	05c9      	lsls	r1, r1, #23
100017d0:	681e      	ldr	r6, [r3, #0]
100017d2:	9802      	ldr	r0, [sp, #8]
100017d4:	f003 fb07 	bl	10004de6 <__wrap___aeabi_fmul>
100017d8:	1c31      	adds	r1, r6, #0
100017da:	f003 faf0 	bl	10004dbe <__wrap___aeabi_fdiv>
100017de:	1c01      	adds	r1, r0, #0
100017e0:	483f      	ldr	r0, [pc, #252]	@ (100018e0 <traceScreen+0x284>)
100017e2:	f003 fae6 	bl	10004db2 <__wrap___aeabi_fsub>
100017e6:	f003 fb67 	bl	10004eb8 <__wrap___aeabi_f2iz>
100017ea:	2183      	movs	r1, #131	@ 0x83
100017ec:	b207      	sxth	r7, r0
100017ee:	05c9      	lsls	r1, r1, #23
100017f0:	1c28      	adds	r0, r5, #0
100017f2:	f003 faf8 	bl	10004de6 <__wrap___aeabi_fmul>
100017f6:	1c31      	adds	r1, r6, #0
100017f8:	f003 fae1 	bl	10004dbe <__wrap___aeabi_fdiv>
100017fc:	1c01      	adds	r1, r0, #0
100017fe:	4838      	ldr	r0, [pc, #224]	@ (100018e0 <traceScreen+0x284>)
10001800:	f003 fad7 	bl	10004db2 <__wrap___aeabi_fsub>
10001804:	f003 fb58 	bl	10004eb8 <__wrap___aeabi_f2iz>
10001808:	b203      	sxth	r3, r0
1000180a:	2f5f      	cmp	r7, #95	@ 0x5f
1000180c:	dd31      	ble.n	10001872 <traceScreen+0x216>
1000180e:	2101      	movs	r1, #1
10001810:	9a09      	ldr	r2, [sp, #36]	@ 0x24
10001812:	275f      	movs	r7, #95	@ 0x5f
10001814:	7011      	strb	r1, [r2, #0]
10001816:	2b5f      	cmp	r3, #95	@ 0x5f
10001818:	dc1d      	bgt.n	10001856 <traceScreen+0x1fa>
1000181a:	2b00      	cmp	r3, #0
1000181c:	da03      	bge.n	10001826 <traceScreen+0x1ca>
1000181e:	2201      	movs	r2, #1
10001820:	9b08      	ldr	r3, [sp, #32]
10001822:	701a      	strb	r2, [r3, #0]
10001824:	2300      	movs	r3, #0
10001826:	492f      	ldr	r1, [pc, #188]	@ (100018e4 <traceScreen+0x288>)
10001828:	1c65      	adds	r5, r4, #1
1000182a:	b220      	sxth	r0, r4
1000182c:	9100      	str	r1, [sp, #0]
1000182e:	b22a      	sxth	r2, r5
10001830:	0039      	movs	r1, r7
10001832:	f7ff f973 	bl	10000b1c <drawLine>
10001836:	2302      	movs	r3, #2
10001838:	469c      	mov	ip, r3
1000183a:	9b05      	ldr	r3, [sp, #20]
1000183c:	002c      	movs	r4, r5
1000183e:	44e0      	add	r8, ip
10001840:	42ab      	cmp	r3, r5
10001842:	dd29      	ble.n	10001898 <traceScreen+0x23c>
10001844:	4653      	mov	r3, sl
10001846:	6818      	ldr	r0, [r3, #0]
10001848:	465b      	mov	r3, fp
1000184a:	681b      	ldr	r3, [r3, #0]
1000184c:	9303      	str	r3, [sp, #12]
1000184e:	464b      	mov	r3, r9
10001850:	681b      	ldr	r3, [r3, #0]
10001852:	9304      	str	r3, [sp, #16]
10001854:	e76d      	b.n	10001732 <traceScreen+0xd6>
10001856:	235f      	movs	r3, #95	@ 0x5f
10001858:	e7e5      	b.n	10001826 <traceScreen+0x1ca>
1000185a:	2200      	movs	r2, #0
1000185c:	0029      	movs	r1, r5
1000185e:	f7ff fd0b 	bl	10001278 <drawPixel>
10001862:	3401      	adds	r4, #1
10001864:	e717      	b.n	10001696 <traceScreen+0x3a>
10001866:	2200      	movs	r2, #0
10001868:	0028      	movs	r0, r5
1000186a:	f7ff fd05 	bl	10001278 <drawPixel>
1000186e:	3401      	adds	r4, #1
10001870:	e6ff      	b.n	10001672 <traceScreen+0x16>
10001872:	2b5f      	cmp	r3, #95	@ 0x5f
10001874:	dd09      	ble.n	1000188a <traceScreen+0x22e>
10001876:	2301      	movs	r3, #1
10001878:	9a09      	ldr	r2, [sp, #36]	@ 0x24
1000187a:	7013      	strb	r3, [r2, #0]
1000187c:	2f00      	cmp	r7, #0
1000187e:	daea      	bge.n	10001856 <traceScreen+0x1fa>
10001880:	9a08      	ldr	r2, [sp, #32]
10001882:	2700      	movs	r7, #0
10001884:	7013      	strb	r3, [r2, #0]
10001886:	335e      	adds	r3, #94	@ 0x5e
10001888:	e7cd      	b.n	10001826 <traceScreen+0x1ca>
1000188a:	2f00      	cmp	r7, #0
1000188c:	dac5      	bge.n	1000181a <traceScreen+0x1be>
1000188e:	2101      	movs	r1, #1
10001890:	9a08      	ldr	r2, [sp, #32]
10001892:	2700      	movs	r7, #0
10001894:	7011      	strb	r1, [r2, #0]
10001896:	e7c0      	b.n	1000181a <traceScreen+0x1be>
10001898:	b00b      	add	sp, #44	@ 0x2c
1000189a:	bcf0      	pop	{r4, r5, r6, r7}
1000189c:	46bb      	mov	fp, r7
1000189e:	46b2      	mov	sl, r6
100018a0:	46a9      	mov	r9, r5
100018a2:	46a0      	mov	r8, r4
100018a4:	bdf0      	pop	{r4, r5, r6, r7, pc}
100018a6:	46c0      	nop			@ (mov r8, r8)
100018a8:	0000ffff 	.word	0x0000ffff
100018ac:	2000bf40 	.word	0x2000bf40
100018b0:	20001044 	.word	0x20001044
100018b4:	66666666 	.word	0x66666666
100018b8:	c00a6666 	.word	0xc00a6666
100018bc:	2000bef8 	.word	0x2000bef8
100018c0:	2000bf00 	.word	0x2000bf00
100018c4:	2000bf74 	.word	0x2000bf74
100018c8:	2000bf6b 	.word	0x2000bf6b
100018cc:	20001784 	.word	0x20001784
100018d0:	20001034 	.word	0x20001034
100018d4:	20001040 	.word	0x20001040
100018d8:	400a6666 	.word	0x400a6666
100018dc:	3f300000 	.word	0x3f300000
100018e0:	423c0000 	.word	0x423c0000
100018e4:	0000ffe0 	.word	0x0000ffe0

100018e8 <findTrigger>:
100018e8:	b5f0      	push	{r4, r5, r6, r7, lr}
100018ea:	46de      	mov	lr, fp
100018ec:	464e      	mov	r6, r9
100018ee:	4657      	mov	r7, sl
100018f0:	4645      	mov	r5, r8
100018f2:	b5e0      	push	{r5, r6, r7, lr}
100018f4:	4b71      	ldr	r3, [pc, #452]	@ (10001abc <findTrigger+0x1d4>)
100018f6:	b083      	sub	sp, #12
100018f8:	0006      	movs	r6, r0
100018fa:	6818      	ldr	r0, [r3, #0]
100018fc:	f003 fb14 	bl	10004f28 <__wrap___aeabi_f2d>
10001900:	4b6f      	ldr	r3, [pc, #444]	@ (10001ac0 <findTrigger+0x1d8>)
10001902:	0004      	movs	r4, r0
10001904:	6818      	ldr	r0, [r3, #0]
10001906:	000d      	movs	r5, r1
10001908:	f002 feb2 	bl	10004670 <__wrap___aeabi_i2d>
1000190c:	0002      	movs	r2, r0
1000190e:	000b      	movs	r3, r1
10001910:	f002 fe18 	bl	10004544 <__wrap___aeabi_dadd>
10001914:	0002      	movs	r2, r0
10001916:	000b      	movs	r3, r1
10001918:	0020      	movs	r0, r4
1000191a:	0029      	movs	r1, r5
1000191c:	f002 fe1b 	bl	10004556 <__wrap___aeabi_ddiv>
10001920:	4b68      	ldr	r3, [pc, #416]	@ (10001ac4 <findTrigger+0x1dc>)
10001922:	0004      	movs	r4, r0
10001924:	6818      	ldr	r0, [r3, #0]
10001926:	000d      	movs	r5, r1
10001928:	f003 fafe 	bl	10004f28 <__wrap___aeabi_f2d>
1000192c:	0002      	movs	r2, r0
1000192e:	000b      	movs	r3, r1
10001930:	0020      	movs	r0, r4
10001932:	0029      	movs	r1, r5
10001934:	f002 fe06 	bl	10004544 <__wrap___aeabi_dadd>
10001938:	2200      	movs	r2, #0
1000193a:	4b63      	ldr	r3, [pc, #396]	@ (10001ac8 <findTrigger+0x1e0>)
1000193c:	f002 fe29 	bl	10004592 <__wrap___aeabi_dmul>
10001940:	4a62      	ldr	r2, [pc, #392]	@ (10001acc <findTrigger+0x1e4>)
10001942:	4b63      	ldr	r3, [pc, #396]	@ (10001ad0 <findTrigger+0x1e8>)
10001944:	f002 fe07 	bl	10004556 <__wrap___aeabi_ddiv>
10001948:	f002 feaa 	bl	100046a0 <__wrap___aeabi_d2iz>
1000194c:	4b61      	ldr	r3, [pc, #388]	@ (10001ad4 <findTrigger+0x1ec>)
1000194e:	4962      	ldr	r1, [pc, #392]	@ (10001ad8 <findTrigger+0x1f0>)
10001950:	4699      	mov	r9, r3
10001952:	2300      	movs	r3, #0
10001954:	464a      	mov	r2, r9
10001956:	700b      	strb	r3, [r1, #0]
10001958:	6013      	str	r3, [r2, #0]
1000195a:	2300      	movs	r3, #0
1000195c:	4d5f      	ldr	r5, [pc, #380]	@ (10001adc <findTrigger+0x1f4>)
1000195e:	0007      	movs	r7, r0
10001960:	602b      	str	r3, [r5, #0]
10001962:	4b5f      	ldr	r3, [pc, #380]	@ (10001ae0 <findTrigger+0x1f8>)
10001964:	8832      	ldrh	r2, [r6, #0]
10001966:	781b      	ldrb	r3, [r3, #0]
10001968:	2b01      	cmp	r3, #1
1000196a:	d03d      	beq.n	100019e8 <findTrigger+0x100>
1000196c:	3720      	adds	r7, #32
1000196e:	2401      	movs	r4, #1
10001970:	4297      	cmp	r7, r2
10001972:	da37      	bge.n	100019e4 <findTrigger+0xfc>
10001974:	0032      	movs	r2, r6
10001976:	2600      	movs	r6, #0
10001978:	2300      	movs	r3, #0
1000197a:	468c      	mov	ip, r1
1000197c:	46ab      	mov	fp, r5
1000197e:	0031      	movs	r1, r6
10001980:	0005      	movs	r5, r0
10001982:	003e      	movs	r6, r7
10001984:	0027      	movs	r7, r4
10001986:	469a      	mov	sl, r3
10001988:	4698      	mov	r8, r3
1000198a:	3301      	adds	r3, #1
1000198c:	8850      	ldrh	r0, [r2, #2]
1000198e:	4285      	cmp	r5, r0
10001990:	db13      	blt.n	100019ba <findTrigger+0xd2>
10001992:	8814      	ldrh	r4, [r2, #0]
10001994:	42a5      	cmp	r5, r4
10001996:	da10      	bge.n	100019ba <findTrigger+0xd2>
10001998:	2f00      	cmp	r7, #0
1000199a:	d00e      	beq.n	100019ba <findTrigger+0xd2>
1000199c:	4640      	mov	r0, r8
1000199e:	2800      	cmp	r0, #0
100019a0:	d13e      	bne.n	10001a20 <findTrigger+0x138>
100019a2:	1c59      	adds	r1, r3, #1
100019a4:	3202      	adds	r2, #2
100019a6:	2b7f      	cmp	r3, #127	@ 0x7f
100019a8:	d100      	bne.n	100019ac <findTrigger+0xc4>
100019aa:	e074      	b.n	10001a96 <findTrigger+0x1ae>
100019ac:	9301      	str	r3, [sp, #4]
100019ae:	000b      	movs	r3, r1
100019b0:	2101      	movs	r1, #1
100019b2:	2700      	movs	r7, #0
100019b4:	4688      	mov	r8, r1
100019b6:	468a      	mov	sl, r1
100019b8:	8850      	ldrh	r0, [r2, #2]
100019ba:	2401      	movs	r4, #1
100019bc:	4286      	cmp	r6, r0
100019be:	db00      	blt.n	100019c2 <findTrigger+0xda>
100019c0:	2400      	movs	r4, #0
100019c2:	3301      	adds	r3, #1
100019c4:	4327      	orrs	r7, r4
100019c6:	3202      	adds	r2, #2
100019c8:	2b80      	cmp	r3, #128	@ 0x80
100019ca:	d1df      	bne.n	1000198c <findTrigger+0xa4>
100019cc:	1e0e      	subs	r6, r1, #0
100019ce:	4661      	mov	r1, ip
100019d0:	d002      	beq.n	100019d8 <findTrigger+0xf0>
100019d2:	464b      	mov	r3, r9
100019d4:	9a01      	ldr	r2, [sp, #4]
100019d6:	601a      	str	r2, [r3, #0]
100019d8:	4653      	mov	r3, sl
100019da:	2b00      	cmp	r3, #0
100019dc:	d03b      	beq.n	10001a56 <findTrigger+0x16e>
100019de:	4643      	mov	r3, r8
100019e0:	700b      	strb	r3, [r1, #0]
100019e2:	e038      	b.n	10001a56 <findTrigger+0x16e>
100019e4:	2400      	movs	r4, #0
100019e6:	e7c5      	b.n	10001974 <findTrigger+0x8c>
100019e8:	3f20      	subs	r7, #32
100019ea:	2401      	movs	r4, #1
100019ec:	4297      	cmp	r7, r2
100019ee:	dc00      	bgt.n	100019f2 <findTrigger+0x10a>
100019f0:	2400      	movs	r4, #0
100019f2:	0032      	movs	r2, r6
100019f4:	2600      	movs	r6, #0
100019f6:	2300      	movs	r3, #0
100019f8:	468c      	mov	ip, r1
100019fa:	46ab      	mov	fp, r5
100019fc:	0031      	movs	r1, r6
100019fe:	0005      	movs	r5, r0
10001a00:	003e      	movs	r6, r7
10001a02:	0027      	movs	r7, r4
10001a04:	469a      	mov	sl, r3
10001a06:	4698      	mov	r8, r3
10001a08:	3301      	adds	r3, #1
10001a0a:	8850      	ldrh	r0, [r2, #2]
10001a0c:	4285      	cmp	r5, r0
10001a0e:	dc35      	bgt.n	10001a7c <findTrigger+0x194>
10001a10:	8814      	ldrh	r4, [r2, #0]
10001a12:	42ac      	cmp	r4, r5
10001a14:	da32      	bge.n	10001a7c <findTrigger+0x194>
10001a16:	2f00      	cmp	r7, #0
10001a18:	d030      	beq.n	10001a7c <findTrigger+0x194>
10001a1a:	4640      	mov	r0, r8
10001a1c:	2800      	cmp	r0, #0
10001a1e:	d021      	beq.n	10001a64 <findTrigger+0x17c>
10001a20:	000e      	movs	r6, r1
10001a22:	465d      	mov	r5, fp
10001a24:	4661      	mov	r1, ip
10001a26:	2b7f      	cmp	r3, #127	@ 0x7f
10001a28:	d03c      	beq.n	10001aa4 <findTrigger+0x1bc>
10001a2a:	2e00      	cmp	r6, #0
10001a2c:	d030      	beq.n	10001a90 <findTrigger+0x1a8>
10001a2e:	464a      	mov	r2, r9
10001a30:	9801      	ldr	r0, [sp, #4]
10001a32:	6010      	str	r0, [r2, #0]
10001a34:	2202      	movs	r2, #2
10001a36:	700a      	strb	r2, [r1, #0]
10001a38:	9a01      	ldr	r2, [sp, #4]
10001a3a:	1a98      	subs	r0, r3, r2
10001a3c:	f003 fa1a 	bl	10004e74 <__wrap___aeabi_i2f>
10001a40:	4b28      	ldr	r3, [pc, #160]	@ (10001ae4 <findTrigger+0x1fc>)
10001a42:	6819      	ldr	r1, [r3, #0]
10001a44:	f003 f9cf 	bl	10004de6 <__wrap___aeabi_fmul>
10001a48:	4b27      	ldr	r3, [pc, #156]	@ (10001ae8 <findTrigger+0x200>)
10001a4a:	1c01      	adds	r1, r0, #0
10001a4c:	6018      	str	r0, [r3, #0]
10001a4e:	4827      	ldr	r0, [pc, #156]	@ (10001aec <findTrigger+0x204>)
10001a50:	f003 f9b5 	bl	10004dbe <__wrap___aeabi_fdiv>
10001a54:	6028      	str	r0, [r5, #0]
10001a56:	b003      	add	sp, #12
10001a58:	bcf0      	pop	{r4, r5, r6, r7}
10001a5a:	46bb      	mov	fp, r7
10001a5c:	46b2      	mov	sl, r6
10001a5e:	46a9      	mov	r9, r5
10001a60:	46a0      	mov	r8, r4
10001a62:	bdf0      	pop	{r4, r5, r6, r7, pc}
10001a64:	1c5c      	adds	r4, r3, #1
10001a66:	3202      	adds	r2, #2
10001a68:	2b7f      	cmp	r3, #127	@ 0x7f
10001a6a:	d014      	beq.n	10001a96 <findTrigger+0x1ae>
10001a6c:	2101      	movs	r1, #1
10001a6e:	9301      	str	r3, [sp, #4]
10001a70:	0023      	movs	r3, r4
10001a72:	2401      	movs	r4, #1
10001a74:	4688      	mov	r8, r1
10001a76:	46a2      	mov	sl, r4
10001a78:	2700      	movs	r7, #0
10001a7a:	8850      	ldrh	r0, [r2, #2]
10001a7c:	2401      	movs	r4, #1
10001a7e:	4286      	cmp	r6, r0
10001a80:	dc00      	bgt.n	10001a84 <findTrigger+0x19c>
10001a82:	2400      	movs	r4, #0
10001a84:	3301      	adds	r3, #1
10001a86:	4327      	orrs	r7, r4
10001a88:	3202      	adds	r2, #2
10001a8a:	2b80      	cmp	r3, #128	@ 0x80
10001a8c:	d1bd      	bne.n	10001a0a <findTrigger+0x122>
10001a8e:	e79d      	b.n	100019cc <findTrigger+0xe4>
10001a90:	2200      	movs	r2, #0
10001a92:	9201      	str	r2, [sp, #4]
10001a94:	e7ce      	b.n	10001a34 <findTrigger+0x14c>
10001a96:	237f      	movs	r3, #127	@ 0x7f
10001a98:	464a      	mov	r2, r9
10001a9a:	4661      	mov	r1, ip
10001a9c:	6013      	str	r3, [r2, #0]
10001a9e:	3b7e      	subs	r3, #126	@ 0x7e
10001aa0:	700b      	strb	r3, [r1, #0]
10001aa2:	e7d8      	b.n	10001a56 <findTrigger+0x16e>
10001aa4:	2e00      	cmp	r6, #0
10001aa6:	d004      	beq.n	10001ab2 <findTrigger+0x1ca>
10001aa8:	464b      	mov	r3, r9
10001aaa:	9a01      	ldr	r2, [sp, #4]
10001aac:	601a      	str	r2, [r3, #0]
10001aae:	237f      	movs	r3, #127	@ 0x7f
10001ab0:	e7c0      	b.n	10001a34 <findTrigger+0x14c>
10001ab2:	2300      	movs	r3, #0
10001ab4:	9301      	str	r3, [sp, #4]
10001ab6:	337f      	adds	r3, #127	@ 0x7f
10001ab8:	e7bc      	b.n	10001a34 <findTrigger+0x14c>
10001aba:	46c0      	nop			@ (mov r8, r8)
10001abc:	2000bf44 	.word	0x2000bf44
10001ac0:	20001044 	.word	0x20001044
10001ac4:	20001034 	.word	0x20001034
10001ac8:	40b00000 	.word	0x40b00000
10001acc:	66666666 	.word	0x66666666
10001ad0:	400a6666 	.word	0x400a6666
10001ad4:	2000bf40 	.word	0x2000bf40
10001ad8:	2000bf75 	.word	0x2000bf75
10001adc:	2000befc 	.word	0x2000befc
10001ae0:	2000103c 	.word	0x2000103c
10001ae4:	2000bf28 	.word	0x2000bf28
10001ae8:	2000bf34 	.word	0x2000bf34
10001aec:	49742400 	.word	0x49742400

10001af0 <autoCal>:
10001af0:	b510      	push	{r4, lr}
10001af2:	b084      	sub	sp, #16
10001af4:	f7fe fd9a 	bl	1000062c <clearDisplay>
10001af8:	2001      	movs	r0, #1
10001afa:	f7fe feff 	bl	100008fc <setTextSize>
10001afe:	2100      	movs	r1, #0
10001b00:	2000      	movs	r0, #0
10001b02:	f7fe fee7 	bl	100008d4 <setCursor>
10001b06:	493d      	ldr	r1, [pc, #244]	@ (10001bfc <autoCal+0x10c>)
10001b08:	2000      	movs	r0, #0
10001b0a:	f7fe feed 	bl	100008e8 <setTextColor>
10001b0e:	4c3c      	ldr	r4, [pc, #240]	@ (10001c00 <autoCal+0x110>)
10001b10:	0020      	movs	r0, r4
10001b12:	f7fe ff7b 	bl	10000a0c <printString>
10001b16:	2100      	movs	r1, #0
10001b18:	4838      	ldr	r0, [pc, #224]	@ (10001bfc <autoCal+0x10c>)
10001b1a:	f7fe fee5 	bl	100008e8 <setTextColor>
10001b1e:	4839      	ldr	r0, [pc, #228]	@ (10001c04 <autoCal+0x114>)
10001b20:	f7fe ff74 	bl	10000a0c <printString>
10001b24:	f7ff fb3e 	bl	100011a4 <panelFlush>
10001b28:	2010      	movs	r0, #16
10001b2a:	f7fe fc55 	bl	100003d8 <bspButtonDown>
10001b2e:	2800      	cmp	r0, #0
10001b30:	d0fa      	beq.n	10001b28 <autoCal+0x38>
10001b32:	2096      	movs	r0, #150	@ 0x96
10001b34:	f7fe fc44 	bl	100003c0 <bspDelayMs>
10001b38:	f7ff fc52 	bl	100013e0 <sample>
10001b3c:	f7fe fd76 	bl	1000062c <clearDisplay>
10001b40:	2001      	movs	r0, #1
10001b42:	f7fe fedb 	bl	100008fc <setTextSize>
10001b46:	2100      	movs	r1, #0
10001b48:	2000      	movs	r0, #0
10001b4a:	f7fe fec3 	bl	100008d4 <setCursor>
10001b4e:	492b      	ldr	r1, [pc, #172]	@ (10001bfc <autoCal+0x10c>)
10001b50:	2000      	movs	r0, #0
10001b52:	f7fe fec9 	bl	100008e8 <setTextColor>
10001b56:	0020      	movs	r0, r4
10001b58:	f7fe ff58 	bl	10000a0c <printString>
10001b5c:	4827      	ldr	r0, [pc, #156]	@ (10001bfc <autoCal+0x10c>)
10001b5e:	2100      	movs	r1, #0
10001b60:	f7fe fec2 	bl	100008e8 <setTextColor>
10001b64:	2280      	movs	r2, #128	@ 0x80
10001b66:	4b28      	ldr	r3, [pc, #160]	@ (10001c08 <autoCal+0x118>)
10001b68:	0092      	lsls	r2, r2, #2
10001b6a:	1898      	adds	r0, r3, r2
10001b6c:	2200      	movs	r2, #0
10001b6e:	8819      	ldrh	r1, [r3, #0]
10001b70:	3302      	adds	r3, #2
10001b72:	1852      	adds	r2, r2, r1
10001b74:	4283      	cmp	r3, r0
10001b76:	d1fa      	bne.n	10001b6e <autoCal+0x7e>
10001b78:	0a12      	lsrs	r2, r2, #8
10001b7a:	b290      	uxth	r0, r2
10001b7c:	f7ff fd5a 	bl	10001634 <adcToVoltage>
10001b80:	4b22      	ldr	r3, [pc, #136]	@ (10001c0c <autoCal+0x11c>)
10001b82:	466a      	mov	r2, sp
10001b84:	2102      	movs	r1, #2
10001b86:	6018      	str	r0, [r3, #0]
10001b88:	f7fe fc9e 	bl	100004c8 <printFloat>
10001b8c:	4820      	ldr	r0, [pc, #128]	@ (10001c10 <autoCal+0x120>)
10001b8e:	f7fe ff3d 	bl	10000a0c <printString>
10001b92:	4668      	mov	r0, sp
10001b94:	f7fe ff3a 	bl	10000a0c <printString>
10001b98:	4c1e      	ldr	r4, [pc, #120]	@ (10001c14 <autoCal+0x124>)
10001b9a:	0020      	movs	r0, r4
10001b9c:	f7fe ff36 	bl	10000a0c <printString>
10001ba0:	2000      	movs	r0, #0
10001ba2:	f7ff fd21 	bl	100015e8 <frontendVoltage>
10001ba6:	466a      	mov	r2, sp
10001ba8:	2102      	movs	r1, #2
10001baa:	f7fe fc8d 	bl	100004c8 <printFloat>
10001bae:	481a      	ldr	r0, [pc, #104]	@ (10001c18 <autoCal+0x128>)
10001bb0:	f7fe ff2c 	bl	10000a0c <printString>
10001bb4:	4668      	mov	r0, sp
10001bb6:	f7fe ff29 	bl	10000a0c <printString>
10001bba:	0020      	movs	r0, r4
10001bbc:	f7fe ff26 	bl	10000a0c <printString>
10001bc0:	2080      	movs	r0, #128	@ 0x80
10001bc2:	0140      	lsls	r0, r0, #5
10001bc4:	f7ff fd10 	bl	100015e8 <frontendVoltage>
10001bc8:	466a      	mov	r2, sp
10001bca:	2102      	movs	r1, #2
10001bcc:	f7fe fc7c 	bl	100004c8 <printFloat>
10001bd0:	4812      	ldr	r0, [pc, #72]	@ (10001c1c <autoCal+0x12c>)
10001bd2:	f7fe ff1b 	bl	10000a0c <printString>
10001bd6:	4668      	mov	r0, sp
10001bd8:	f7fe ff18 	bl	10000a0c <printString>
10001bdc:	0020      	movs	r0, r4
10001bde:	f7fe ff15 	bl	10000a0c <printString>
10001be2:	f7ff fadf 	bl	100011a4 <panelFlush>
10001be6:	2010      	movs	r0, #16
10001be8:	f7fe fbf6 	bl	100003d8 <bspButtonDown>
10001bec:	2800      	cmp	r0, #0
10001bee:	d1fa      	bne.n	10001be6 <autoCal+0xf6>
10001bf0:	3096      	adds	r0, #150	@ 0x96
10001bf2:	f7fe fbe5 	bl	100003c0 <bspDelayMs>
10001bf6:	b004      	add	sp, #16
10001bf8:	bd10      	pop	{r4, pc}
10001bfa:	46c0      	nop			@ (mov r8, r8)
10001bfc:	0000ffff 	.word	0x0000ffff
10001c00:	1000922c 	.word	0x1000922c
10001c04:	10009240 	.word	0x10009240
10001c08:	20001784 	.word	0x20001784
10001c0c:	20001034 	.word	0x20001034
10001c10:	1000926c 	.word	0x1000926c
10001c14:	10009280 	.word	0x10009280
10001c18:	10009284 	.word	0x10009284
10001c1c:	10009298 	.word	0x10009298

10001c20 <splash>:
10001c20:	b500      	push	{lr}
10001c22:	b083      	sub	sp, #12
10001c24:	f7fe fd02 	bl	1000062c <clearDisplay>
10001c28:	4b0a      	ldr	r3, [pc, #40]	@ (10001c54 <splash+0x34>)
10001c2a:	22a0      	movs	r2, #160	@ 0xa0
10001c2c:	9301      	str	r3, [sp, #4]
10001c2e:	23a0      	movs	r3, #160	@ 0xa0
10001c30:	2100      	movs	r1, #0
10001c32:	9300      	str	r3, [sp, #0]
10001c34:	2000      	movs	r0, #0
10001c36:	3b20      	subs	r3, #32
10001c38:	f7fe fcba 	bl	100005b0 <drawBitmap>
10001c3c:	2001      	movs	r0, #1
10001c3e:	f7fe fe5d 	bl	100008fc <setTextSize>
10001c42:	f7ff faaf 	bl	100011a4 <panelFlush>
10001c46:	20fa      	movs	r0, #250	@ 0xfa
10001c48:	00c0      	lsls	r0, r0, #3
10001c4a:	f7fe fbb9 	bl	100003c0 <bspDelayMs>
10001c4e:	b003      	add	sp, #12
10001c50:	bd00      	pop	{pc}
10001c52:	46c0      	nop			@ (mov r8, r8)
10001c54:	10009b54 	.word	0x10009b54

10001c58 <sideInfo>:
10001c58:	b530      	push	{r4, r5, lr}
10001c5a:	2001      	movs	r0, #1
10001c5c:	b085      	sub	sp, #20
10001c5e:	f7fe fe4d 	bl	100008fc <setTextSize>
10001c62:	4d5e      	ldr	r5, [pc, #376]	@ (10001ddc <sideInfo+0x184>)
10001c64:	466a      	mov	r2, sp
10001c66:	2101      	movs	r1, #1
10001c68:	6828      	ldr	r0, [r5, #0]
10001c6a:	f7fe fc2d 	bl	100004c8 <printFloat>
10001c6e:	2000      	movs	r0, #0
10001c70:	495b      	ldr	r1, [pc, #364]	@ (10001de0 <sideInfo+0x188>)
10001c72:	f7fe fe39 	bl	100008e8 <setTextColor>
10001c76:	2101      	movs	r1, #1
10001c78:	2080      	movs	r0, #128	@ 0x80
10001c7a:	f7fe fe2b 	bl	100008d4 <setCursor>
10001c7e:	4859      	ldr	r0, [pc, #356]	@ (10001de4 <sideInfo+0x18c>)
10001c80:	f7fe fec4 	bl	10000a0c <printString>
10001c84:	2100      	movs	r1, #0
10001c86:	4856      	ldr	r0, [pc, #344]	@ (10001de0 <sideInfo+0x188>)
10001c88:	f7fe fe2e 	bl	100008e8 <setTextColor>
10001c8c:	210a      	movs	r1, #10
10001c8e:	2080      	movs	r0, #128	@ 0x80
10001c90:	f7fe fe20 	bl	100008d4 <setCursor>
10001c94:	4668      	mov	r0, sp
10001c96:	f7fe feb9 	bl	10000a0c <printString>
10001c9a:	4c53      	ldr	r4, [pc, #332]	@ (10001de8 <sideInfo+0x190>)
10001c9c:	466a      	mov	r2, sp
10001c9e:	6820      	ldr	r0, [r4, #0]
10001ca0:	2101      	movs	r1, #1
10001ca2:	f7fe fc11 	bl	100004c8 <printFloat>
10001ca6:	2000      	movs	r0, #0
10001ca8:	494d      	ldr	r1, [pc, #308]	@ (10001de0 <sideInfo+0x188>)
10001caa:	f7fe fe1d 	bl	100008e8 <setTextColor>
10001cae:	2115      	movs	r1, #21
10001cb0:	2080      	movs	r0, #128	@ 0x80
10001cb2:	f7fe fe0f 	bl	100008d4 <setCursor>
10001cb6:	484d      	ldr	r0, [pc, #308]	@ (10001dec <sideInfo+0x194>)
10001cb8:	f7fe fea8 	bl	10000a0c <printString>
10001cbc:	2100      	movs	r1, #0
10001cbe:	4848      	ldr	r0, [pc, #288]	@ (10001de0 <sideInfo+0x188>)
10001cc0:	f7fe fe12 	bl	100008e8 <setTextColor>
10001cc4:	211e      	movs	r1, #30
10001cc6:	2080      	movs	r0, #128	@ 0x80
10001cc8:	f7fe fe04 	bl	100008d4 <setCursor>
10001ccc:	4668      	mov	r0, sp
10001cce:	f7fe fe9d 	bl	10000a0c <printString>
10001cd2:	2000      	movs	r0, #0
10001cd4:	4942      	ldr	r1, [pc, #264]	@ (10001de0 <sideInfo+0x188>)
10001cd6:	f7fe fe07 	bl	100008e8 <setTextColor>
10001cda:	2129      	movs	r1, #41	@ 0x29
10001cdc:	2080      	movs	r0, #128	@ 0x80
10001cde:	f7fe fdf9 	bl	100008d4 <setCursor>
10001ce2:	4843      	ldr	r0, [pc, #268]	@ (10001df0 <sideInfo+0x198>)
10001ce4:	f7fe fe92 	bl	10000a0c <printString>
10001ce8:	2100      	movs	r1, #0
10001cea:	483d      	ldr	r0, [pc, #244]	@ (10001de0 <sideInfo+0x188>)
10001cec:	f7fe fdfc 	bl	100008e8 <setTextColor>
10001cf0:	2133      	movs	r1, #51	@ 0x33
10001cf2:	2080      	movs	r0, #128	@ 0x80
10001cf4:	f7fe fdee 	bl	100008d4 <setCursor>
10001cf8:	6829      	ldr	r1, [r5, #0]
10001cfa:	6820      	ldr	r0, [r4, #0]
10001cfc:	f003 f859 	bl	10004db2 <__wrap___aeabi_fsub>
10001d00:	466a      	mov	r2, sp
10001d02:	2101      	movs	r1, #1
10001d04:	f7fe fbe0 	bl	100004c8 <printFloat>
10001d08:	4668      	mov	r0, sp
10001d0a:	f7fe fe7f 	bl	10000a0c <printString>
10001d0e:	4839      	ldr	r0, [pc, #228]	@ (10001df4 <sideInfo+0x19c>)
10001d10:	f7fe fe7c 	bl	10000a0c <printString>
10001d14:	2000      	movs	r0, #0
10001d16:	4932      	ldr	r1, [pc, #200]	@ (10001de0 <sideInfo+0x188>)
10001d18:	f7fe fde6 	bl	100008e8 <setTextColor>
10001d1c:	213d      	movs	r1, #61	@ 0x3d
10001d1e:	2080      	movs	r0, #128	@ 0x80
10001d20:	f7fe fdd8 	bl	100008d4 <setCursor>
10001d24:	4834      	ldr	r0, [pc, #208]	@ (10001df8 <sideInfo+0x1a0>)
10001d26:	f7fe fe71 	bl	10000a0c <printString>
10001d2a:	2100      	movs	r1, #0
10001d2c:	482c      	ldr	r0, [pc, #176]	@ (10001de0 <sideInfo+0x188>)
10001d2e:	f7fe fddb 	bl	100008e8 <setTextColor>
10001d32:	2147      	movs	r1, #71	@ 0x47
10001d34:	2080      	movs	r0, #128	@ 0x80
10001d36:	f7fe fdcd 	bl	100008d4 <setCursor>
10001d3a:	4b30      	ldr	r3, [pc, #192]	@ (10001dfc <sideInfo+0x1a4>)
10001d3c:	4930      	ldr	r1, [pc, #192]	@ (10001e00 <sideInfo+0x1a8>)
10001d3e:	681c      	ldr	r4, [r3, #0]
10001d40:	1c20      	adds	r0, r4, #0
10001d42:	f003 f885 	bl	10004e50 <__wrap___aeabi_fcmpge>
10001d46:	2800      	cmp	r0, #0
10001d48:	d02b      	beq.n	10001da2 <sideInfo+0x14a>
10001d4a:	492e      	ldr	r1, [pc, #184]	@ (10001e04 <sideInfo+0x1ac>)
10001d4c:	1c20      	adds	r0, r4, #0
10001d4e:	f003 f87f 	bl	10004e50 <__wrap___aeabi_fcmpge>
10001d52:	2800      	cmp	r0, #0
10001d54:	d11b      	bne.n	10001d8e <sideInfo+0x136>
10001d56:	492a      	ldr	r1, [pc, #168]	@ (10001e00 <sideInfo+0x1a8>)
10001d58:	1c20      	adds	r0, r4, #0
10001d5a:	f003 f830 	bl	10004dbe <__wrap___aeabi_fdiv>
10001d5e:	466a      	mov	r2, sp
10001d60:	2101      	movs	r1, #1
10001d62:	f7fe fbb1 	bl	100004c8 <printFloat>
10001d66:	4668      	mov	r0, sp
10001d68:	f7fe fe50 	bl	10000a0c <printString>
10001d6c:	2151      	movs	r1, #81	@ 0x51
10001d6e:	2080      	movs	r0, #128	@ 0x80
10001d70:	f7fe fdb0 	bl	100008d4 <setCursor>
10001d74:	4824      	ldr	r0, [pc, #144]	@ (10001e08 <sideInfo+0x1b0>)
10001d76:	f7fe fe49 	bl	10000a0c <printString>
10001d7a:	4b24      	ldr	r3, [pc, #144]	@ (10001e0c <sideInfo+0x1b4>)
10001d7c:	781b      	ldrb	r3, [r3, #0]
10001d7e:	2b00      	cmp	r3, #0
10001d80:	d11f      	bne.n	10001dc2 <sideInfo+0x16a>
10001d82:	2100      	movs	r1, #0
10001d84:	4816      	ldr	r0, [pc, #88]	@ (10001de0 <sideInfo+0x188>)
10001d86:	f7fe fdaf 	bl	100008e8 <setTextColor>
10001d8a:	b005      	add	sp, #20
10001d8c:	bd30      	pop	{r4, r5, pc}
10001d8e:	1c20      	adds	r0, r4, #0
10001d90:	f003 f892 	bl	10004eb8 <__wrap___aeabi_f2iz>
10001d94:	21fa      	movs	r1, #250	@ 0xfa
10001d96:	0089      	lsls	r1, r1, #2
10001d98:	f002 f968 	bl	1000406c <__wrap___aeabi_idiv>
10001d9c:	f7fe fdb8 	bl	10000910 <printInt>
10001da0:	e7e4      	b.n	10001d6c <sideInfo+0x114>
10001da2:	1c20      	adds	r0, r4, #0
10001da4:	f003 f888 	bl	10004eb8 <__wrap___aeabi_f2iz>
10001da8:	f7fe fdb2 	bl	10000910 <printInt>
10001dac:	2151      	movs	r1, #81	@ 0x51
10001dae:	2080      	movs	r0, #128	@ 0x80
10001db0:	f7fe fd90 	bl	100008d4 <setCursor>
10001db4:	4816      	ldr	r0, [pc, #88]	@ (10001e10 <sideInfo+0x1b8>)
10001db6:	f7fe fe29 	bl	10000a0c <printString>
10001dba:	4b14      	ldr	r3, [pc, #80]	@ (10001e0c <sideInfo+0x1b4>)
10001dbc:	781b      	ldrb	r3, [r3, #0]
10001dbe:	2b00      	cmp	r3, #0
10001dc0:	d0df      	beq.n	10001d82 <sideInfo+0x12a>
10001dc2:	20fc      	movs	r0, #252	@ 0xfc
10001dc4:	2100      	movs	r1, #0
10001dc6:	00c0      	lsls	r0, r0, #3
10001dc8:	f7fe fd8e 	bl	100008e8 <setTextColor>
10001dcc:	215b      	movs	r1, #91	@ 0x5b
10001dce:	2080      	movs	r0, #128	@ 0x80
10001dd0:	f7fe fd80 	bl	100008d4 <setCursor>
10001dd4:	480f      	ldr	r0, [pc, #60]	@ (10001e14 <sideInfo+0x1bc>)
10001dd6:	f7fe fe19 	bl	10000a0c <printString>
10001dda:	e7d2      	b.n	10001d82 <sideInfo+0x12a>
10001ddc:	2000bf00 	.word	0x2000bf00
10001de0:	0000ffff 	.word	0x0000ffff
10001de4:	100092ac 	.word	0x100092ac
10001de8:	2000bef8 	.word	0x2000bef8
10001dec:	100092b4 	.word	0x100092b4
10001df0:	100092bc 	.word	0x100092bc
10001df4:	100092c4 	.word	0x100092c4
10001df8:	100092c8 	.word	0x100092c8
10001dfc:	2000befc 	.word	0x2000befc
10001e00:	447a0000 	.word	0x447a0000
10001e04:	47c35000 	.word	0x47c35000
10001e08:	100092d0 	.word	0x100092d0
10001e0c:	2000bf75 	.word	0x2000bf75
10001e10:	100092d4 	.word	0x100092d4
10001e14:	100092d8 	.word	0x100092d8

10001e18 <settingsBar>:
10001e18:	b5f0      	push	{r4, r5, r6, r7, lr}
10001e1a:	46d6      	mov	lr, sl
10001e1c:	464f      	mov	r7, r9
10001e1e:	4646      	mov	r6, r8
10001e20:	b5c0      	push	{r6, r7, lr}
10001e22:	2001      	movs	r0, #1
10001e24:	b084      	sub	sp, #16
10001e26:	f7fe fd69 	bl	100008fc <setTextSize>
10001e2a:	4fd7      	ldr	r7, [pc, #860]	@ (10002188 <settingsBar+0x370>)
10001e2c:	4ed7      	ldr	r6, [pc, #860]	@ (1000218c <settingsBar+0x374>)
10001e2e:	783b      	ldrb	r3, [r7, #0]
10001e30:	7832      	ldrb	r2, [r6, #0]
10001e32:	2100      	movs	r1, #0
10001e34:	4313      	orrs	r3, r2
10001e36:	d100      	bne.n	10001e3a <settingsBar+0x22>
10001e38:	e14c      	b.n	100020d4 <settingsBar+0x2bc>
10001e3a:	20f8      	movs	r0, #248	@ 0xf8
10001e3c:	0200      	lsls	r0, r0, #8
10001e3e:	f7fe fd53 	bl	100008e8 <setTextColor>
10001e42:	2169      	movs	r1, #105	@ 0x69
10001e44:	2000      	movs	r0, #0
10001e46:	f7fe fd45 	bl	100008d4 <setCursor>
10001e4a:	48d1      	ldr	r0, [pc, #836]	@ (10002190 <settingsBar+0x378>)
10001e4c:	f7fe fdde 	bl	10000a0c <printString>
10001e50:	2100      	movs	r1, #0
10001e52:	48d0      	ldr	r0, [pc, #832]	@ (10002194 <settingsBar+0x37c>)
10001e54:	f7fe fd48 	bl	100008e8 <setTextColor>
10001e58:	2169      	movs	r1, #105	@ 0x69
10001e5a:	201e      	movs	r0, #30
10001e5c:	f7fe fd3a 	bl	100008d4 <setCursor>
10001e60:	48cd      	ldr	r0, [pc, #820]	@ (10002198 <settingsBar+0x380>)
10001e62:	f7fe fdd3 	bl	10000a0c <printString>
10001e66:	2169      	movs	r1, #105	@ 0x69
10001e68:	203c      	movs	r0, #60	@ 0x3c
10001e6a:	f7fe fd33 	bl	100008d4 <setCursor>
10001e6e:	48cb      	ldr	r0, [pc, #812]	@ (1000219c <settingsBar+0x384>)
10001e70:	f7fe fdcc 	bl	10000a0c <printString>
10001e74:	2169      	movs	r1, #105	@ 0x69
10001e76:	205f      	movs	r0, #95	@ 0x5f
10001e78:	f7fe fd2c 	bl	100008d4 <setCursor>
10001e7c:	48c8      	ldr	r0, [pc, #800]	@ (100021a0 <settingsBar+0x388>)
10001e7e:	f7fe fdc5 	bl	10000a0c <printString>
10001e82:	2169      	movs	r1, #105	@ 0x69
10001e84:	2082      	movs	r0, #130	@ 0x82
10001e86:	f7fe fd25 	bl	100008d4 <setCursor>
10001e8a:	4dc6      	ldr	r5, [pc, #792]	@ (100021a4 <settingsBar+0x38c>)
10001e8c:	49c6      	ldr	r1, [pc, #792]	@ (100021a8 <settingsBar+0x390>)
10001e8e:	6828      	ldr	r0, [r5, #0]
10001e90:	f002 ffd8 	bl	10004e44 <__wrap___aeabi_fcmplt>
10001e94:	2800      	cmp	r0, #0
10001e96:	d100      	bne.n	10001e9a <settingsBar+0x82>
10001e98:	e08f      	b.n	10001fba <settingsBar+0x1a2>
10001e9a:	48c4      	ldr	r0, [pc, #784]	@ (100021ac <settingsBar+0x394>)
10001e9c:	f7fe fdb6 	bl	10000a0c <printString>
10001ea0:	4cc3      	ldr	r4, [pc, #780]	@ (100021b0 <settingsBar+0x398>)
10001ea2:	7823      	ldrb	r3, [r4, #0]
10001ea4:	2b00      	cmp	r3, #0
10001ea6:	d109      	bne.n	10001ebc <settingsBar+0xa4>
10001ea8:	783b      	ldrb	r3, [r7, #0]
10001eaa:	7832      	ldrb	r2, [r6, #0]
10001eac:	49b9      	ldr	r1, [pc, #740]	@ (10002194 <settingsBar+0x37c>)
10001eae:	4313      	orrs	r3, r2
10001eb0:	d100      	bne.n	10001eb4 <settingsBar+0x9c>
10001eb2:	e139      	b.n	10002128 <settingsBar+0x310>
10001eb4:	20f8      	movs	r0, #248	@ 0xf8
10001eb6:	0200      	lsls	r0, r0, #8
10001eb8:	f7fe fd16 	bl	100008e8 <setTextColor>
10001ebc:	4bbd      	ldr	r3, [pc, #756]	@ (100021b4 <settingsBar+0x39c>)
10001ebe:	466a      	mov	r2, sp
10001ec0:	6818      	ldr	r0, [r3, #0]
10001ec2:	2101      	movs	r1, #1
10001ec4:	4698      	mov	r8, r3
10001ec6:	f7fe faff 	bl	100004c8 <printFloat>
10001eca:	2173      	movs	r1, #115	@ 0x73
10001ecc:	2000      	movs	r0, #0
10001ece:	f7fe fd01 	bl	100008d4 <setCursor>
10001ed2:	4668      	mov	r0, sp
10001ed4:	f7fe fd9a 	bl	10000a0c <printString>
10001ed8:	48b7      	ldr	r0, [pc, #732]	@ (100021b8 <settingsBar+0x3a0>)
10001eda:	f7fe fd97 	bl	10000a0c <printString>
10001ede:	2100      	movs	r1, #0
10001ee0:	48ac      	ldr	r0, [pc, #688]	@ (10002194 <settingsBar+0x37c>)
10001ee2:	f7fe fd01 	bl	100008e8 <setTextColor>
10001ee6:	7823      	ldrb	r3, [r4, #0]
10001ee8:	2b01      	cmp	r3, #1
10001eea:	d100      	bne.n	10001eee <settingsBar+0xd6>
10001eec:	e0f6      	b.n	100020dc <settingsBar+0x2c4>
10001eee:	4fb3      	ldr	r7, [pc, #716]	@ (100021bc <settingsBar+0x3a4>)
10001ef0:	466a      	mov	r2, sp
10001ef2:	2101      	movs	r1, #1
10001ef4:	6838      	ldr	r0, [r7, #0]
10001ef6:	f7fe fae7 	bl	100004c8 <printFloat>
10001efa:	2173      	movs	r1, #115	@ 0x73
10001efc:	201e      	movs	r0, #30
10001efe:	f7fe fce9 	bl	100008d4 <setCursor>
10001f02:	4668      	mov	r0, sp
10001f04:	f7fe fd82 	bl	10000a0c <printString>
10001f08:	2100      	movs	r1, #0
10001f0a:	48a2      	ldr	r0, [pc, #648]	@ (10002194 <settingsBar+0x37c>)
10001f0c:	f7fe fcec 	bl	100008e8 <setTextColor>
10001f10:	7823      	ldrb	r3, [r4, #0]
10001f12:	2b02      	cmp	r3, #2
10001f14:	d100      	bne.n	10001f18 <settingsBar+0x100>
10001f16:	e0fd      	b.n	10002114 <settingsBar+0x2fc>
10001f18:	2173      	movs	r1, #115	@ 0x73
10001f1a:	203c      	movs	r0, #60	@ 0x3c
10001f1c:	f7fe fcda 	bl	100008d4 <setCursor>
10001f20:	4ba7      	ldr	r3, [pc, #668]	@ (100021c0 <settingsBar+0x3a8>)
10001f22:	469a      	mov	sl, r3
10001f24:	781b      	ldrb	r3, [r3, #0]
10001f26:	2b01      	cmp	r3, #1
10001f28:	d100      	bne.n	10001f2c <settingsBar+0x114>
10001f2a:	e0b6      	b.n	1000209a <settingsBar+0x282>
10001f2c:	48a5      	ldr	r0, [pc, #660]	@ (100021c4 <settingsBar+0x3ac>)
10001f2e:	f7fe fd6d 	bl	10000a0c <printString>
10001f32:	2100      	movs	r1, #0
10001f34:	4897      	ldr	r0, [pc, #604]	@ (10002194 <settingsBar+0x37c>)
10001f36:	f7fe fcd7 	bl	100008e8 <setTextColor>
10001f3a:	7823      	ldrb	r3, [r4, #0]
10001f3c:	2b03      	cmp	r3, #3
10001f3e:	d100      	bne.n	10001f42 <settingsBar+0x12a>
10001f40:	e0b6      	b.n	100020b0 <settingsBar+0x298>
10001f42:	2173      	movs	r1, #115	@ 0x73
10001f44:	205f      	movs	r0, #95	@ 0x5f
10001f46:	f7fe fcc5 	bl	100008d4 <setCursor>
10001f4a:	4b9f      	ldr	r3, [pc, #636]	@ (100021c8 <settingsBar+0x3b0>)
10001f4c:	6818      	ldr	r0, [r3, #0]
10001f4e:	4699      	mov	r9, r3
10001f50:	f7fe fcde 	bl	10000910 <printInt>
10001f54:	489d      	ldr	r0, [pc, #628]	@ (100021cc <settingsBar+0x3b4>)
10001f56:	f7fe fd59 	bl	10000a0c <printString>
10001f5a:	2100      	movs	r1, #0
10001f5c:	488d      	ldr	r0, [pc, #564]	@ (10002194 <settingsBar+0x37c>)
10001f5e:	f7fe fcc3 	bl	100008e8 <setTextColor>
10001f62:	7823      	ldrb	r3, [r4, #0]
10001f64:	2b04      	cmp	r3, #4
10001f66:	d100      	bne.n	10001f6a <settingsBar+0x152>
10001f68:	e0d9      	b.n	1000211e <settingsBar+0x306>
10001f6a:	2173      	movs	r1, #115	@ 0x73
10001f6c:	2082      	movs	r0, #130	@ 0x82
10001f6e:	f7fe fcb1 	bl	100008d4 <setCursor>
10001f72:	682e      	ldr	r6, [r5, #0]
10001f74:	498c      	ldr	r1, [pc, #560]	@ (100021a8 <settingsBar+0x390>)
10001f76:	1c30      	adds	r0, r6, #0
10001f78:	f002 ff64 	bl	10004e44 <__wrap___aeabi_fcmplt>
10001f7c:	2800      	cmp	r0, #0
10001f7e:	d000      	beq.n	10001f82 <settingsBar+0x16a>
10001f80:	e09b      	b.n	100020ba <settingsBar+0x2a2>
10001f82:	4993      	ldr	r1, [pc, #588]	@ (100021d0 <settingsBar+0x3b8>)
10001f84:	1c30      	adds	r0, r6, #0
10001f86:	f002 ff5d 	bl	10004e44 <__wrap___aeabi_fcmplt>
10001f8a:	2800      	cmp	r0, #0
10001f8c:	d119      	bne.n	10001fc2 <settingsBar+0x1aa>
10001f8e:	1c30      	adds	r0, r6, #0
10001f90:	f002 ff92 	bl	10004eb8 <__wrap___aeabi_f2iz>
10001f94:	21fa      	movs	r1, #250	@ 0xfa
10001f96:	0089      	lsls	r1, r1, #2
10001f98:	f002 f868 	bl	1000406c <__wrap___aeabi_idiv>
10001f9c:	f7fe fcb8 	bl	10000910 <printInt>
10001fa0:	200f      	movs	r0, #15
10001fa2:	f7fe fa19 	bl	100003d8 <bspButtonDown>
10001fa6:	2800      	cmp	r0, #0
10001fa8:	d01b      	beq.n	10001fe2 <settingsBar+0x1ca>
10001faa:	7823      	ldrb	r3, [r4, #0]
10001fac:	2b04      	cmp	r3, #4
10001fae:	d900      	bls.n	10001fb2 <settingsBar+0x19a>
10001fb0:	e06f      	b.n	10002092 <settingsBar+0x27a>
10001fb2:	4a88      	ldr	r2, [pc, #544]	@ (100021d4 <settingsBar+0x3bc>)
10001fb4:	009b      	lsls	r3, r3, #2
10001fb6:	58d3      	ldr	r3, [r2, r3]
10001fb8:	469f      	mov	pc, r3
10001fba:	4887      	ldr	r0, [pc, #540]	@ (100021d8 <settingsBar+0x3c0>)
10001fbc:	f7fe fd26 	bl	10000a0c <printString>
10001fc0:	e76e      	b.n	10001ea0 <settingsBar+0x88>
10001fc2:	4886      	ldr	r0, [pc, #536]	@ (100021dc <settingsBar+0x3c4>)
10001fc4:	f7fe fd22 	bl	10000a0c <printString>
10001fc8:	6828      	ldr	r0, [r5, #0]
10001fca:	f002 ff75 	bl	10004eb8 <__wrap___aeabi_f2iz>
10001fce:	2164      	movs	r1, #100	@ 0x64
10001fd0:	f002 f84c 	bl	1000406c <__wrap___aeabi_idiv>
10001fd4:	f7fe fc9c 	bl	10000910 <printInt>
10001fd8:	200f      	movs	r0, #15
10001fda:	f7fe f9fd 	bl	100003d8 <bspButtonDown>
10001fde:	2800      	cmp	r0, #0
10001fe0:	d1e3      	bne.n	10001faa <settingsBar+0x192>
10001fe2:	2011      	movs	r0, #17
10001fe4:	f7fe f9f8 	bl	100003d8 <bspButtonDown>
10001fe8:	2800      	cmp	r0, #0
10001fea:	d025      	beq.n	10002038 <settingsBar+0x220>
10001fec:	7823      	ldrb	r3, [r4, #0]
10001fee:	2b04      	cmp	r3, #4
10001ff0:	d81f      	bhi.n	10002032 <settingsBar+0x21a>
10001ff2:	4a7b      	ldr	r2, [pc, #492]	@ (100021e0 <settingsBar+0x3c8>)
10001ff4:	009b      	lsls	r3, r3, #2
10001ff6:	58d3      	ldr	r3, [r2, r3]
10001ff8:	469f      	mov	pc, r3
10001ffa:	682e      	ldr	r6, [r5, #0]
10001ffc:	4974      	ldr	r1, [pc, #464]	@ (100021d0 <settingsBar+0x3b8>)
10001ffe:	1c30      	adds	r0, r6, #0
10002000:	f002 ff26 	bl	10004e50 <__wrap___aeabi_fcmpge>
10002004:	2800      	cmp	r0, #0
10002006:	d000      	beq.n	1000200a <settingsBar+0x1f2>
10002008:	e112      	b.n	10002230 <settingsBar+0x418>
1000200a:	4967      	ldr	r1, [pc, #412]	@ (100021a8 <settingsBar+0x390>)
1000200c:	1c30      	adds	r0, r6, #0
1000200e:	f002 ff1f 	bl	10004e50 <__wrap___aeabi_fcmpge>
10002012:	2800      	cmp	r0, #0
10002014:	d100      	bne.n	10002018 <settingsBar+0x200>
10002016:	e118      	b.n	1000224a <settingsBar+0x432>
10002018:	4963      	ldr	r1, [pc, #396]	@ (100021a8 <settingsBar+0x390>)
1000201a:	1c30      	adds	r0, r6, #0
1000201c:	f002 fecc 	bl	10004db8 <__wrap___aeabi_fadd>
10002020:	1c01      	adds	r1, r0, #0
10002022:	6029      	str	r1, [r5, #0]
10002024:	486f      	ldr	r0, [pc, #444]	@ (100021e4 <settingsBar+0x3cc>)
10002026:	f002 feca 	bl	10004dbe <__wrap___aeabi_fdiv>
1000202a:	f002 ff77 	bl	10004f1c <__wrap___aeabi_f2uiz>
1000202e:	f7ff fa7f 	bl	10001530 <scopeSetTdiv>
10002032:	2096      	movs	r0, #150	@ 0x96
10002034:	f7fe f9c4 	bl	100003c0 <bspDelayMs>
10002038:	2010      	movs	r0, #16
1000203a:	f7fe f9cd 	bl	100003d8 <bspButtonDown>
1000203e:	2800      	cmp	r0, #0
10002040:	d141      	bne.n	100020c6 <settingsBar+0x2ae>
10002042:	7823      	ldrb	r3, [r4, #0]
10002044:	2b04      	cmp	r3, #4
10002046:	d901      	bls.n	1000204c <settingsBar+0x234>
10002048:	2300      	movs	r3, #0
1000204a:	7023      	strb	r3, [r4, #0]
1000204c:	b004      	add	sp, #16
1000204e:	bce0      	pop	{r5, r6, r7}
10002050:	46ba      	mov	sl, r7
10002052:	46b1      	mov	r9, r6
10002054:	46a8      	mov	r8, r5
10002056:	bdf0      	pop	{r4, r5, r6, r7, pc}
10002058:	682e      	ldr	r6, [r5, #0]
1000205a:	495d      	ldr	r1, [pc, #372]	@ (100021d0 <settingsBar+0x3b8>)
1000205c:	1c30      	adds	r0, r6, #0
1000205e:	f002 feff 	bl	10004e60 <__wrap___aeabi_fcmpgt>
10002062:	2800      	cmp	r0, #0
10002064:	d000      	beq.n	10002068 <settingsBar+0x250>
10002066:	e0e9      	b.n	1000223c <settingsBar+0x424>
10002068:	494f      	ldr	r1, [pc, #316]	@ (100021a8 <settingsBar+0x390>)
1000206a:	1c30      	adds	r0, r6, #0
1000206c:	f002 fef8 	bl	10004e60 <__wrap___aeabi_fcmpgt>
10002070:	2800      	cmp	r0, #0
10002072:	d100      	bne.n	10002076 <settingsBar+0x25e>
10002074:	e0ef      	b.n	10002256 <settingsBar+0x43e>
10002076:	1c30      	adds	r0, r6, #0
10002078:	494b      	ldr	r1, [pc, #300]	@ (100021a8 <settingsBar+0x390>)
1000207a:	f002 fe9a 	bl	10004db2 <__wrap___aeabi_fsub>
1000207e:	1c06      	adds	r6, r0, #0
10002080:	6028      	str	r0, [r5, #0]
10002082:	1c31      	adds	r1, r6, #0
10002084:	4857      	ldr	r0, [pc, #348]	@ (100021e4 <settingsBar+0x3cc>)
10002086:	f002 fe9a 	bl	10004dbe <__wrap___aeabi_fdiv>
1000208a:	f002 ff47 	bl	10004f1c <__wrap___aeabi_f2uiz>
1000208e:	f7ff fa4f 	bl	10001530 <scopeSetTdiv>
10002092:	2096      	movs	r0, #150	@ 0x96
10002094:	f7fe f994 	bl	100003c0 <bspDelayMs>
10002098:	e7a3      	b.n	10001fe2 <settingsBar+0x1ca>
1000209a:	4853      	ldr	r0, [pc, #332]	@ (100021e8 <settingsBar+0x3d0>)
1000209c:	f7fe fcb6 	bl	10000a0c <printString>
100020a0:	2100      	movs	r1, #0
100020a2:	483c      	ldr	r0, [pc, #240]	@ (10002194 <settingsBar+0x37c>)
100020a4:	f7fe fc20 	bl	100008e8 <setTextColor>
100020a8:	7823      	ldrb	r3, [r4, #0]
100020aa:	2b03      	cmp	r3, #3
100020ac:	d000      	beq.n	100020b0 <settingsBar+0x298>
100020ae:	e748      	b.n	10001f42 <settingsBar+0x12a>
100020b0:	2000      	movs	r0, #0
100020b2:	4938      	ldr	r1, [pc, #224]	@ (10002194 <settingsBar+0x37c>)
100020b4:	f7fe fc18 	bl	100008e8 <setTextColor>
100020b8:	e743      	b.n	10001f42 <settingsBar+0x12a>
100020ba:	1c30      	adds	r0, r6, #0
100020bc:	f002 fefc 	bl	10004eb8 <__wrap___aeabi_f2iz>
100020c0:	f7fe fc26 	bl	10000910 <printInt>
100020c4:	e76c      	b.n	10001fa0 <settingsBar+0x188>
100020c6:	7823      	ldrb	r3, [r4, #0]
100020c8:	2096      	movs	r0, #150	@ 0x96
100020ca:	3301      	adds	r3, #1
100020cc:	7023      	strb	r3, [r4, #0]
100020ce:	f7fe f977 	bl	100003c0 <bspDelayMs>
100020d2:	e7b6      	b.n	10002042 <settingsBar+0x22a>
100020d4:	482f      	ldr	r0, [pc, #188]	@ (10002194 <settingsBar+0x37c>)
100020d6:	f7fe fc07 	bl	100008e8 <setTextColor>
100020da:	e6b2      	b.n	10001e42 <settingsBar+0x2a>
100020dc:	2000      	movs	r0, #0
100020de:	492d      	ldr	r1, [pc, #180]	@ (10002194 <settingsBar+0x37c>)
100020e0:	f7fe fc02 	bl	100008e8 <setTextColor>
100020e4:	2183      	movs	r1, #131	@ 0x83
100020e6:	4f35      	ldr	r7, [pc, #212]	@ (100021bc <settingsBar+0x3a4>)
100020e8:	05c9      	lsls	r1, r1, #23
100020ea:	6838      	ldr	r0, [r7, #0]
100020ec:	f002 fe7b 	bl	10004de6 <__wrap___aeabi_fmul>
100020f0:	4643      	mov	r3, r8
100020f2:	6819      	ldr	r1, [r3, #0]
100020f4:	f002 fe63 	bl	10004dbe <__wrap___aeabi_fdiv>
100020f8:	1c01      	adds	r1, r0, #0
100020fa:	483c      	ldr	r0, [pc, #240]	@ (100021ec <settingsBar+0x3d4>)
100020fc:	f002 fe59 	bl	10004db2 <__wrap___aeabi_fsub>
10002100:	f002 feda 	bl	10004eb8 <__wrap___aeabi_f2iz>
10002104:	23f8      	movs	r3, #248	@ 0xf8
10002106:	b201      	sxth	r1, r0
10002108:	2280      	movs	r2, #128	@ 0x80
1000210a:	2000      	movs	r0, #0
1000210c:	021b      	lsls	r3, r3, #8
1000210e:	f7fe fcf3 	bl	10000af8 <drawFastHLine>
10002112:	e6ed      	b.n	10001ef0 <settingsBar+0xd8>
10002114:	2000      	movs	r0, #0
10002116:	491f      	ldr	r1, [pc, #124]	@ (10002194 <settingsBar+0x37c>)
10002118:	f7fe fbe6 	bl	100008e8 <setTextColor>
1000211c:	e6fc      	b.n	10001f18 <settingsBar+0x100>
1000211e:	2000      	movs	r0, #0
10002120:	491c      	ldr	r1, [pc, #112]	@ (10002194 <settingsBar+0x37c>)
10002122:	f7fe fbe1 	bl	100008e8 <setTextColor>
10002126:	e720      	b.n	10001f6a <settingsBar+0x152>
10002128:	2000      	movs	r0, #0
1000212a:	f7fe fbdd 	bl	100008e8 <setTextColor>
1000212e:	e6c5      	b.n	10001ebc <settingsBar+0xa4>
10002130:	2301      	movs	r3, #1
10002132:	464a      	mov	r2, r9
10002134:	6013      	str	r3, [r2, #0]
10002136:	e7ac      	b.n	10002092 <settingsBar+0x27a>
10002138:	2300      	movs	r3, #0
1000213a:	4652      	mov	r2, sl
1000213c:	7013      	strb	r3, [r2, #0]
1000213e:	e7a8      	b.n	10002092 <settingsBar+0x27a>
10002140:	6838      	ldr	r0, [r7, #0]
10002142:	f002 fef1 	bl	10004f28 <__wrap___aeabi_f2d>
10002146:	4a2a      	ldr	r2, [pc, #168]	@ (100021f0 <settingsBar+0x3d8>)
10002148:	4b2a      	ldr	r3, [pc, #168]	@ (100021f4 <settingsBar+0x3dc>)
1000214a:	f002 f9f2 	bl	10004532 <__wrap___aeabi_dsub>
1000214e:	f002 fad7 	bl	10004700 <__wrap___aeabi_d2f>
10002152:	6038      	str	r0, [r7, #0]
10002154:	e79d      	b.n	10002092 <settingsBar+0x27a>
10002156:	4643      	mov	r3, r8
10002158:	21fc      	movs	r1, #252	@ 0xfc
1000215a:	681e      	ldr	r6, [r3, #0]
1000215c:	0589      	lsls	r1, r1, #22
1000215e:	1c30      	adds	r0, r6, #0
10002160:	f002 fe7e 	bl	10004e60 <__wrap___aeabi_fcmpgt>
10002164:	2800      	cmp	r0, #0
10002166:	d094      	beq.n	10002092 <settingsBar+0x27a>
10002168:	21fc      	movs	r1, #252	@ 0xfc
1000216a:	1c30      	adds	r0, r6, #0
1000216c:	0589      	lsls	r1, r1, #22
1000216e:	f002 fe20 	bl	10004db2 <__wrap___aeabi_fsub>
10002172:	4643      	mov	r3, r8
10002174:	6018      	str	r0, [r3, #0]
10002176:	e78c      	b.n	10002092 <settingsBar+0x27a>
10002178:	230a      	movs	r3, #10
1000217a:	464a      	mov	r2, r9
1000217c:	6013      	str	r3, [r2, #0]
1000217e:	e758      	b.n	10002032 <settingsBar+0x21a>
10002180:	2301      	movs	r3, #1
10002182:	4652      	mov	r2, sl
10002184:	7013      	strb	r3, [r2, #0]
10002186:	e754      	b.n	10002032 <settingsBar+0x21a>
10002188:	2000bf74 	.word	0x2000bf74
1000218c:	2000bf6b 	.word	0x2000bf6b
10002190:	100092e0 	.word	0x100092e0
10002194:	0000ffff 	.word	0x0000ffff
10002198:	100092d8 	.word	0x100092d8
1000219c:	100092e8 	.word	0x100092e8
100021a0:	100092f0 	.word	0x100092f0
100021a4:	20001038 	.word	0x20001038
100021a8:	42c80000 	.word	0x42c80000
100021ac:	100092f8 	.word	0x100092f8
100021b0:	2000bf73 	.word	0x2000bf73
100021b4:	20001040 	.word	0x20001040
100021b8:	100092c4 	.word	0x100092c4
100021bc:	2000bf44 	.word	0x2000bf44
100021c0:	2000103c 	.word	0x2000103c
100021c4:	10009310 	.word	0x10009310
100021c8:	20001044 	.word	0x20001044
100021cc:	10009318 	.word	0x10009318
100021d0:	447a0000 	.word	0x447a0000
100021d4:	10009b2c 	.word	0x10009b2c
100021d8:	10009300 	.word	0x10009300
100021dc:	1000931c 	.word	0x1000931c
100021e0:	10009b40 	.word	0x10009b40
100021e4:	4b742400 	.word	0x4b742400
100021e8:	10009308 	.word	0x10009308
100021ec:	423c0000 	.word	0x423c0000
100021f0:	9999999a 	.word	0x9999999a
100021f4:	3fb99999 	.word	0x3fb99999
100021f8:	6838      	ldr	r0, [r7, #0]
100021fa:	f002 fe95 	bl	10004f28 <__wrap___aeabi_f2d>
100021fe:	4a1d      	ldr	r2, [pc, #116]	@ (10002274 <settingsBar+0x45c>)
10002200:	4b1d      	ldr	r3, [pc, #116]	@ (10002278 <settingsBar+0x460>)
10002202:	f002 f99f 	bl	10004544 <__wrap___aeabi_dadd>
10002206:	f002 fa7b 	bl	10004700 <__wrap___aeabi_d2f>
1000220a:	6038      	str	r0, [r7, #0]
1000220c:	e711      	b.n	10002032 <settingsBar+0x21a>
1000220e:	4643      	mov	r3, r8
10002210:	681d      	ldr	r5, [r3, #0]
10002212:	491a      	ldr	r1, [pc, #104]	@ (1000227c <settingsBar+0x464>)
10002214:	1c28      	adds	r0, r5, #0
10002216:	f002 fe15 	bl	10004e44 <__wrap___aeabi_fcmplt>
1000221a:	2800      	cmp	r0, #0
1000221c:	d100      	bne.n	10002220 <settingsBar+0x408>
1000221e:	e708      	b.n	10002032 <settingsBar+0x21a>
10002220:	21fc      	movs	r1, #252	@ 0xfc
10002222:	1c28      	adds	r0, r5, #0
10002224:	0589      	lsls	r1, r1, #22
10002226:	f002 fdc7 	bl	10004db8 <__wrap___aeabi_fadd>
1000222a:	4643      	mov	r3, r8
1000222c:	6018      	str	r0, [r3, #0]
1000222e:	e700      	b.n	10002032 <settingsBar+0x21a>
10002230:	4913      	ldr	r1, [pc, #76]	@ (10002280 <settingsBar+0x468>)
10002232:	1c30      	adds	r0, r6, #0
10002234:	f002 fdc0 	bl	10004db8 <__wrap___aeabi_fadd>
10002238:	1c01      	adds	r1, r0, #0
1000223a:	e6f2      	b.n	10002022 <settingsBar+0x20a>
1000223c:	1c30      	adds	r0, r6, #0
1000223e:	4910      	ldr	r1, [pc, #64]	@ (10002280 <settingsBar+0x468>)
10002240:	f002 fdb7 	bl	10004db2 <__wrap___aeabi_fsub>
10002244:	1c06      	adds	r6, r0, #0
10002246:	6028      	str	r0, [r5, #0]
10002248:	e71b      	b.n	10002082 <settingsBar+0x26a>
1000224a:	490e      	ldr	r1, [pc, #56]	@ (10002284 <settingsBar+0x46c>)
1000224c:	1c30      	adds	r0, r6, #0
1000224e:	f002 fdb3 	bl	10004db8 <__wrap___aeabi_fadd>
10002252:	1c01      	adds	r1, r0, #0
10002254:	e6e5      	b.n	10002022 <settingsBar+0x20a>
10002256:	490b      	ldr	r1, [pc, #44]	@ (10002284 <settingsBar+0x46c>)
10002258:	1c30      	adds	r0, r6, #0
1000225a:	f002 fe01 	bl	10004e60 <__wrap___aeabi_fcmpgt>
1000225e:	2800      	cmp	r0, #0
10002260:	d100      	bne.n	10002264 <settingsBar+0x44c>
10002262:	e70e      	b.n	10002082 <settingsBar+0x26a>
10002264:	1c30      	adds	r0, r6, #0
10002266:	4907      	ldr	r1, [pc, #28]	@ (10002284 <settingsBar+0x46c>)
10002268:	f002 fda3 	bl	10004db2 <__wrap___aeabi_fsub>
1000226c:	1c06      	adds	r6, r0, #0
1000226e:	6028      	str	r0, [r5, #0]
10002270:	e707      	b.n	10002082 <settingsBar+0x26a>
10002272:	46c0      	nop			@ (mov r8, r8)
10002274:	9999999a 	.word	0x9999999a
10002278:	3fb99999 	.word	0x3fb99999
1000227c:	41100000 	.word	0x41100000
10002280:	447a0000 	.word	0x447a0000
10002284:	41200000 	.word	0x41200000

10002288 <outputCSV>:
10002288:	b5f0      	push	{r4, r5, r6, r7, lr}
1000228a:	46de      	mov	lr, fp
1000228c:	4657      	mov	r7, sl
1000228e:	4645      	mov	r5, r8
10002290:	464e      	mov	r6, r9
10002292:	b5e0      	push	{r5, r6, r7, lr}
10002294:	0005      	movs	r5, r0
10002296:	b095      	sub	sp, #84	@ 0x54
10002298:	2001      	movs	r0, #1
1000229a:	f7fe fb2f 	bl	100008fc <setTextSize>
1000229e:	2105      	movs	r1, #5
100022a0:	2002      	movs	r0, #2
100022a2:	f7fe fb17 	bl	100008d4 <setCursor>
100022a6:	49b3      	ldr	r1, [pc, #716]	@ (10002574 <outputCSV+0x2ec>)
100022a8:	2000      	movs	r0, #0
100022aa:	f7fe fb1d 	bl	100008e8 <setTextColor>
100022ae:	48b2      	ldr	r0, [pc, #712]	@ (10002578 <outputCSV+0x2f0>)
100022b0:	f7fe fbac 	bl	10000a0c <printString>
100022b4:	48b1      	ldr	r0, [pc, #708]	@ (1000257c <outputCSV+0x2f4>)
100022b6:	f7fe fba9 	bl	10000a0c <printString>
100022ba:	f7fe ff73 	bl	100011a4 <panelFlush>
100022be:	ab0a      	add	r3, sp, #40	@ 0x28
100022c0:	469a      	mov	sl, r3
100022c2:	4654      	mov	r4, sl
100022c4:	4bae      	ldr	r3, [pc, #696]	@ (10002580 <outputCSV+0x2f8>)
100022c6:	cb07      	ldmia	r3!, {r0, r1, r2}
100022c8:	c407      	stmia	r4!, {r0, r1, r2}
100022ca:	2d02      	cmp	r5, #2
100022cc:	d100      	bne.n	100022d0 <outputCSV+0x48>
100022ce:	e077      	b.n	100023c0 <outputCSV+0x138>
100022d0:	ab02      	add	r3, sp, #8
100022d2:	469c      	mov	ip, r3
100022d4:	2035      	movs	r0, #53	@ 0x35
100022d6:	49ab      	ldr	r1, [pc, #684]	@ (10002584 <outputCSV+0x2fc>)
100022d8:	4460      	add	r0, ip
100022da:	2202      	movs	r2, #2
100022dc:	f002 fea8 	bl	10005030 <__wrap___aeabi_memcpy>
100022e0:	4652      	mov	r2, sl
100022e2:	4ba9      	ldr	r3, [pc, #676]	@ (10002588 <outputCSV+0x300>)
100022e4:	af02      	add	r7, sp, #8
100022e6:	cb23      	ldmia	r3!, {r0, r1, r5}
100022e8:	c223      	stmia	r2!, {r0, r1, r5}
100022ea:	cb03      	ldmia	r3!, {r0, r1}
100022ec:	c203      	stmia	r2!, {r0, r1}
100022ee:	781b      	ldrb	r3, [r3, #0]
100022f0:	2102      	movs	r1, #2
100022f2:	7013      	strb	r3, [r2, #0]
100022f4:	4ba5      	ldr	r3, [pc, #660]	@ (1000258c <outputCSV+0x304>)
100022f6:	003a      	movs	r2, r7
100022f8:	6818      	ldr	r0, [r3, #0]
100022fa:	4699      	mov	r9, r3
100022fc:	f7fe f8e4 	bl	100004c8 <printFloat>
10002300:	003a      	movs	r2, r7
10002302:	49a3      	ldr	r1, [pc, #652]	@ (10002590 <outputCSV+0x308>)
10002304:	4650      	mov	r0, sl
10002306:	f004 fae5 	bl	100068d4 <__wrap_sprintf>
1000230a:	2280      	movs	r2, #128	@ 0x80
1000230c:	49a1      	ldr	r1, [pc, #644]	@ (10002594 <outputCSV+0x30c>)
1000230e:	0052      	lsls	r2, r2, #1
10002310:	4650      	mov	r0, sl
10002312:	f004 fadf 	bl	100068d4 <__wrap_sprintf>
10002316:	4ba0      	ldr	r3, [pc, #640]	@ (10002598 <outputCSV+0x310>)
10002318:	49a0      	ldr	r1, [pc, #640]	@ (1000259c <outputCSV+0x314>)
1000231a:	681a      	ldr	r2, [r3, #0]
1000231c:	4650      	mov	r0, sl
1000231e:	f004 fad9 	bl	100068d4 <__wrap_sprintf>
10002322:	2005      	movs	r0, #5
10002324:	f7fe f84c 	bl	100003c0 <bspDelayMs>
10002328:	46bc      	mov	ip, r7
1000232a:	202b      	movs	r0, #43	@ 0x2b
1000232c:	4b9c      	ldr	r3, [pc, #624]	@ (100025a0 <outputCSV+0x318>)
1000232e:	499d      	ldr	r1, [pc, #628]	@ (100025a4 <outputCSV+0x31c>)
10002330:	681a      	ldr	r2, [r3, #0]
10002332:	4460      	add	r0, ip
10002334:	6022      	str	r2, [r4, #0]
10002336:	889a      	ldrh	r2, [r3, #4]
10002338:	80a2      	strh	r2, [r4, #4]
1000233a:	799b      	ldrb	r3, [r3, #6]
1000233c:	2202      	movs	r2, #2
1000233e:	71a3      	strb	r3, [r4, #6]
10002340:	f002 fe76 	bl	10005030 <__wrap___aeabi_memcpy>
10002344:	4652      	mov	r2, sl
10002346:	2400      	movs	r4, #0
10002348:	4b97      	ldr	r3, [pc, #604]	@ (100025a8 <outputCSV+0x320>)
1000234a:	4e98      	ldr	r6, [pc, #608]	@ (100025ac <outputCSV+0x324>)
1000234c:	cb03      	ldmia	r3!, {r0, r1}
1000234e:	c203      	stmia	r2!, {r0, r1}
10002350:	8819      	ldrh	r1, [r3, #0]
10002352:	8011      	strh	r1, [r2, #0]
10002354:	789b      	ldrb	r3, [r3, #2]
10002356:	7093      	strb	r3, [r2, #2]
10002358:	4b95      	ldr	r3, [pc, #596]	@ (100025b0 <outputCSV+0x328>)
1000235a:	469b      	mov	fp, r3
1000235c:	ab06      	add	r3, sp, #24
1000235e:	4698      	mov	r8, r3
10002360:	4b94      	ldr	r3, [pc, #592]	@ (100025b4 <outputCSV+0x32c>)
10002362:	9301      	str	r3, [sp, #4]
10002364:	465b      	mov	r3, fp
10002366:	6818      	ldr	r0, [r3, #0]
10002368:	f002 fd84 	bl	10004e74 <__wrap___aeabi_i2f>
1000236c:	1c05      	adds	r5, r0, #0
1000236e:	8830      	ldrh	r0, [r6, #0]
10002370:	f7ff f93a 	bl	100015e8 <frontendVoltage>
10002374:	1c01      	adds	r1, r0, #0
10002376:	1c28      	adds	r0, r5, #0
10002378:	f002 fd35 	bl	10004de6 <__wrap___aeabi_fmul>
1000237c:	003a      	movs	r2, r7
1000237e:	2103      	movs	r1, #3
10002380:	f7fe f8a2 	bl	100004c8 <printFloat>
10002384:	0020      	movs	r0, r4
10002386:	f002 fd75 	bl	10004e74 <__wrap___aeabi_i2f>
1000238a:	464b      	mov	r3, r9
1000238c:	6819      	ldr	r1, [r3, #0]
1000238e:	f002 fd2a 	bl	10004de6 <__wrap___aeabi_fmul>
10002392:	4642      	mov	r2, r8
10002394:	2103      	movs	r1, #3
10002396:	f7fe f897 	bl	100004c8 <printFloat>
1000239a:	003b      	movs	r3, r7
1000239c:	4642      	mov	r2, r8
1000239e:	4650      	mov	r0, sl
100023a0:	9901      	ldr	r1, [sp, #4]
100023a2:	f004 fa97 	bl	100068d4 <__wrap_sprintf>
100023a6:	2380      	movs	r3, #128	@ 0x80
100023a8:	3401      	adds	r4, #1
100023aa:	3602      	adds	r6, #2
100023ac:	005b      	lsls	r3, r3, #1
100023ae:	429c      	cmp	r4, r3
100023b0:	d1d8      	bne.n	10002364 <outputCSV+0xdc>
100023b2:	b015      	add	sp, #84	@ 0x54
100023b4:	bcf0      	pop	{r4, r5, r6, r7}
100023b6:	46bb      	mov	fp, r7
100023b8:	46b2      	mov	sl, r6
100023ba:	46a9      	mov	r9, r5
100023bc:	46a0      	mov	r8, r4
100023be:	bdf0      	pop	{r4, r5, r6, r7, pc}
100023c0:	4650      	mov	r0, sl
100023c2:	f006 fe73 	bl	100090ac <strlen>
100023c6:	0001      	movs	r1, r0
100023c8:	4650      	mov	r0, sl
100023ca:	f7fe f819 	bl	10000400 <bspUartWrite>
100023ce:	4652      	mov	r2, sl
100023d0:	4b79      	ldr	r3, [pc, #484]	@ (100025b8 <outputCSV+0x330>)
100023d2:	af02      	add	r7, sp, #8
100023d4:	cb23      	ldmia	r3!, {r0, r1, r5}
100023d6:	c223      	stmia	r2!, {r0, r1, r5}
100023d8:	681a      	ldr	r2, [r3, #0]
100023da:	4650      	mov	r0, sl
100023dc:	6022      	str	r2, [r4, #0]
100023de:	889a      	ldrh	r2, [r3, #4]
100023e0:	80a2      	strh	r2, [r4, #4]
100023e2:	799b      	ldrb	r3, [r3, #6]
100023e4:	71a3      	strb	r3, [r4, #6]
100023e6:	f006 fe61 	bl	100090ac <strlen>
100023ea:	0001      	movs	r1, r0
100023ec:	4650      	mov	r0, sl
100023ee:	f7fe f807 	bl	10000400 <bspUartWrite>
100023f2:	4652      	mov	r2, sl
100023f4:	4b71      	ldr	r3, [pc, #452]	@ (100025bc <outputCSV+0x334>)
100023f6:	cb23      	ldmia	r3!, {r0, r1, r5}
100023f8:	c223      	stmia	r2!, {r0, r1, r5}
100023fa:	4650      	mov	r0, sl
100023fc:	f006 fe56 	bl	100090ac <strlen>
10002400:	4655      	mov	r5, sl
10002402:	0001      	movs	r1, r0
10002404:	4650      	mov	r0, sl
10002406:	f7fd fffb 	bl	10000400 <bspUartWrite>
1000240a:	4b6d      	ldr	r3, [pc, #436]	@ (100025c0 <outputCSV+0x338>)
1000240c:	cb07      	ldmia	r3!, {r0, r1, r2}
1000240e:	c507      	stmia	r5!, {r0, r1, r2}
10002410:	0025      	movs	r5, r4
10002412:	cb06      	ldmia	r3!, {r1, r2}
10002414:	c506      	stmia	r5!, {r1, r2}
10002416:	881a      	ldrh	r2, [r3, #0]
10002418:	4650      	mov	r0, sl
1000241a:	802a      	strh	r2, [r5, #0]
1000241c:	789b      	ldrb	r3, [r3, #2]
1000241e:	70ab      	strb	r3, [r5, #2]
10002420:	f006 fe44 	bl	100090ac <strlen>
10002424:	0001      	movs	r1, r0
10002426:	4650      	mov	r0, sl
10002428:	f7fd ffea 	bl	10000400 <bspUartWrite>
1000242c:	4652      	mov	r2, sl
1000242e:	4b56      	ldr	r3, [pc, #344]	@ (10002588 <outputCSV+0x300>)
10002430:	cb43      	ldmia	r3!, {r0, r1, r6}
10002432:	c243      	stmia	r2!, {r0, r1, r6}
10002434:	0022      	movs	r2, r4
10002436:	cb03      	ldmia	r3!, {r0, r1}
10002438:	c203      	stmia	r2!, {r0, r1}
1000243a:	781b      	ldrb	r3, [r3, #0]
1000243c:	4650      	mov	r0, sl
1000243e:	702b      	strb	r3, [r5, #0]
10002440:	f006 fe34 	bl	100090ac <strlen>
10002444:	0001      	movs	r1, r0
10002446:	4650      	mov	r0, sl
10002448:	f7fd ffda 	bl	10000400 <bspUartWrite>
1000244c:	4b4f      	ldr	r3, [pc, #316]	@ (1000258c <outputCSV+0x304>)
1000244e:	003a      	movs	r2, r7
10002450:	6818      	ldr	r0, [r3, #0]
10002452:	2102      	movs	r1, #2
10002454:	4699      	mov	r9, r3
10002456:	f7fe f837 	bl	100004c8 <printFloat>
1000245a:	003a      	movs	r2, r7
1000245c:	494c      	ldr	r1, [pc, #304]	@ (10002590 <outputCSV+0x308>)
1000245e:	4650      	mov	r0, sl
10002460:	f004 fa38 	bl	100068d4 <__wrap_sprintf>
10002464:	4650      	mov	r0, sl
10002466:	f006 fe21 	bl	100090ac <strlen>
1000246a:	0001      	movs	r1, r0
1000246c:	4650      	mov	r0, sl
1000246e:	f7fd ffc7 	bl	10000400 <bspUartWrite>
10002472:	2280      	movs	r2, #128	@ 0x80
10002474:	4947      	ldr	r1, [pc, #284]	@ (10002594 <outputCSV+0x30c>)
10002476:	0052      	lsls	r2, r2, #1
10002478:	4650      	mov	r0, sl
1000247a:	f004 fa2b 	bl	100068d4 <__wrap_sprintf>
1000247e:	4650      	mov	r0, sl
10002480:	f006 fe14 	bl	100090ac <strlen>
10002484:	0001      	movs	r1, r0
10002486:	4650      	mov	r0, sl
10002488:	f7fd ffba 	bl	10000400 <bspUartWrite>
1000248c:	4b42      	ldr	r3, [pc, #264]	@ (10002598 <outputCSV+0x310>)
1000248e:	4943      	ldr	r1, [pc, #268]	@ (1000259c <outputCSV+0x314>)
10002490:	681a      	ldr	r2, [r3, #0]
10002492:	4650      	mov	r0, sl
10002494:	f004 fa1e 	bl	100068d4 <__wrap_sprintf>
10002498:	4650      	mov	r0, sl
1000249a:	f006 fe07 	bl	100090ac <strlen>
1000249e:	0001      	movs	r1, r0
100024a0:	4650      	mov	r0, sl
100024a2:	f7fd ffad 	bl	10000400 <bspUartWrite>
100024a6:	2005      	movs	r0, #5
100024a8:	f7fd ff8a 	bl	100003c0 <bspDelayMs>
100024ac:	4652      	mov	r2, sl
100024ae:	4b45      	ldr	r3, [pc, #276]	@ (100025c4 <outputCSV+0x33c>)
100024b0:	cb23      	ldmia	r3!, {r0, r1, r5}
100024b2:	c223      	stmia	r2!, {r0, r1, r5}
100024b4:	681a      	ldr	r2, [r3, #0]
100024b6:	4650      	mov	r0, sl
100024b8:	6022      	str	r2, [r4, #0]
100024ba:	889a      	ldrh	r2, [r3, #4]
100024bc:	80a2      	strh	r2, [r4, #4]
100024be:	799b      	ldrb	r3, [r3, #6]
100024c0:	71a3      	strb	r3, [r4, #6]
100024c2:	f006 fdf3 	bl	100090ac <strlen>
100024c6:	0001      	movs	r1, r0
100024c8:	4650      	mov	r0, sl
100024ca:	f7fd ff99 	bl	10000400 <bspUartWrite>
100024ce:	4652      	mov	r2, sl
100024d0:	4b3d      	ldr	r3, [pc, #244]	@ (100025c8 <outputCSV+0x340>)
100024d2:	cb23      	ldmia	r3!, {r0, r1, r5}
100024d4:	c223      	stmia	r2!, {r0, r1, r5}
100024d6:	781b      	ldrb	r3, [r3, #0]
100024d8:	4650      	mov	r0, sl
100024da:	7023      	strb	r3, [r4, #0]
100024dc:	f006 fde6 	bl	100090ac <strlen>
100024e0:	0001      	movs	r1, r0
100024e2:	4650      	mov	r0, sl
100024e4:	f7fd ff8c 	bl	10000400 <bspUartWrite>
100024e8:	4652      	mov	r2, sl
100024ea:	4b2f      	ldr	r3, [pc, #188]	@ (100025a8 <outputCSV+0x320>)
100024ec:	2400      	movs	r4, #0
100024ee:	cb03      	ldmia	r3!, {r0, r1}
100024f0:	c203      	stmia	r2!, {r0, r1}
100024f2:	8819      	ldrh	r1, [r3, #0]
100024f4:	4650      	mov	r0, sl
100024f6:	8011      	strh	r1, [r2, #0]
100024f8:	789b      	ldrb	r3, [r3, #2]
100024fa:	7093      	strb	r3, [r2, #2]
100024fc:	f006 fdd6 	bl	100090ac <strlen>
10002500:	0001      	movs	r1, r0
10002502:	4650      	mov	r0, sl
10002504:	f7fd ff7c 	bl	10000400 <bspUartWrite>
10002508:	4b29      	ldr	r3, [pc, #164]	@ (100025b0 <outputCSV+0x328>)
1000250a:	4e28      	ldr	r6, [pc, #160]	@ (100025ac <outputCSV+0x324>)
1000250c:	469b      	mov	fp, r3
1000250e:	ab06      	add	r3, sp, #24
10002510:	4698      	mov	r8, r3
10002512:	4b28      	ldr	r3, [pc, #160]	@ (100025b4 <outputCSV+0x32c>)
10002514:	9301      	str	r3, [sp, #4]
10002516:	465b      	mov	r3, fp
10002518:	6818      	ldr	r0, [r3, #0]
1000251a:	f002 fcab 	bl	10004e74 <__wrap___aeabi_i2f>
1000251e:	1c05      	adds	r5, r0, #0
10002520:	8830      	ldrh	r0, [r6, #0]
10002522:	f7ff f861 	bl	100015e8 <frontendVoltage>
10002526:	1c01      	adds	r1, r0, #0
10002528:	1c28      	adds	r0, r5, #0
1000252a:	f002 fc5c 	bl	10004de6 <__wrap___aeabi_fmul>
1000252e:	003a      	movs	r2, r7
10002530:	2103      	movs	r1, #3
10002532:	f7fd ffc9 	bl	100004c8 <printFloat>
10002536:	0020      	movs	r0, r4
10002538:	f002 fc9c 	bl	10004e74 <__wrap___aeabi_i2f>
1000253c:	464b      	mov	r3, r9
1000253e:	6819      	ldr	r1, [r3, #0]
10002540:	f002 fc51 	bl	10004de6 <__wrap___aeabi_fmul>
10002544:	4642      	mov	r2, r8
10002546:	2103      	movs	r1, #3
10002548:	f7fd ffbe 	bl	100004c8 <printFloat>
1000254c:	003b      	movs	r3, r7
1000254e:	4642      	mov	r2, r8
10002550:	9901      	ldr	r1, [sp, #4]
10002552:	4650      	mov	r0, sl
10002554:	f004 f9be 	bl	100068d4 <__wrap_sprintf>
10002558:	4650      	mov	r0, sl
1000255a:	f006 fda7 	bl	100090ac <strlen>
1000255e:	0001      	movs	r1, r0
10002560:	4650      	mov	r0, sl
10002562:	f7fd ff4d 	bl	10000400 <bspUartWrite>
10002566:	2380      	movs	r3, #128	@ 0x80
10002568:	3401      	adds	r4, #1
1000256a:	3602      	adds	r6, #2
1000256c:	005b      	lsls	r3, r3, #1
1000256e:	429c      	cmp	r4, r3
10002570:	d1d1      	bne.n	10002516 <outputCSV+0x28e>
10002572:	e71e      	b.n	100023b2 <outputCSV+0x12a>
10002574:	0000ffff 	.word	0x0000ffff
10002578:	10009320 	.word	0x10009320
1000257c:	10009330 	.word	0x10009330
10002580:	1000933c 	.word	0x1000933c
10002584:	1000935d 	.word	0x1000935d
10002588:	10009360 	.word	0x10009360
1000258c:	2000bf28 	.word	0x2000bf28
10002590:	10009378 	.word	0x10009378
10002594:	10009394 	.word	0x10009394
10002598:	2000bf40 	.word	0x2000bf40
1000259c:	100093a8 	.word	0x100093a8
100025a0:	100093c4 	.word	0x100093c4
100025a4:	100093d7 	.word	0x100093d7
100025a8:	100093dc 	.word	0x100093dc
100025ac:	20001784 	.word	0x20001784
100025b0:	20001044 	.word	0x20001044
100025b4:	10009408 	.word	0x10009408
100025b8:	100093e8 	.word	0x100093e8
100025bc:	100093fc 	.word	0x100093fc
100025c0:	10009348 	.word	0x10009348
100025c4:	100093b8 	.word	0x100093b8
100025c8:	100093cc 	.word	0x100093cc

100025cc <outputTek>:
100025cc:	b5f0      	push	{r4, r5, r6, r7, lr}
100025ce:	46ce      	mov	lr, r9
100025d0:	4647      	mov	r7, r8
100025d2:	b580      	push	{r7, lr}
100025d4:	0004      	movs	r4, r0
100025d6:	b08f      	sub	sp, #60	@ 0x3c
100025d8:	2001      	movs	r0, #1
100025da:	f7fe f98f 	bl	100008fc <setTextSize>
100025de:	2105      	movs	r1, #5
100025e0:	2002      	movs	r0, #2
100025e2:	f7fe f977 	bl	100008d4 <setCursor>
100025e6:	499e      	ldr	r1, [pc, #632]	@ (10002860 <outputTek+0x294>)
100025e8:	2000      	movs	r0, #0
100025ea:	f7fe f97d 	bl	100008e8 <setTextColor>
100025ee:	489d      	ldr	r0, [pc, #628]	@ (10002864 <outputTek+0x298>)
100025f0:	f7fe fa0c 	bl	10000a0c <printString>
100025f4:	ad04      	add	r5, sp, #16
100025f6:	489c      	ldr	r0, [pc, #624]	@ (10002868 <outputTek+0x29c>)
100025f8:	f7fe fa08 	bl	10000a0c <printString>
100025fc:	f7fe fdd2 	bl	100011a4 <panelFlush>
10002600:	002a      	movs	r2, r5
10002602:	4b9a      	ldr	r3, [pc, #616]	@ (1000286c <outputTek+0x2a0>)
10002604:	cb43      	ldmia	r3!, {r0, r1, r6}
10002606:	c243      	stmia	r2!, {r0, r1, r6}
10002608:	781b      	ldrb	r3, [r3, #0]
1000260a:	7013      	strb	r3, [r2, #0]
1000260c:	2c02      	cmp	r4, #2
1000260e:	d100      	bne.n	10002612 <outputTek+0x46>
10002610:	e06d      	b.n	100026ee <outputTek+0x122>
10002612:	4b97      	ldr	r3, [pc, #604]	@ (10002870 <outputTek+0x2a4>)
10002614:	466a      	mov	r2, sp
10002616:	6818      	ldr	r0, [r3, #0]
10002618:	2102      	movs	r1, #2
1000261a:	f7fd ff55 	bl	100004c8 <printFloat>
1000261e:	4b95      	ldr	r3, [pc, #596]	@ (10002874 <outputTek+0x2a8>)
10002620:	466a      	mov	r2, sp
10002622:	0019      	movs	r1, r3
10002624:	0028      	movs	r0, r5
10002626:	4699      	mov	r9, r3
10002628:	f004 f954 	bl	100068d4 <__wrap_sprintf>
1000262c:	4b92      	ldr	r3, [pc, #584]	@ (10002878 <outputTek+0x2ac>)
1000262e:	466c      	mov	r4, sp
10002630:	4698      	mov	r8, r3
10002632:	781b      	ldrb	r3, [r3, #0]
10002634:	2b00      	cmp	r3, #0
10002636:	d13c      	bne.n	100026b2 <outputTek+0xe6>
10002638:	2280      	movs	r2, #128	@ 0x80
1000263a:	4e90      	ldr	r6, [pc, #576]	@ (1000287c <outputTek+0x2b0>)
1000263c:	0028      	movs	r0, r5
1000263e:	0031      	movs	r1, r6
10002640:	0052      	lsls	r2, r2, #1
10002642:	f004 f947 	bl	100068d4 <__wrap_sprintf>
10002646:	4643      	mov	r3, r8
10002648:	781b      	ldrb	r3, [r3, #0]
1000264a:	2b00      	cmp	r3, #0
1000264c:	d03b      	beq.n	100026c6 <outputTek+0xfa>
1000264e:	2200      	movs	r2, #0
10002650:	0031      	movs	r1, r6
10002652:	0028      	movs	r0, r5
10002654:	f004 f93e 	bl	100068d4 <__wrap_sprintf>
10002658:	4b89      	ldr	r3, [pc, #548]	@ (10002880 <outputTek+0x2b4>)
1000265a:	0022      	movs	r2, r4
1000265c:	6818      	ldr	r0, [r3, #0]
1000265e:	2104      	movs	r1, #4
10002660:	f7fd ff32 	bl	100004c8 <printFloat>
10002664:	0022      	movs	r2, r4
10002666:	4649      	mov	r1, r9
10002668:	0028      	movs	r0, r5
1000266a:	f004 f933 	bl	100068d4 <__wrap_sprintf>
1000266e:	4b85      	ldr	r3, [pc, #532]	@ (10002884 <outputTek+0x2b8>)
10002670:	0031      	movs	r1, r6
10002672:	681a      	ldr	r2, [r3, #0]
10002674:	0028      	movs	r0, r5
10002676:	f004 f92d 	bl	100068d4 <__wrap_sprintf>
1000267a:	2001      	movs	r0, #1
1000267c:	f7fd fea0 	bl	100003c0 <bspDelayMs>
10002680:	4643      	mov	r3, r8
10002682:	781b      	ldrb	r3, [r3, #0]
10002684:	2b00      	cmp	r3, #0
10002686:	d025      	beq.n	100026d4 <outputTek+0x108>
10002688:	4b7f      	ldr	r3, [pc, #508]	@ (10002888 <outputTek+0x2bc>)
1000268a:	2400      	movs	r4, #0
1000268c:	4698      	mov	r8, r3
1000268e:	4f7f      	ldr	r7, [pc, #508]	@ (1000288c <outputTek+0x2c0>)
10002690:	4642      	mov	r2, r8
10002692:	683b      	ldr	r3, [r7, #0]
10002694:	0031      	movs	r1, r6
10002696:	18e3      	adds	r3, r4, r3
10002698:	005b      	lsls	r3, r3, #1
1000269a:	0028      	movs	r0, r5
1000269c:	5ad2      	ldrh	r2, [r2, r3]
1000269e:	3401      	adds	r4, #1
100026a0:	f004 f918 	bl	100068d4 <__wrap_sprintf>
100026a4:	2c80      	cmp	r4, #128	@ 0x80
100026a6:	d1f3      	bne.n	10002690 <outputTek+0xc4>
100026a8:	b00f      	add	sp, #60	@ 0x3c
100026aa:	bcc0      	pop	{r6, r7}
100026ac:	46b9      	mov	r9, r7
100026ae:	46b0      	mov	r8, r6
100026b0:	bdf0      	pop	{r4, r5, r6, r7, pc}
100026b2:	4e72      	ldr	r6, [pc, #456]	@ (1000287c <outputTek+0x2b0>)
100026b4:	2280      	movs	r2, #128	@ 0x80
100026b6:	0031      	movs	r1, r6
100026b8:	0028      	movs	r0, r5
100026ba:	f004 f90b 	bl	100068d4 <__wrap_sprintf>
100026be:	4643      	mov	r3, r8
100026c0:	781b      	ldrb	r3, [r3, #0]
100026c2:	2b00      	cmp	r3, #0
100026c4:	d1c3      	bne.n	1000264e <outputTek+0x82>
100026c6:	4f71      	ldr	r7, [pc, #452]	@ (1000288c <outputTek+0x2c0>)
100026c8:	0031      	movs	r1, r6
100026ca:	0028      	movs	r0, r5
100026cc:	683a      	ldr	r2, [r7, #0]
100026ce:	f004 f901 	bl	100068d4 <__wrap_sprintf>
100026d2:	e7c1      	b.n	10002658 <outputTek+0x8c>
100026d4:	2380      	movs	r3, #128	@ 0x80
100026d6:	4c6c      	ldr	r4, [pc, #432]	@ (10002888 <outputTek+0x2bc>)
100026d8:	009b      	lsls	r3, r3, #2
100026da:	18e7      	adds	r7, r4, r3
100026dc:	8822      	ldrh	r2, [r4, #0]
100026de:	0031      	movs	r1, r6
100026e0:	0028      	movs	r0, r5
100026e2:	3402      	adds	r4, #2
100026e4:	f004 f8f6 	bl	100068d4 <__wrap_sprintf>
100026e8:	42bc      	cmp	r4, r7
100026ea:	d1f7      	bne.n	100026dc <outputTek+0x110>
100026ec:	e7dc      	b.n	100026a8 <outputTek+0xdc>
100026ee:	0028      	movs	r0, r5
100026f0:	f006 fcdc 	bl	100090ac <strlen>
100026f4:	0001      	movs	r1, r0
100026f6:	0028      	movs	r0, r5
100026f8:	f7fd fe82 	bl	10000400 <bspUartWrite>
100026fc:	4b5c      	ldr	r3, [pc, #368]	@ (10002870 <outputTek+0x2a4>)
100026fe:	466a      	mov	r2, sp
10002700:	6818      	ldr	r0, [r3, #0]
10002702:	2102      	movs	r1, #2
10002704:	f7fd fee0 	bl	100004c8 <printFloat>
10002708:	4b5a      	ldr	r3, [pc, #360]	@ (10002874 <outputTek+0x2a8>)
1000270a:	466a      	mov	r2, sp
1000270c:	0019      	movs	r1, r3
1000270e:	0028      	movs	r0, r5
10002710:	4699      	mov	r9, r3
10002712:	f004 f8df 	bl	100068d4 <__wrap_sprintf>
10002716:	0028      	movs	r0, r5
10002718:	f006 fcc8 	bl	100090ac <strlen>
1000271c:	0001      	movs	r1, r0
1000271e:	0028      	movs	r0, r5
10002720:	f7fd fe6e 	bl	10000400 <bspUartWrite>
10002724:	4b54      	ldr	r3, [pc, #336]	@ (10002878 <outputTek+0x2ac>)
10002726:	466c      	mov	r4, sp
10002728:	4698      	mov	r8, r3
1000272a:	781b      	ldrb	r3, [r3, #0]
1000272c:	2b00      	cmp	r3, #0
1000272e:	d175      	bne.n	1000281c <outputTek+0x250>
10002730:	2280      	movs	r2, #128	@ 0x80
10002732:	4e52      	ldr	r6, [pc, #328]	@ (1000287c <outputTek+0x2b0>)
10002734:	0028      	movs	r0, r5
10002736:	0031      	movs	r1, r6
10002738:	0052      	lsls	r2, r2, #1
1000273a:	f004 f8cb 	bl	100068d4 <__wrap_sprintf>
1000273e:	0028      	movs	r0, r5
10002740:	f006 fcb4 	bl	100090ac <strlen>
10002744:	0001      	movs	r1, r0
10002746:	0028      	movs	r0, r5
10002748:	f7fd fe5a 	bl	10000400 <bspUartWrite>
1000274c:	4643      	mov	r3, r8
1000274e:	781b      	ldrb	r3, [r3, #0]
10002750:	2b00      	cmp	r3, #0
10002752:	d100      	bne.n	10002756 <outputTek+0x18a>
10002754:	e07d      	b.n	10002852 <outputTek+0x286>
10002756:	2200      	movs	r2, #0
10002758:	0031      	movs	r1, r6
1000275a:	0028      	movs	r0, r5
1000275c:	f004 f8ba 	bl	100068d4 <__wrap_sprintf>
10002760:	0028      	movs	r0, r5
10002762:	f006 fca3 	bl	100090ac <strlen>
10002766:	0001      	movs	r1, r0
10002768:	0028      	movs	r0, r5
1000276a:	f7fd fe49 	bl	10000400 <bspUartWrite>
1000276e:	4b44      	ldr	r3, [pc, #272]	@ (10002880 <outputTek+0x2b4>)
10002770:	0022      	movs	r2, r4
10002772:	6818      	ldr	r0, [r3, #0]
10002774:	2104      	movs	r1, #4
10002776:	f7fd fea7 	bl	100004c8 <printFloat>
1000277a:	0022      	movs	r2, r4
1000277c:	4649      	mov	r1, r9
1000277e:	0028      	movs	r0, r5
10002780:	f004 f8a8 	bl	100068d4 <__wrap_sprintf>
10002784:	0028      	movs	r0, r5
10002786:	f006 fc91 	bl	100090ac <strlen>
1000278a:	0001      	movs	r1, r0
1000278c:	0028      	movs	r0, r5
1000278e:	f7fd fe37 	bl	10000400 <bspUartWrite>
10002792:	4b3c      	ldr	r3, [pc, #240]	@ (10002884 <outputTek+0x2b8>)
10002794:	0031      	movs	r1, r6
10002796:	681a      	ldr	r2, [r3, #0]
10002798:	0028      	movs	r0, r5
1000279a:	f004 f89b 	bl	100068d4 <__wrap_sprintf>
1000279e:	0028      	movs	r0, r5
100027a0:	f006 fc84 	bl	100090ac <strlen>
100027a4:	0001      	movs	r1, r0
100027a6:	0028      	movs	r0, r5
100027a8:	f7fd fe2a 	bl	10000400 <bspUartWrite>
100027ac:	2001      	movs	r0, #1
100027ae:	f7fd fe07 	bl	100003c0 <bspDelayMs>
100027b2:	4643      	mov	r3, r8
100027b4:	781b      	ldrb	r3, [r3, #0]
100027b6:	2b00      	cmp	r3, #0
100027b8:	d037      	beq.n	1000282a <outputTek+0x25e>
100027ba:	4b33      	ldr	r3, [pc, #204]	@ (10002888 <outputTek+0x2bc>)
100027bc:	2400      	movs	r4, #0
100027be:	4698      	mov	r8, r3
100027c0:	4f32      	ldr	r7, [pc, #200]	@ (1000288c <outputTek+0x2c0>)
100027c2:	4642      	mov	r2, r8
100027c4:	683b      	ldr	r3, [r7, #0]
100027c6:	0031      	movs	r1, r6
100027c8:	18e3      	adds	r3, r4, r3
100027ca:	005b      	lsls	r3, r3, #1
100027cc:	5ad2      	ldrh	r2, [r2, r3]
100027ce:	0028      	movs	r0, r5
100027d0:	f004 f880 	bl	100068d4 <__wrap_sprintf>
100027d4:	0028      	movs	r0, r5
100027d6:	f006 fc69 	bl	100090ac <strlen>
100027da:	3401      	adds	r4, #1
100027dc:	0001      	movs	r1, r0
100027de:	0028      	movs	r0, r5
100027e0:	f7fd fe0e 	bl	10000400 <bspUartWrite>
100027e4:	2c80      	cmp	r4, #128	@ 0x80
100027e6:	d1ec      	bne.n	100027c2 <outputTek+0x1f6>
100027e8:	002a      	movs	r2, r5
100027ea:	4b29      	ldr	r3, [pc, #164]	@ (10002890 <outputTek+0x2c4>)
100027ec:	cb13      	ldmia	r3!, {r0, r1, r4}
100027ee:	c213      	stmia	r2!, {r0, r1, r4}
100027f0:	cb03      	ldmia	r3!, {r0, r1}
100027f2:	c203      	stmia	r2!, {r0, r1}
100027f4:	0028      	movs	r0, r5
100027f6:	f006 fc59 	bl	100090ac <strlen>
100027fa:	0001      	movs	r1, r0
100027fc:	0028      	movs	r0, r5
100027fe:	f7fd fdff 	bl	10000400 <bspUartWrite>
10002802:	4b24      	ldr	r3, [pc, #144]	@ (10002894 <outputTek+0x2c8>)
10002804:	0028      	movs	r0, r5
10002806:	881a      	ldrh	r2, [r3, #0]
10002808:	802a      	strh	r2, [r5, #0]
1000280a:	789b      	ldrb	r3, [r3, #2]
1000280c:	70ab      	strb	r3, [r5, #2]
1000280e:	f006 fc4d 	bl	100090ac <strlen>
10002812:	0001      	movs	r1, r0
10002814:	0028      	movs	r0, r5
10002816:	f7fd fdf3 	bl	10000400 <bspUartWrite>
1000281a:	e745      	b.n	100026a8 <outputTek+0xdc>
1000281c:	4e17      	ldr	r6, [pc, #92]	@ (1000287c <outputTek+0x2b0>)
1000281e:	2280      	movs	r2, #128	@ 0x80
10002820:	0031      	movs	r1, r6
10002822:	0028      	movs	r0, r5
10002824:	f004 f856 	bl	100068d4 <__wrap_sprintf>
10002828:	e789      	b.n	1000273e <outputTek+0x172>
1000282a:	2380      	movs	r3, #128	@ 0x80
1000282c:	4c16      	ldr	r4, [pc, #88]	@ (10002888 <outputTek+0x2bc>)
1000282e:	009b      	lsls	r3, r3, #2
10002830:	18e7      	adds	r7, r4, r3
10002832:	8822      	ldrh	r2, [r4, #0]
10002834:	0031      	movs	r1, r6
10002836:	0028      	movs	r0, r5
10002838:	f004 f84c 	bl	100068d4 <__wrap_sprintf>
1000283c:	0028      	movs	r0, r5
1000283e:	f006 fc35 	bl	100090ac <strlen>
10002842:	3402      	adds	r4, #2
10002844:	0001      	movs	r1, r0
10002846:	0028      	movs	r0, r5
10002848:	f7fd fdda 	bl	10000400 <bspUartWrite>
1000284c:	42bc      	cmp	r4, r7
1000284e:	d1f0      	bne.n	10002832 <outputTek+0x266>
10002850:	e7ca      	b.n	100027e8 <outputTek+0x21c>
10002852:	4f0e      	ldr	r7, [pc, #56]	@ (1000288c <outputTek+0x2c0>)
10002854:	0031      	movs	r1, r6
10002856:	0028      	movs	r0, r5
10002858:	683a      	ldr	r2, [r7, #0]
1000285a:	f004 f83b 	bl	100068d4 <__wrap_sprintf>
1000285e:	e77f      	b.n	10002760 <outputTek+0x194>
10002860:	0000ffff 	.word	0x0000ffff
10002864:	10009320 	.word	0x10009320
10002868:	10009330 	.word	0x10009330
1000286c:	10009414 	.word	0x10009414
10002870:	2000bf28 	.word	0x2000bf28
10002874:	10009424 	.word	0x10009424
10002878:	20001048 	.word	0x20001048
1000287c:	1000942c 	.word	0x1000942c
10002880:	20001034 	.word	0x20001034
10002884:	20001044 	.word	0x20001044
10002888:	20001784 	.word	0x20001784
1000288c:	2000bf40 	.word	0x2000bf40
10002890:	10009434 	.word	0x10009434
10002894:	100093e4 	.word	0x100093e4

10002898 <ui>:
10002898:	b510      	push	{r4, lr}
1000289a:	f7fd fec7 	bl	1000062c <clearDisplay>
1000289e:	200f      	movs	r0, #15
100028a0:	f7fd fd9a 	bl	100003d8 <bspButtonDown>
100028a4:	2800      	cmp	r0, #0
100028a6:	d125      	bne.n	100028f4 <ui+0x5c>
100028a8:	4c1a      	ldr	r4, [pc, #104]	@ (10002914 <ui+0x7c>)
100028aa:	7823      	ldrb	r3, [r4, #0]
100028ac:	2b00      	cmp	r3, #0
100028ae:	d11c      	bne.n	100028ea <ui+0x52>
100028b0:	f7fe fed4 	bl	1000165c <traceScreen>
100028b4:	f7ff f9d0 	bl	10001c58 <sideInfo>
100028b8:	f7ff faae 	bl	10001e18 <settingsBar>
100028bc:	4c16      	ldr	r4, [pc, #88]	@ (10002918 <ui+0x80>)
100028be:	7823      	ldrb	r3, [r4, #0]
100028c0:	2b00      	cmp	r3, #0
100028c2:	d008      	beq.n	100028d6 <ui+0x3e>
100028c4:	7823      	ldrb	r3, [r4, #0]
100028c6:	7820      	ldrb	r0, [r4, #0]
100028c8:	2b02      	cmp	r3, #2
100028ca:	d807      	bhi.n	100028dc <ui+0x44>
100028cc:	b2c0      	uxtb	r0, r0
100028ce:	f7ff fcdb 	bl	10002288 <outputCSV>
100028d2:	2300      	movs	r3, #0
100028d4:	7023      	strb	r3, [r4, #0]
100028d6:	f7fe fc65 	bl	100011a4 <panelFlush>
100028da:	bd10      	pop	{r4, pc}
100028dc:	3802      	subs	r0, #2
100028de:	b2c0      	uxtb	r0, r0
100028e0:	f7ff fe74 	bl	100025cc <outputTek>
100028e4:	2300      	movs	r3, #0
100028e6:	7023      	strb	r3, [r4, #0]
100028e8:	e7f5      	b.n	100028d6 <ui+0x3e>
100028ea:	f7ff f901 	bl	10001af0 <autoCal>
100028ee:	2300      	movs	r3, #0
100028f0:	7023      	strb	r3, [r4, #0]
100028f2:	e7dd      	b.n	100028b0 <ui+0x18>
100028f4:	2011      	movs	r0, #17
100028f6:	f7fd fd6f 	bl	100003d8 <bspButtonDown>
100028fa:	4c06      	ldr	r4, [pc, #24]	@ (10002914 <ui+0x7c>)
100028fc:	2800      	cmp	r0, #0
100028fe:	d0d4      	beq.n	100028aa <ui+0x12>
10002900:	2301      	movs	r3, #1
10002902:	2010      	movs	r0, #16
10002904:	7023      	strb	r3, [r4, #0]
10002906:	f7fd fd67 	bl	100003d8 <bspButtonDown>
1000290a:	2800      	cmp	r0, #0
1000290c:	d0cd      	beq.n	100028aa <ui+0x12>
1000290e:	f7fe fe43 	bl	10001598 <scopeResetDevice>
10002912:	e7ca      	b.n	100028aa <ui+0x12>
10002914:	2000bf69 	.word	0x2000bf69
10002918:	2000bf72 	.word	0x2000bf72

1000291c <gpio_set_function>:
1000291c:	4a09      	ldr	r2, [pc, #36]	@ (10002944 <gpio_set_function+0x28>)
1000291e:	0083      	lsls	r3, r0, #2
10002920:	189a      	adds	r2, r3, r2
10002922:	b510      	push	{r4, lr}
10002924:	6814      	ldr	r4, [r2, #0]
10002926:	2240      	movs	r2, #64	@ 0x40
10002928:	4054      	eors	r4, r2
1000292a:	3280      	adds	r2, #128	@ 0x80
1000292c:	4022      	ands	r2, r4
1000292e:	4c06      	ldr	r4, [pc, #24]	@ (10002948 <gpio_set_function+0x2c>)
10002930:	00c0      	lsls	r0, r0, #3
10002932:	46a4      	mov	ip, r4
10002934:	4463      	add	r3, ip
10002936:	601a      	str	r2, [r3, #0]
10002938:	4b04      	ldr	r3, [pc, #16]	@ (1000294c <gpio_set_function+0x30>)
1000293a:	469c      	mov	ip, r3
1000293c:	4460      	add	r0, ip
1000293e:	6041      	str	r1, [r0, #4]
10002940:	bd10      	pop	{r4, pc}
10002942:	46c0      	nop			@ (mov r8, r8)
10002944:	4001c004 	.word	0x4001c004
10002948:	4001d004 	.word	0x4001d004
1000294c:	40014000 	.word	0x40014000

10002950 <gpio_set_pulls>:
10002950:	4b07      	ldr	r3, [pc, #28]	@ (10002970 <gpio_set_pulls+0x20>)
10002952:	0080      	lsls	r0, r0, #2
10002954:	18c3      	adds	r3, r0, r3
10002956:	681b      	ldr	r3, [r3, #0]
10002958:	00c9      	lsls	r1, r1, #3
1000295a:	0092      	lsls	r2, r2, #2
1000295c:	430a      	orrs	r2, r1
1000295e:	405a      	eors	r2, r3
10002960:	230c      	movs	r3, #12
10002962:	4013      	ands	r3, r2
10002964:	4a03      	ldr	r2, [pc, #12]	@ (10002974 <gpio_set_pulls+0x24>)
10002966:	4694      	mov	ip, r2
10002968:	4460      	add	r0, ip
1000296a:	6003      	str	r3, [r0, #0]
1000296c:	4770      	bx	lr
1000296e:	46c0      	nop			@ (mov r8, r8)
10002970:	4001c004 	.word	0x4001c004
10002974:	4001d004 	.word	0x4001d004

10002978 <gpio_set_input_enabled>:
10002978:	0080      	lsls	r0, r0, #2
1000297a:	2900      	cmp	r1, #0
1000297c:	d005      	beq.n	1000298a <gpio_set_input_enabled+0x12>
1000297e:	4b06      	ldr	r3, [pc, #24]	@ (10002998 <gpio_set_input_enabled+0x20>)
10002980:	469c      	mov	ip, r3
10002982:	2340      	movs	r3, #64	@ 0x40
10002984:	4460      	add	r0, ip
10002986:	6003      	str	r3, [r0, #0]
10002988:	4770      	bx	lr
1000298a:	4b04      	ldr	r3, [pc, #16]	@ (1000299c <gpio_set_input_enabled+0x24>)
1000298c:	469c      	mov	ip, r3
1000298e:	2340      	movs	r3, #64	@ 0x40
10002990:	4460      	add	r0, ip
10002992:	6003      	str	r3, [r0, #0]
10002994:	e7f8      	b.n	10002988 <gpio_set_input_enabled+0x10>
10002996:	46c0      	nop			@ (mov r8, r8)
10002998:	4001e004 	.word	0x4001e004
1000299c:	4001f004 	.word	0x4001f004

100029a0 <gpio_init>:
100029a0:	2301      	movs	r3, #1
100029a2:	22d0      	movs	r2, #208	@ 0xd0
100029a4:	4083      	lsls	r3, r0
100029a6:	0612      	lsls	r2, r2, #24
100029a8:	6293      	str	r3, [r2, #40]	@ 0x28
100029aa:	6193      	str	r3, [r2, #24]
100029ac:	4a09      	ldr	r2, [pc, #36]	@ (100029d4 <gpio_init+0x34>)
100029ae:	0083      	lsls	r3, r0, #2
100029b0:	189a      	adds	r2, r3, r2
100029b2:	6811      	ldr	r1, [r2, #0]
100029b4:	2240      	movs	r2, #64	@ 0x40
100029b6:	4051      	eors	r1, r2
100029b8:	3280      	adds	r2, #128	@ 0x80
100029ba:	400a      	ands	r2, r1
100029bc:	4906      	ldr	r1, [pc, #24]	@ (100029d8 <gpio_init+0x38>)
100029be:	00c0      	lsls	r0, r0, #3
100029c0:	468c      	mov	ip, r1
100029c2:	4463      	add	r3, ip
100029c4:	601a      	str	r2, [r3, #0]
100029c6:	4b05      	ldr	r3, [pc, #20]	@ (100029dc <gpio_init+0x3c>)
100029c8:	469c      	mov	ip, r3
100029ca:	2305      	movs	r3, #5
100029cc:	4460      	add	r0, ip
100029ce:	6043      	str	r3, [r0, #4]
100029d0:	4770      	bx	lr
100029d2:	46c0      	nop			@ (mov r8, r8)
100029d4:	4001c004 	.word	0x4001c004
100029d8:	4001d004 	.word	0x4001d004
100029dc:	40014000 	.word	0x40014000

100029e0 <rp2040_chip_version>:
100029e0:	2380      	movs	r3, #128	@ 0x80
100029e2:	05db      	lsls	r3, r3, #23
100029e4:	6818      	ldr	r0, [r3, #0]
100029e6:	0f00      	lsrs	r0, r0, #28
100029e8:	4770      	bx	lr
100029ea:	46c0      	nop			@ (mov r8, r8)

100029ec <panic>:
100029ec:	b40f      	push	{r0, r1, r2, r3}
100029ee:	b500      	push	{lr}
100029f0:	4808      	ldr	r0, [pc, #32]	@ (10002a14 <panic+0x28>)
100029f2:	b083      	sub	sp, #12
100029f4:	f004 f8fa 	bl	10006bec <__wrap_puts>
100029f8:	9b04      	ldr	r3, [sp, #16]
100029fa:	2b00      	cmp	r3, #0
100029fc:	d007      	beq.n	10002a0e <panic+0x22>
100029fe:	a905      	add	r1, sp, #20
10002a00:	0018      	movs	r0, r3
10002a02:	9101      	str	r1, [sp, #4]
10002a04:	f003 ff7c 	bl	10006900 <weak_raw_vprintf>
10002a08:	4803      	ldr	r0, [pc, #12]	@ (10002a18 <panic+0x2c>)
10002a0a:	f004 f8ef 	bl	10006bec <__wrap_puts>
10002a0e:	2001      	movs	r0, #1
10002a10:	f003 ff8e 	bl	10006930 <_exit>
10002a14:	10009448 	.word	0x10009448
10002a18:	10009420 	.word	0x10009420

10002a1c <hw_claim_or_assert>:
10002a1c:	b570      	push	{r4, r5, r6, lr}
10002a1e:	f3ef 8c10 	mrs	ip, PRIMASK
10002a22:	b672      	cpsid	i
10002a24:	4d0d      	ldr	r5, [pc, #52]	@ (10002a5c <hw_claim_or_assert+0x40>)
10002a26:	682b      	ldr	r3, [r5, #0]
10002a28:	2b00      	cmp	r3, #0
10002a2a:	d0fc      	beq.n	10002a26 <hw_claim_or_assert+0xa>
10002a2c:	f3bf 8f5f 	dmb	sy
10002a30:	2407      	movs	r4, #7
10002a32:	08cb      	lsrs	r3, r1, #3
10002a34:	18c6      	adds	r6, r0, r3
10002a36:	5cc0      	ldrb	r0, [r0, r3]
10002a38:	2301      	movs	r3, #1
10002a3a:	400c      	ands	r4, r1
10002a3c:	40a3      	lsls	r3, r4
10002a3e:	001c      	movs	r4, r3
10002a40:	4004      	ands	r4, r0
10002a42:	4203      	tst	r3, r0
10002a44:	d107      	bne.n	10002a56 <hw_claim_or_assert+0x3a>
10002a46:	4318      	orrs	r0, r3
10002a48:	7030      	strb	r0, [r6, #0]
10002a4a:	f3bf 8f5f 	dmb	sy
10002a4e:	602c      	str	r4, [r5, #0]
10002a50:	f38c 8810 	msr	PRIMASK, ip
10002a54:	bd70      	pop	{r4, r5, r6, pc}
10002a56:	0010      	movs	r0, r2
10002a58:	f7ff ffc8 	bl	100029ec <panic>
10002a5c:	d000012c 	.word	0xd000012c

10002a60 <hw_claim_unused_from_range>:
10002a60:	b5f8      	push	{r3, r4, r5, r6, r7, lr}
10002a62:	4647      	mov	r7, r8
10002a64:	46ce      	mov	lr, r9
10002a66:	4688      	mov	r8, r1
10002a68:	b580      	push	{r7, lr}
10002a6a:	f3ef 8c10 	mrs	ip, PRIMASK
10002a6e:	b672      	cpsid	i
10002a70:	4d1c      	ldr	r5, [pc, #112]	@ (10002ae4 <hw_claim_unused_from_range+0x84>)
10002a72:	682c      	ldr	r4, [r5, #0]
10002a74:	2c00      	cmp	r4, #0
10002a76:	d0fc      	beq.n	10002a72 <hw_claim_unused_from_range+0x12>
10002a78:	f3bf 8f5f 	dmb	sy
10002a7c:	429a      	cmp	r2, r3
10002a7e:	d822      	bhi.n	10002ac6 <hw_claim_unused_from_range+0x66>
10002a80:	2107      	movs	r1, #7
10002a82:	2601      	movs	r6, #1
10002a84:	4689      	mov	r9, r1
10002a86:	e002      	b.n	10002a8e <hw_claim_unused_from_range+0x2e>
10002a88:	3201      	adds	r2, #1
10002a8a:	4293      	cmp	r3, r2
10002a8c:	d318      	bcc.n	10002ac0 <hw_claim_unused_from_range+0x60>
10002a8e:	464d      	mov	r5, r9
10002a90:	0037      	movs	r7, r6
10002a92:	4015      	ands	r5, r2
10002a94:	40af      	lsls	r7, r5
10002a96:	08d4      	lsrs	r4, r2, #3
10002a98:	1901      	adds	r1, r0, r4
10002a9a:	5d04      	ldrb	r4, [r0, r4]
10002a9c:	4227      	tst	r7, r4
10002a9e:	d1f3      	bne.n	10002a88 <hw_claim_unused_from_range+0x28>
10002aa0:	0010      	movs	r0, r2
10002aa2:	433c      	orrs	r4, r7
10002aa4:	700c      	strb	r4, [r1, #0]
10002aa6:	f3bf 8f5f 	dmb	sy
10002aaa:	2200      	movs	r2, #0
10002aac:	4b0d      	ldr	r3, [pc, #52]	@ (10002ae4 <hw_claim_unused_from_range+0x84>)
10002aae:	601a      	str	r2, [r3, #0]
10002ab0:	f38c 8810 	msr	PRIMASK, ip
10002ab4:	2800      	cmp	r0, #0
10002ab6:	db0e      	blt.n	10002ad6 <hw_claim_unused_from_range+0x76>
10002ab8:	bcc0      	pop	{r6, r7}
10002aba:	46b9      	mov	r9, r7
10002abc:	46b0      	mov	r8, r6
10002abe:	bdf8      	pop	{r3, r4, r5, r6, r7, pc}
10002ac0:	2001      	movs	r0, #1
10002ac2:	4240      	negs	r0, r0
10002ac4:	e7ef      	b.n	10002aa6 <hw_claim_unused_from_range+0x46>
10002ac6:	f3bf 8f5f 	dmb	sy
10002aca:	2300      	movs	r3, #0
10002acc:	602b      	str	r3, [r5, #0]
10002ace:	f38c 8810 	msr	PRIMASK, ip
10002ad2:	2001      	movs	r0, #1
10002ad4:	4240      	negs	r0, r0
10002ad6:	4643      	mov	r3, r8
10002ad8:	2b00      	cmp	r3, #0
10002ada:	d0ed      	beq.n	10002ab8 <hw_claim_unused_from_range+0x58>
10002adc:	9808      	ldr	r0, [sp, #32]
10002ade:	f7ff ff85 	bl	100029ec <panic>
10002ae2:	46c0      	nop			@ (mov r8, r8)
10002ae4:	d000012c 	.word	0xd000012c

10002ae8 <next_striped_spin_lock_num>:
10002ae8:	4a04      	ldr	r2, [pc, #16]	@ (10002afc <next_striped_spin_lock_num+0x14>)
10002aea:	7810      	ldrb	r0, [r2, #0]
10002aec:	1c43      	adds	r3, r0, #1
10002aee:	b2db      	uxtb	r3, r3
10002af0:	2b17      	cmp	r3, #23
10002af2:	d900      	bls.n	10002af6 <next_striped_spin_lock_num+0xe>
10002af4:	2310      	movs	r3, #16
10002af6:	7013      	strb	r3, [r2, #0]
10002af8:	4770      	bx	lr
10002afa:	46c0      	nop			@ (mov r8, r8)
10002afc:	20001049 	.word	0x20001049

10002b00 <spin_lock_claim_unused>:
10002b00:	b510      	push	{r4, lr}
10002b02:	4b06      	ldr	r3, [pc, #24]	@ (10002b1c <spin_lock_claim_unused+0x1c>)
10002b04:	4c06      	ldr	r4, [pc, #24]	@ (10002b20 <spin_lock_claim_unused+0x20>)
10002b06:	b082      	sub	sp, #8
10002b08:	0001      	movs	r1, r0
10002b0a:	9300      	str	r3, [sp, #0]
10002b0c:	2218      	movs	r2, #24
10002b0e:	231f      	movs	r3, #31
10002b10:	0020      	movs	r0, r4
10002b12:	f7ff ffa5 	bl	10002a60 <hw_claim_unused_from_range>
10002b16:	b002      	add	sp, #8
10002b18:	bd10      	pop	{r4, pc}
10002b1a:	46c0      	nop			@ (mov r8, r8)
10002b1c:	10009458 	.word	0x10009458
10002b20:	20001a8c 	.word	0x20001a8c

10002b24 <spin_locks_reset>:
10002b24:	2100      	movs	r1, #0
10002b26:	4b04      	ldr	r3, [pc, #16]	@ (10002b38 <spin_locks_reset+0x14>)
10002b28:	4a04      	ldr	r2, [pc, #16]	@ (10002b3c <spin_locks_reset+0x18>)
10002b2a:	f3bf 8f5f 	dmb	sy
10002b2e:	c302      	stmia	r3!, {r1}
10002b30:	4293      	cmp	r3, r2
10002b32:	d1fa      	bne.n	10002b2a <spin_locks_reset+0x6>
10002b34:	4770      	bx	lr
10002b36:	46c0      	nop			@ (mov r8, r8)
10002b38:	d0000100 	.word	0xd0000100
10002b3c:	d0000180 	.word	0xd0000180

10002b40 <runtime_init_per_core_irq_priorities>:
10002b40:	4b05      	ldr	r3, [pc, #20]	@ (10002b58 <runtime_init_per_core_irq_priorities+0x18>)
10002b42:	4a06      	ldr	r2, [pc, #24]	@ (10002b5c <runtime_init_per_core_irq_priorities+0x1c>)
10002b44:	6013      	str	r3, [r2, #0]
10002b46:	4a06      	ldr	r2, [pc, #24]	@ (10002b60 <runtime_init_per_core_irq_priorities+0x20>)
10002b48:	6013      	str	r3, [r2, #0]
10002b4a:	6053      	str	r3, [r2, #4]
10002b4c:	6093      	str	r3, [r2, #8]
10002b4e:	60d3      	str	r3, [r2, #12]
10002b50:	6113      	str	r3, [r2, #16]
10002b52:	6153      	str	r3, [r2, #20]
10002b54:	6193      	str	r3, [r2, #24]
10002b56:	4770      	bx	lr
10002b58:	80808080 	.word	0x80808080
10002b5c:	e000e400 	.word	0xe000e400
10002b60:	e000e404 	.word	0xe000e404

10002b64 <irq_set_enabled>:
10002b64:	231f      	movs	r3, #31
10002b66:	4018      	ands	r0, r3
10002b68:	3b1e      	subs	r3, #30
10002b6a:	4083      	lsls	r3, r0
10002b6c:	2900      	cmp	r1, #0
10002b6e:	d005      	beq.n	10002b7c <irq_set_enabled+0x18>
10002b70:	21c0      	movs	r1, #192	@ 0xc0
10002b72:	4a04      	ldr	r2, [pc, #16]	@ (10002b84 <irq_set_enabled+0x20>)
10002b74:	0049      	lsls	r1, r1, #1
10002b76:	5053      	str	r3, [r2, r1]
10002b78:	6013      	str	r3, [r2, #0]
10002b7a:	4770      	bx	lr
10002b7c:	2280      	movs	r2, #128	@ 0x80
10002b7e:	4901      	ldr	r1, [pc, #4]	@ (10002b84 <irq_set_enabled+0x20>)
10002b80:	508b      	str	r3, [r1, r2]
10002b82:	e7fa      	b.n	10002b7a <irq_set_enabled+0x16>
10002b84:	e000e100 	.word	0xe000e100

10002b88 <irq_is_enabled>:
10002b88:	2201      	movs	r2, #1
10002b8a:	4082      	lsls	r2, r0
10002b8c:	4b03      	ldr	r3, [pc, #12]	@ (10002b9c <irq_is_enabled+0x14>)
10002b8e:	681b      	ldr	r3, [r3, #0]
10002b90:	4013      	ands	r3, r2
10002b92:	1e5a      	subs	r2, r3, #1
10002b94:	4193      	sbcs	r3, r2
10002b96:	b2d8      	uxtb	r0, r3
10002b98:	4770      	bx	lr
10002b9a:	46c0      	nop			@ (mov r8, r8)
10002b9c:	e000e100 	.word	0xe000e100

10002ba0 <irq_set_pending>:
10002ba0:	2301      	movs	r3, #1
10002ba2:	2280      	movs	r2, #128	@ 0x80
10002ba4:	4083      	lsls	r3, r0
10002ba6:	4902      	ldr	r1, [pc, #8]	@ (10002bb0 <irq_set_pending+0x10>)
10002ba8:	0052      	lsls	r2, r2, #1
10002baa:	508b      	str	r3, [r1, r2]
10002bac:	4770      	bx	lr
10002bae:	46c0      	nop			@ (mov r8, r8)
10002bb0:	e000e100 	.word	0xe000e100

10002bb4 <irq_has_shared_handler>:
10002bb4:	4b06      	ldr	r3, [pc, #24]	@ (10002bd0 <irq_has_shared_handler+0x1c>)
10002bb6:	3010      	adds	r0, #16
10002bb8:	689b      	ldr	r3, [r3, #8]
10002bba:	0080      	lsls	r0, r0, #2
10002bbc:	58c3      	ldr	r3, [r0, r3]
10002bbe:	4a05      	ldr	r2, [pc, #20]	@ (10002bd4 <irq_has_shared_handler+0x20>)
10002bc0:	2000      	movs	r0, #0
10002bc2:	1a9b      	subs	r3, r3, r2
10002bc4:	2247      	movs	r2, #71	@ 0x47
10002bc6:	429a      	cmp	r2, r3
10002bc8:	4140      	adcs	r0, r0
10002bca:	b2c0      	uxtb	r0, r0
10002bcc:	4770      	bx	lr
10002bce:	46c0      	nop			@ (mov r8, r8)
10002bd0:	e000ed00 	.word	0xe000ed00
10002bd4:	2000104c 	.word	0x2000104c

10002bd8 <irq_set_exclusive_handler>:
10002bd8:	b510      	push	{r4, lr}
10002bda:	f3ef 8c10 	mrs	ip, PRIMASK
10002bde:	b672      	cpsid	i
10002be0:	4a0f      	ldr	r2, [pc, #60]	@ (10002c20 <irq_set_exclusive_handler+0x48>)
10002be2:	6813      	ldr	r3, [r2, #0]
10002be4:	2b00      	cmp	r3, #0
10002be6:	d0fc      	beq.n	10002be2 <irq_set_exclusive_handler+0xa>
10002be8:	f3bf 8f5f 	dmb	sy
10002bec:	4b0d      	ldr	r3, [pc, #52]	@ (10002c24 <irq_set_exclusive_handler+0x4c>)
10002bee:	3010      	adds	r0, #16
10002bf0:	689b      	ldr	r3, [r3, #8]
10002bf2:	0080      	lsls	r0, r0, #2
10002bf4:	581b      	ldr	r3, [r3, r0]
10002bf6:	4a0c      	ldr	r2, [pc, #48]	@ (10002c28 <irq_set_exclusive_handler+0x50>)
10002bf8:	4293      	cmp	r3, r2
10002bfa:	d001      	beq.n	10002c00 <irq_set_exclusive_handler+0x28>
10002bfc:	4299      	cmp	r1, r3
10002bfe:	d10c      	bne.n	10002c1a <irq_set_exclusive_handler+0x42>
10002c00:	4b08      	ldr	r3, [pc, #32]	@ (10002c24 <irq_set_exclusive_handler+0x4c>)
10002c02:	689b      	ldr	r3, [r3, #8]
10002c04:	5019      	str	r1, [r3, r0]
10002c06:	f3bf 8f5f 	dmb	sy
10002c0a:	f3bf 8f5f 	dmb	sy
10002c0e:	2200      	movs	r2, #0
10002c10:	4b03      	ldr	r3, [pc, #12]	@ (10002c20 <irq_set_exclusive_handler+0x48>)
10002c12:	601a      	str	r2, [r3, #0]
10002c14:	f38c 8810 	msr	PRIMASK, ip
10002c18:	bd10      	pop	{r4, pc}
10002c1a:	f001 f8fd 	bl	10003e18 <hard_assertion_failure>
10002c1e:	46c0      	nop			@ (mov r8, r8)
10002c20:	d0000124 	.word	0xd0000124
10002c24:	e000ed00 	.word	0xe000ed00
10002c28:	100001c1 	.word	0x100001c1

10002c2c <irq_add_shared_handler>:
10002c2c:	b5f0      	push	{r4, r5, r6, r7, lr}
10002c2e:	4657      	mov	r7, sl
10002c30:	464e      	mov	r6, r9
10002c32:	46de      	mov	lr, fp
10002c34:	4645      	mov	r5, r8
10002c36:	b5e0      	push	{r5, r6, r7, lr}
10002c38:	468a      	mov	sl, r1
10002c3a:	b085      	sub	sp, #20
10002c3c:	0006      	movs	r6, r0
10002c3e:	f3ef 8910 	mrs	r9, PRIMASK
10002c42:	b672      	cpsid	i
10002c44:	4963      	ldr	r1, [pc, #396]	@ (10002dd4 <irq_add_shared_handler+0x1a8>)
10002c46:	680b      	ldr	r3, [r1, #0]
10002c48:	2b00      	cmp	r3, #0
10002c4a:	d0fc      	beq.n	10002c46 <irq_add_shared_handler+0x1a>
10002c4c:	f3bf 8f5f 	dmb	sy
10002c50:	2100      	movs	r1, #0
10002c52:	4b61      	ldr	r3, [pc, #388]	@ (10002dd8 <irq_add_shared_handler+0x1ac>)
10002c54:	5659      	ldrsb	r1, [r3, r1]
10002c56:	468c      	mov	ip, r1
10002c58:	2900      	cmp	r1, #0
10002c5a:	da00      	bge.n	10002c5e <irq_add_shared_handler+0x32>
10002c5c:	e0b7      	b.n	10002dce <irq_add_shared_handler+0x1a2>
10002c5e:	0049      	lsls	r1, r1, #1
10002c60:	000d      	movs	r5, r1
10002c62:	4c5e      	ldr	r4, [pc, #376]	@ (10002ddc <irq_add_shared_handler+0x1b0>)
10002c64:	4465      	add	r5, ip
10002c66:	00ad      	lsls	r5, r5, #2
10002c68:	1967      	adds	r7, r4, r5
10002c6a:	9102      	str	r1, [sp, #8]
10002c6c:	79b9      	ldrb	r1, [r7, #6]
10002c6e:	3610      	adds	r6, #16
10002c70:	7019      	strb	r1, [r3, #0]
10002c72:	4b5b      	ldr	r3, [pc, #364]	@ (10002de0 <irq_add_shared_handler+0x1b4>)
10002c74:	00b1      	lsls	r1, r6, #2
10002c76:	689b      	ldr	r3, [r3, #8]
10002c78:	9101      	str	r1, [sp, #4]
10002c7a:	585b      	ldr	r3, [r3, r1]
10002c7c:	1b19      	subs	r1, r3, r4
10002c7e:	2947      	cmp	r1, #71	@ 0x47
10002c80:	d835      	bhi.n	10002cee <irq_add_shared_handler+0xc2>
10002c82:	2101      	movs	r1, #1
10002c84:	0018      	movs	r0, r3
10002c86:	4388      	bics	r0, r1
10002c88:	79c6      	ldrb	r6, [r0, #7]
10002c8a:	4296      	cmp	r6, r2
10002c8c:	d800      	bhi.n	10002c90 <irq_add_shared_handler+0x64>
10002c8e:	e075      	b.n	10002d7c <irq_add_shared_handler+0x150>
10002c90:	469b      	mov	fp, r3
10002c92:	9b02      	ldr	r3, [sp, #8]
10002c94:	9e01      	ldr	r6, [sp, #4]
10002c96:	4698      	mov	r8, r3
10002c98:	9503      	str	r5, [sp, #12]
10002c9a:	e007      	b.n	10002cac <irq_add_shared_handler+0x80>
10002c9c:	004d      	lsls	r5, r1, #1
10002c9e:	186d      	adds	r5, r5, r1
10002ca0:	00ad      	lsls	r5, r5, #2
10002ca2:	1965      	adds	r5, r4, r5
10002ca4:	79eb      	ldrb	r3, [r5, #7]
10002ca6:	4293      	cmp	r3, r2
10002ca8:	d94e      	bls.n	10002d48 <irq_add_shared_handler+0x11c>
10002caa:	0028      	movs	r0, r5
10002cac:	2106      	movs	r1, #6
10002cae:	5641      	ldrsb	r1, [r0, r1]
10002cb0:	2900      	cmp	r1, #0
10002cb2:	daf3      	bge.n	10002c9c <irq_add_shared_handler+0x70>
10002cb4:	4645      	mov	r5, r8
10002cb6:	465b      	mov	r3, fp
10002cb8:	9601      	str	r6, [sp, #4]
10002cba:	9502      	str	r5, [sp, #8]
10002cbc:	1d06      	adds	r6, r0, #4
10002cbe:	4d49      	ldr	r5, [pc, #292]	@ (10002de4 <irq_add_shared_handler+0x1b8>)
10002cc0:	9603      	str	r6, [sp, #12]
10002cc2:	9e03      	ldr	r6, [sp, #12]
10002cc4:	3f04      	subs	r7, #4
10002cc6:	1bbf      	subs	r7, r7, r6
10002cc8:	053f      	lsls	r7, r7, #20
10002cca:	4e47      	ldr	r6, [pc, #284]	@ (10002de8 <irq_add_shared_handler+0x1bc>)
10002ccc:	0d7f      	lsrs	r7, r7, #21
10002cce:	4337      	orrs	r7, r6
10002cd0:	4666      	mov	r6, ip
10002cd2:	8087      	strh	r7, [r0, #4]
10002cd4:	7186      	strb	r6, [r0, #6]
10002cd6:	9802      	ldr	r0, [sp, #8]
10002cd8:	4460      	add	r0, ip
10002cda:	0080      	lsls	r0, r0, #2
10002cdc:	1824      	adds	r4, r4, r0
10002cde:	71e2      	strb	r2, [r4, #7]
10002ce0:	4652      	mov	r2, sl
10002ce2:	4842      	ldr	r0, [pc, #264]	@ (10002dec <irq_add_shared_handler+0x1c0>)
10002ce4:	80a5      	strh	r5, [r4, #4]
10002ce6:	6020      	str	r0, [r4, #0]
10002ce8:	71a1      	strb	r1, [r4, #6]
10002cea:	60a2      	str	r2, [r4, #8]
10002cec:	e018      	b.n	10002d20 <irq_add_shared_handler+0xf4>
10002cee:	4940      	ldr	r1, [pc, #256]	@ (10002df0 <irq_add_shared_handler+0x1c4>)
10002cf0:	428b      	cmp	r3, r1
10002cf2:	d000      	beq.n	10002cf6 <irq_add_shared_handler+0xca>
10002cf4:	e06b      	b.n	10002dce <irq_add_shared_handler+0x1a2>
10002cf6:	4b3f      	ldr	r3, [pc, #252]	@ (10002df4 <irq_add_shared_handler+0x1c8>)
10002cf8:	493b      	ldr	r1, [pc, #236]	@ (10002de8 <irq_add_shared_handler+0x1bc>)
10002cfa:	5363      	strh	r3, [r4, r5]
10002cfc:	4b3e      	ldr	r3, [pc, #248]	@ (10002df8 <irq_add_shared_handler+0x1cc>)
10002cfe:	3502      	adds	r5, #2
10002d00:	3b04      	subs	r3, #4
10002d02:	1965      	adds	r5, r4, r5
10002d04:	1b5b      	subs	r3, r3, r5
10002d06:	051b      	lsls	r3, r3, #20
10002d08:	0d5b      	lsrs	r3, r3, #21
10002d0a:	430b      	orrs	r3, r1
10002d0c:	807b      	strh	r3, [r7, #2]
10002d0e:	4b3b      	ldr	r3, [pc, #236]	@ (10002dfc <irq_add_shared_handler+0x1d0>)
10002d10:	71fa      	strb	r2, [r7, #7]
10002d12:	80bb      	strh	r3, [r7, #4]
10002d14:	23ff      	movs	r3, #255	@ 0xff
10002d16:	71bb      	strb	r3, [r7, #6]
10002d18:	4653      	mov	r3, sl
10002d1a:	60bb      	str	r3, [r7, #8]
10002d1c:	2301      	movs	r3, #1
10002d1e:	433b      	orrs	r3, r7
10002d20:	4a2f      	ldr	r2, [pc, #188]	@ (10002de0 <irq_add_shared_handler+0x1b4>)
10002d22:	9901      	ldr	r1, [sp, #4]
10002d24:	6892      	ldr	r2, [r2, #8]
10002d26:	5053      	str	r3, [r2, r1]
10002d28:	f3bf 8f5f 	dmb	sy
10002d2c:	f3bf 8f5f 	dmb	sy
10002d30:	2200      	movs	r2, #0
10002d32:	4b28      	ldr	r3, [pc, #160]	@ (10002dd4 <irq_add_shared_handler+0x1a8>)
10002d34:	601a      	str	r2, [r3, #0]
10002d36:	f389 8810 	msr	PRIMASK, r9
10002d3a:	b005      	add	sp, #20
10002d3c:	bcf0      	pop	{r4, r5, r6, r7}
10002d3e:	46bb      	mov	fp, r7
10002d40:	46b2      	mov	sl, r6
10002d42:	46a9      	mov	r9, r5
10002d44:	46a0      	mov	r8, r4
10002d46:	bdf0      	pop	{r4, r5, r6, r7, pc}
10002d48:	9601      	str	r6, [sp, #4]
10002d4a:	4646      	mov	r6, r8
10002d4c:	9602      	str	r6, [sp, #8]
10002d4e:	8886      	ldrh	r6, [r0, #4]
10002d50:	465b      	mov	r3, fp
10002d52:	0576      	lsls	r6, r6, #21
10002d54:	46b3      	mov	fp, r6
10002d56:	1d06      	adds	r6, r0, #4
10002d58:	9d03      	ldr	r5, [sp, #12]
10002d5a:	9603      	str	r6, [sp, #12]
10002d5c:	465e      	mov	r6, fp
10002d5e:	1536      	asrs	r6, r6, #20
10002d60:	46b3      	mov	fp, r6
10002d62:	1d06      	adds	r6, r0, #4
10002d64:	46b0      	mov	r8, r6
10002d66:	44c3      	add	fp, r8
10002d68:	465e      	mov	r6, fp
10002d6a:	3504      	adds	r5, #4
10002d6c:	1965      	adds	r5, r4, r5
10002d6e:	1b75      	subs	r5, r6, r5
10002d70:	26e0      	movs	r6, #224	@ 0xe0
10002d72:	052d      	lsls	r5, r5, #20
10002d74:	0d6d      	lsrs	r5, r5, #21
10002d76:	0236      	lsls	r6, r6, #8
10002d78:	4335      	orrs	r5, r6
10002d7a:	e7a2      	b.n	10002cc2 <irq_add_shared_handler+0x96>
10002d7c:	4b20      	ldr	r3, [pc, #128]	@ (10002e00 <irq_add_shared_handler+0x1d4>)
10002d7e:	71fa      	strb	r2, [r7, #7]
10002d80:	469c      	mov	ip, r3
10002d82:	0003      	movs	r3, r0
10002d84:	4666      	mov	r6, ip
10002d86:	1b1b      	subs	r3, r3, r4
10002d88:	415b      	adcs	r3, r3
10002d8a:	435e      	muls	r6, r3
10002d8c:	0d36      	lsrs	r6, r6, #20
10002d8e:	46b4      	mov	ip, r6
10002d90:	1cae      	adds	r6, r5, #2
10002d92:	46b0      	mov	r8, r6
10002d94:	44a0      	add	r8, r4
10002d96:	4646      	mov	r6, r8
10002d98:	4b16      	ldr	r3, [pc, #88]	@ (10002df4 <irq_add_shared_handler+0x1c8>)
10002d9a:	5363      	strh	r3, [r4, r5]
10002d9c:	4b16      	ldr	r3, [pc, #88]	@ (10002df8 <irq_add_shared_handler+0x1cc>)
10002d9e:	3504      	adds	r5, #4
10002da0:	3b04      	subs	r3, #4
10002da2:	1b9b      	subs	r3, r3, r6
10002da4:	051b      	lsls	r3, r3, #20
10002da6:	4e10      	ldr	r6, [pc, #64]	@ (10002de8 <irq_add_shared_handler+0x1bc>)
10002da8:	0d5b      	lsrs	r3, r3, #21
10002daa:	4333      	orrs	r3, r6
10002dac:	807b      	strh	r3, [r7, #2]
10002dae:	1963      	adds	r3, r4, r5
10002db0:	1ac3      	subs	r3, r0, r3
10002db2:	3b04      	subs	r3, #4
10002db4:	051b      	lsls	r3, r3, #20
10002db6:	0d5b      	lsrs	r3, r3, #21
10002db8:	4333      	orrs	r3, r6
10002dba:	80bb      	strh	r3, [r7, #4]
10002dbc:	4663      	mov	r3, ip
10002dbe:	71bb      	strb	r3, [r7, #6]
10002dc0:	4653      	mov	r3, sl
10002dc2:	60bb      	str	r3, [r7, #8]
10002dc4:	4b09      	ldr	r3, [pc, #36]	@ (10002dec <irq_add_shared_handler+0x1c0>)
10002dc6:	6003      	str	r3, [r0, #0]
10002dc8:	003b      	movs	r3, r7
10002dca:	430b      	orrs	r3, r1
10002dcc:	e7a8      	b.n	10002d20 <irq_add_shared_handler+0xf4>
10002dce:	f001 f823 	bl	10003e18 <hard_assertion_failure>
10002dd2:	46c0      	nop			@ (mov r8, r8)
10002dd4:	d0000124 	.word	0xd0000124
10002dd8:	2000bf6e 	.word	0x2000bf6e
10002ddc:	2000104c 	.word	0x2000104c
10002de0:	e000ed00 	.word	0xe000ed00
10002de4:	0000bd01 	.word	0x0000bd01
10002de8:	ffffe000 	.word	0xffffe000
10002dec:	47804801 	.word	0x47804801
10002df0:	100001c1 	.word	0x100001c1
10002df4:	ffffa100 	.word	0xffffa100
10002df8:	20001094 	.word	0x20001094
10002dfc:	ffffbd01 	.word	0xffffbd01
10002e00:	0000aaaa 	.word	0x0000aaaa

10002e04 <irq_add_tail_to_free_list>:
10002e04:	b570      	push	{r4, r5, r6, lr}
10002e06:	2401      	movs	r4, #1
10002e08:	4304      	orrs	r4, r0
10002e0a:	f3ef 8105 	mrs	r1, IPSR
10002e0e:	f3ef 8c10 	mrs	ip, PRIMASK
10002e12:	b672      	cpsid	i
10002e14:	4a27      	ldr	r2, [pc, #156]	@ (10002eb4 <irq_add_tail_to_free_list+0xb0>)
10002e16:	6813      	ldr	r3, [r2, #0]
10002e18:	2b00      	cmp	r3, #0
10002e1a:	d0fc      	beq.n	10002e16 <irq_add_tail_to_free_list+0x12>
10002e1c:	f3bf 8f5f 	dmb	sy
10002e20:	4a25      	ldr	r2, [pc, #148]	@ (10002eb8 <irq_add_tail_to_free_list+0xb4>)
10002e22:	0005      	movs	r5, r0
10002e24:	4b25      	ldr	r3, [pc, #148]	@ (10002ebc <irq_add_tail_to_free_list+0xb8>)
10002e26:	1aad      	subs	r5, r5, r2
10002e28:	416d      	adcs	r5, r5
10002e2a:	436b      	muls	r3, r5
10002e2c:	0d1b      	lsrs	r3, r3, #20
10002e2e:	4d24      	ldr	r5, [pc, #144]	@ (10002ec0 <irq_add_tail_to_free_list+0xbc>)
10002e30:	0089      	lsls	r1, r1, #2
10002e32:	68ae      	ldr	r6, [r5, #8]
10002e34:	b25b      	sxtb	r3, r3
10002e36:	5876      	ldr	r6, [r6, r1]
10002e38:	42a6      	cmp	r6, r4
10002e3a:	d024      	beq.n	10002e86 <irq_add_tail_to_free_list+0x82>
10002e3c:	2106      	movs	r1, #6
10002e3e:	5651      	ldrsb	r1, [r2, r1]
10002e40:	4299      	cmp	r1, r3
10002e42:	d024      	beq.n	10002e8e <irq_add_tail_to_free_list+0x8a>
10002e44:	2112      	movs	r1, #18
10002e46:	5651      	ldrsb	r1, [r2, r1]
10002e48:	4299      	cmp	r1, r3
10002e4a:	d02a      	beq.n	10002ea2 <irq_add_tail_to_free_list+0x9e>
10002e4c:	211e      	movs	r1, #30
10002e4e:	5651      	ldrsb	r1, [r2, r1]
10002e50:	4299      	cmp	r1, r3
10002e52:	d028      	beq.n	10002ea6 <irq_add_tail_to_free_list+0xa2>
10002e54:	212a      	movs	r1, #42	@ 0x2a
10002e56:	5651      	ldrsb	r1, [r2, r1]
10002e58:	4299      	cmp	r1, r3
10002e5a:	d026      	beq.n	10002eaa <irq_add_tail_to_free_list+0xa6>
10002e5c:	2136      	movs	r1, #54	@ 0x36
10002e5e:	5651      	ldrsb	r1, [r2, r1]
10002e60:	4299      	cmp	r1, r3
10002e62:	d024      	beq.n	10002eae <irq_add_tail_to_free_list+0xaa>
10002e64:	2142      	movs	r1, #66	@ 0x42
10002e66:	5651      	ldrsb	r1, [r2, r1]
10002e68:	2405      	movs	r4, #5
10002e6a:	4299      	cmp	r1, r3
10002e6c:	d010      	beq.n	10002e90 <irq_add_tail_to_free_list+0x8c>
10002e6e:	4a15      	ldr	r2, [pc, #84]	@ (10002ec4 <irq_add_tail_to_free_list+0xc0>)
10002e70:	7811      	ldrb	r1, [r2, #0]
10002e72:	7013      	strb	r3, [r2, #0]
10002e74:	7181      	strb	r1, [r0, #6]
10002e76:	f3bf 8f5f 	dmb	sy
10002e7a:	2200      	movs	r2, #0
10002e7c:	4b0d      	ldr	r3, [pc, #52]	@ (10002eb4 <irq_add_tail_to_free_list+0xb0>)
10002e7e:	601a      	str	r2, [r3, #0]
10002e80:	f38c 8810 	msr	PRIMASK, ip
10002e84:	bd70      	pop	{r4, r5, r6, pc}
10002e86:	68aa      	ldr	r2, [r5, #8]
10002e88:	4c0f      	ldr	r4, [pc, #60]	@ (10002ec8 <irq_add_tail_to_free_list+0xc4>)
10002e8a:	5054      	str	r4, [r2, r1]
10002e8c:	e7ef      	b.n	10002e6e <irq_add_tail_to_free_list+0x6a>
10002e8e:	2400      	movs	r4, #0
10002e90:	0061      	lsls	r1, r4, #1
10002e92:	1909      	adds	r1, r1, r4
10002e94:	0089      	lsls	r1, r1, #2
10002e96:	1852      	adds	r2, r2, r1
10002e98:	21ff      	movs	r1, #255	@ 0xff
10002e9a:	7191      	strb	r1, [r2, #6]
10002e9c:	490b      	ldr	r1, [pc, #44]	@ (10002ecc <irq_add_tail_to_free_list+0xc8>)
10002e9e:	8091      	strh	r1, [r2, #4]
10002ea0:	e7e5      	b.n	10002e6e <irq_add_tail_to_free_list+0x6a>
10002ea2:	2401      	movs	r4, #1
10002ea4:	e7f4      	b.n	10002e90 <irq_add_tail_to_free_list+0x8c>
10002ea6:	2402      	movs	r4, #2
10002ea8:	e7f2      	b.n	10002e90 <irq_add_tail_to_free_list+0x8c>
10002eaa:	2403      	movs	r4, #3
10002eac:	e7f0      	b.n	10002e90 <irq_add_tail_to_free_list+0x8c>
10002eae:	2404      	movs	r4, #4
10002eb0:	e7ee      	b.n	10002e90 <irq_add_tail_to_free_list+0x8c>
10002eb2:	46c0      	nop			@ (mov r8, r8)
10002eb4:	d0000124 	.word	0xd0000124
10002eb8:	2000104c 	.word	0x2000104c
10002ebc:	0000aaaa 	.word	0x0000aaaa
10002ec0:	e000ed00 	.word	0xe000ed00
10002ec4:	2000bf6e 	.word	0x2000bf6e
10002ec8:	100001c1 	.word	0x100001c1
10002ecc:	ffffbd01 	.word	0xffffbd01

10002ed0 <user_irq_claim_unused>:
10002ed0:	b510      	push	{r4, lr}
10002ed2:	4b08      	ldr	r3, [pc, #32]	@ (10002ef4 <user_irq_claim_unused+0x24>)
10002ed4:	4c08      	ldr	r4, [pc, #32]	@ (10002ef8 <user_irq_claim_unused+0x28>)
10002ed6:	b082      	sub	sp, #8
10002ed8:	0001      	movs	r1, r0
10002eda:	9300      	str	r3, [sp, #0]
10002edc:	2200      	movs	r2, #0
10002ede:	2305      	movs	r3, #5
10002ee0:	0020      	movs	r0, r4
10002ee2:	f7ff fdbd 	bl	10002a60 <hw_claim_unused_from_range>
10002ee6:	2800      	cmp	r0, #0
10002ee8:	db01      	blt.n	10002eee <user_irq_claim_unused+0x1e>
10002eea:	231f      	movs	r3, #31
10002eec:	1a18      	subs	r0, r3, r0
10002eee:	b002      	add	sp, #8
10002ef0:	bd10      	pop	{r4, pc}
10002ef2:	46c0      	nop			@ (mov r8, r8)
10002ef4:	10009474 	.word	0x10009474
10002ef8:	2000bf76 	.word	0x2000bf76

10002efc <lock_init>:
10002efc:	4b02      	ldr	r3, [pc, #8]	@ (10002f08 <lock_init+0xc>)
10002efe:	469c      	mov	ip, r3
10002f00:	4461      	add	r1, ip
10002f02:	0089      	lsls	r1, r1, #2
10002f04:	6001      	str	r1, [r0, #0]
10002f06:	4770      	bx	lr
10002f08:	34000040 	.word	0x34000040

10002f0c <runtime_init_mutex>:
10002f0c:	b570      	push	{r4, r5, r6, lr}
10002f0e:	4c11      	ldr	r4, [pc, #68]	@ (10002f54 <runtime_init_mutex+0x48>)
10002f10:	4d11      	ldr	r5, [pc, #68]	@ (10002f58 <runtime_init_mutex+0x4c>)
10002f12:	42ac      	cmp	r4, r5
10002f14:	d20f      	bcs.n	10002f36 <runtime_init_mutex+0x2a>
10002f16:	26ff      	movs	r6, #255	@ 0xff
10002f18:	6823      	ldr	r3, [r4, #0]
10002f1a:	2b00      	cmp	r3, #0
10002f1c:	d00c      	beq.n	10002f38 <runtime_init_mutex+0x2c>
10002f1e:	f7ff fde3 	bl	10002ae8 <next_striped_spin_lock_num>
10002f22:	0001      	movs	r1, r0
10002f24:	0020      	movs	r0, r4
10002f26:	f7ff ffe9 	bl	10002efc <lock_init>
10002f2a:	80a6      	strh	r6, [r4, #4]
10002f2c:	f3bf 8f5f 	dmb	sy
10002f30:	3408      	adds	r4, #8
10002f32:	42ac      	cmp	r4, r5
10002f34:	d3f0      	bcc.n	10002f18 <runtime_init_mutex+0xc>
10002f36:	bd70      	pop	{r4, r5, r6, pc}
10002f38:	f7ff fdd6 	bl	10002ae8 <next_striped_spin_lock_num>
10002f3c:	0001      	movs	r1, r0
10002f3e:	0020      	movs	r0, r4
10002f40:	f7ff ffdc 	bl	10002efc <lock_init>
10002f44:	7126      	strb	r6, [r4, #4]
10002f46:	f3bf 8f5f 	dmb	sy
10002f4a:	3408      	adds	r4, #8
10002f4c:	42ac      	cmp	r4, r5
10002f4e:	d3e3      	bcc.n	10002f18 <runtime_init_mutex+0xc>
10002f50:	e7f1      	b.n	10002f36 <runtime_init_mutex+0x2a>
10002f52:	46c0      	nop			@ (mov r8, r8)
10002f54:	20001128 	.word	0x20001128
10002f58:	20001130 	.word	0x20001130

10002f5c <mutex_init>:
10002f5c:	b510      	push	{r4, lr}
10002f5e:	0004      	movs	r4, r0
10002f60:	f7ff fdc2 	bl	10002ae8 <next_striped_spin_lock_num>
10002f64:	0001      	movs	r1, r0
10002f66:	0020      	movs	r0, r4
10002f68:	f7ff ffc8 	bl	10002efc <lock_init>
10002f6c:	23ff      	movs	r3, #255	@ 0xff
10002f6e:	7123      	strb	r3, [r4, #4]
10002f70:	f3bf 8f5f 	dmb	sy
10002f74:	bd10      	pop	{r4, pc}
10002f76:	46c0      	nop			@ (mov r8, r8)

10002f78 <critical_section_init>:
10002f78:	b510      	push	{r4, lr}
10002f7a:	0004      	movs	r4, r0
10002f7c:	2001      	movs	r0, #1
10002f7e:	f7ff fdbf 	bl	10002b00 <spin_lock_claim_unused>
10002f82:	4b03      	ldr	r3, [pc, #12]	@ (10002f90 <critical_section_init+0x18>)
10002f84:	18c3      	adds	r3, r0, r3
10002f86:	009b      	lsls	r3, r3, #2
10002f88:	6023      	str	r3, [r4, #0]
10002f8a:	f3bf 8f5f 	dmb	sy
10002f8e:	bd10      	pop	{r4, pc}
10002f90:	34000040 	.word	0x34000040

10002f94 <critical_section_init_with_lock_num>:
10002f94:	4b03      	ldr	r3, [pc, #12]	@ (10002fa4 <critical_section_init_with_lock_num+0x10>)
10002f96:	469c      	mov	ip, r3
10002f98:	4461      	add	r1, ip
10002f9a:	0089      	lsls	r1, r1, #2
10002f9c:	6001      	str	r1, [r0, #0]
10002f9e:	f3bf 8f5f 	dmb	sy
10002fa2:	4770      	bx	lr
10002fa4:	34000040 	.word	0x34000040

10002fa8 <sleep_until_callback>:
10002fa8:	bf40      	sev
10002faa:	2000      	movs	r0, #0
10002fac:	2100      	movs	r1, #0
10002fae:	4770      	bx	lr

10002fb0 <alarm_pool_irq_handler>:
10002fb0:	b5f0      	push	{r4, r5, r6, r7, lr}
10002fb2:	46de      	mov	lr, fp
10002fb4:	4657      	mov	r7, sl
10002fb6:	464e      	mov	r6, r9
10002fb8:	4645      	mov	r5, r8
10002fba:	b5e0      	push	{r5, r6, r7, lr}
10002fbc:	b089      	sub	sp, #36	@ 0x24
10002fbe:	f3ef 8305 	mrs	r3, IPSR
10002fc2:	2203      	movs	r2, #3
10002fc4:	401a      	ands	r2, r3
10002fc6:	4bb0      	ldr	r3, [pc, #704]	@ (10003288 <alarm_pool_irq_handler+0x2d8>)
10002fc8:	0091      	lsls	r1, r2, #2
10002fca:	585c      	ldr	r4, [r3, r1]
10002fcc:	2301      	movs	r3, #1
10002fce:	4093      	lsls	r3, r2
10002fd0:	4699      	mov	r9, r3
10002fd2:	9205      	str	r2, [sp, #20]
10002fd4:	464a      	mov	r2, r9
10002fd6:	4bad      	ldr	r3, [pc, #692]	@ (1000328c <alarm_pool_irq_handler+0x2dc>)
10002fd8:	9101      	str	r1, [sp, #4]
10002fda:	601a      	str	r2, [r3, #0]
10002fdc:	2308      	movs	r3, #8
10002fde:	469c      	mov	ip, r3
10002fe0:	44a4      	add	ip, r4
10002fe2:	4663      	mov	r3, ip
10002fe4:	9304      	str	r3, [sp, #16]
10002fe6:	464b      	mov	r3, r9
10002fe8:	48a9      	ldr	r0, [pc, #676]	@ (10003290 <alarm_pool_irq_handler+0x2e0>)
10002fea:	6343      	str	r3, [r0, #52]	@ 0x34
10002fec:	2308      	movs	r3, #8
10002fee:	5ee5      	ldrsh	r5, [r4, r3]
10002ff0:	2d00      	cmp	r5, #0
10002ff2:	db00      	blt.n	10002ff6 <alarm_pool_irq_handler+0x46>
10002ff4:	e0af      	b.n	10003156 <alarm_pool_irq_handler+0x1a6>
10002ff6:	88a3      	ldrh	r3, [r4, #4]
10002ff8:	b21b      	sxth	r3, r3
10002ffa:	2b00      	cmp	r3, #0
10002ffc:	da00      	bge.n	10003000 <alarm_pool_irq_handler+0x50>
10002ffe:	e125      	b.n	1000324c <alarm_pool_irq_handler+0x29c>
10003000:	6923      	ldr	r3, [r4, #16]
10003002:	f3ef 8210 	mrs	r2, PRIMASK
10003006:	b672      	cpsid	i
10003008:	6819      	ldr	r1, [r3, #0]
1000300a:	2900      	cmp	r1, #0
1000300c:	d0fc      	beq.n	10003008 <alarm_pool_irq_handler+0x58>
1000300e:	f3bf 8f5f 	dmb	sy
10003012:	2301      	movs	r3, #1
10003014:	88a5      	ldrh	r5, [r4, #4]
10003016:	425b      	negs	r3, r3
10003018:	80a3      	strh	r3, [r4, #4]
1000301a:	b22d      	sxth	r5, r5
1000301c:	6923      	ldr	r3, [r4, #16]
1000301e:	f3bf 8f5f 	dmb	sy
10003022:	2100      	movs	r1, #0
10003024:	6019      	str	r1, [r3, #0]
10003026:	f382 8810 	msr	PRIMASK, r2
1000302a:	2d00      	cmp	r5, #0
1000302c:	db28      	blt.n	10003080 <alarm_pool_irq_handler+0xd0>
1000302e:	9a04      	ldr	r2, [sp, #16]
10003030:	0023      	movs	r3, r4
10003032:	4690      	mov	r8, r2
10003034:	6967      	ldr	r7, [r4, #20]
10003036:	006e      	lsls	r6, r5, #1
10003038:	1976      	adds	r6, r6, r5
1000303a:	00f6      	lsls	r6, r6, #3
1000303c:	19be      	adds	r6, r7, r6
1000303e:	68b2      	ldr	r2, [r6, #8]
10003040:	4641      	mov	r1, r8
10003042:	4694      	mov	ip, r2
10003044:	2408      	movs	r4, #8
10003046:	5f1a      	ldrsh	r2, [r3, r4]
10003048:	469b      	mov	fp, r3
1000304a:	68f0      	ldr	r0, [r6, #12]
1000304c:	2a00      	cmp	r2, #0
1000304e:	da08      	bge.n	10003062 <alarm_pool_irq_handler+0xb2>
10003050:	e00f      	b.n	10003072 <alarm_pool_irq_handler+0xc2>
10003052:	4283      	cmp	r3, r0
10003054:	d100      	bne.n	10003058 <alarm_pool_irq_handler+0xa8>
10003056:	e079      	b.n	1000314c <alarm_pool_irq_handler+0x19c>
10003058:	2300      	movs	r3, #0
1000305a:	5ee2      	ldrsh	r2, [r4, r3]
1000305c:	0021      	movs	r1, r4
1000305e:	2a00      	cmp	r2, #0
10003060:	db06      	blt.n	10003070 <alarm_pool_irq_handler+0xc0>
10003062:	0054      	lsls	r4, r2, #1
10003064:	18a4      	adds	r4, r4, r2
10003066:	00e4      	lsls	r4, r4, #3
10003068:	193c      	adds	r4, r7, r4
1000306a:	68e3      	ldr	r3, [r4, #12]
1000306c:	4283      	cmp	r3, r0
1000306e:	ddf0      	ble.n	10003052 <alarm_pool_irq_handler+0xa2>
10003070:	465b      	mov	r3, fp
10003072:	800d      	strh	r5, [r1, #0]
10003074:	2100      	movs	r1, #0
10003076:	5e75      	ldrsh	r5, [r6, r1]
10003078:	8032      	strh	r2, [r6, #0]
1000307a:	2d00      	cmp	r5, #0
1000307c:	dadb      	bge.n	10003036 <alarm_pool_irq_handler+0x86>
1000307e:	001c      	movs	r4, r3
10003080:	2308      	movs	r3, #8
10003082:	5ee1      	ldrsh	r1, [r4, r3]
10003084:	2900      	cmp	r1, #0
10003086:	da00      	bge.n	1000308a <alarm_pool_irq_handler+0xda>
10003088:	e0e0      	b.n	1000324c <alarm_pool_irq_handler+0x29c>
1000308a:	4881      	ldr	r0, [pc, #516]	@ (10003290 <alarm_pool_irq_handler+0x2e0>)
1000308c:	004b      	lsls	r3, r1, #1
1000308e:	4684      	mov	ip, r0
10003090:	6962      	ldr	r2, [r4, #20]
10003092:	185b      	adds	r3, r3, r1
10003094:	9901      	ldr	r1, [sp, #4]
10003096:	00db      	lsls	r3, r3, #3
10003098:	18d3      	adds	r3, r2, r3
1000309a:	4461      	add	r1, ip
1000309c:	6a82      	ldr	r2, [r0, #40]	@ 0x28
1000309e:	689f      	ldr	r7, [r3, #8]
100030a0:	68de      	ldr	r6, [r3, #12]
100030a2:	690b      	ldr	r3, [r1, #16]
100030a4:	1abd      	subs	r5, r7, r2
100030a6:	1a9b      	subs	r3, r3, r2
100030a8:	429d      	cmp	r5, r3
100030aa:	d319      	bcc.n	100030e0 <alarm_pool_irq_handler+0x130>
100030ac:	2301      	movs	r3, #1
100030ae:	6a02      	ldr	r2, [r0, #32]
100030b0:	9805      	ldr	r0, [sp, #20]
100030b2:	4083      	lsls	r3, r0
100030b4:	421a      	tst	r2, r3
100030b6:	d013      	beq.n	100030e0 <alarm_pool_irq_handler+0x130>
100030b8:	79a3      	ldrb	r3, [r4, #6]
100030ba:	2b00      	cmp	r3, #0
100030bc:	d114      	bne.n	100030e8 <alarm_pool_irq_handler+0x138>
100030be:	4874      	ldr	r0, [pc, #464]	@ (10003290 <alarm_pool_irq_handler+0x2e0>)
100030c0:	f000 fb20 	bl	10003704 <timer_time_us_64>
100030c4:	428e      	cmp	r6, r1
100030c6:	dc03      	bgt.n	100030d0 <alarm_pool_irq_handler+0x120>
100030c8:	d18d      	bne.n	10002fe6 <alarm_pool_irq_handler+0x36>
100030ca:	4287      	cmp	r7, r0
100030cc:	d800      	bhi.n	100030d0 <alarm_pool_irq_handler+0x120>
100030ce:	e78a      	b.n	10002fe6 <alarm_pool_irq_handler+0x36>
100030d0:	bf40      	sev
100030d2:	b009      	add	sp, #36	@ 0x24
100030d4:	bcf0      	pop	{r4, r5, r6, r7}
100030d6:	46bb      	mov	fp, r7
100030d8:	46b2      	mov	sl, r6
100030da:	46a9      	mov	r9, r5
100030dc:	46a0      	mov	r8, r4
100030de:	bdf0      	pop	{r4, r5, r6, r7, pc}
100030e0:	610f      	str	r7, [r1, #16]
100030e2:	79a3      	ldrb	r3, [r4, #6]
100030e4:	2b00      	cmp	r3, #0
100030e6:	d0ea      	beq.n	100030be <alarm_pool_irq_handler+0x10e>
100030e8:	2300      	movs	r3, #0
100030ea:	71a3      	strb	r3, [r4, #6]
100030ec:	2308      	movs	r3, #8
100030ee:	5ee2      	ldrsh	r2, [r4, r3]
100030f0:	9904      	ldr	r1, [sp, #16]
100030f2:	1c53      	adds	r3, r2, #1
100030f4:	d0e3      	beq.n	100030be <alarm_pool_irq_handler+0x10e>
100030f6:	2000      	movs	r0, #0
100030f8:	46b8      	mov	r8, r7
100030fa:	46b3      	mov	fp, r6
100030fc:	e002      	b.n	10003104 <alarm_pool_irq_handler+0x154>
100030fe:	0029      	movs	r1, r5
10003100:	1c53      	adds	r3, r2, #1
10003102:	d020      	beq.n	10003146 <alarm_pool_irq_handler+0x196>
10003104:	0053      	lsls	r3, r2, #1
10003106:	6967      	ldr	r7, [r4, #20]
10003108:	189b      	adds	r3, r3, r2
1000310a:	00db      	lsls	r3, r3, #3
1000310c:	18fd      	adds	r5, r7, r3
1000310e:	0016      	movs	r6, r2
10003110:	5efa      	ldrsh	r2, [r7, r3]
10003112:	886b      	ldrh	r3, [r5, #2]
10003114:	b21b      	sxth	r3, r3
10003116:	2b00      	cmp	r3, #0
10003118:	daf1      	bge.n	100030fe <alarm_pool_irq_handler+0x14e>
1000311a:	800a      	strh	r2, [r1, #0]
1000311c:	6923      	ldr	r3, [r4, #16]
1000311e:	f3ef 8a10 	mrs	sl, PRIMASK
10003122:	b672      	cpsid	i
10003124:	001f      	movs	r7, r3
10003126:	683b      	ldr	r3, [r7, #0]
10003128:	2b00      	cmp	r3, #0
1000312a:	d0fc      	beq.n	10003126 <alarm_pool_irq_handler+0x176>
1000312c:	f3bf 8f5f 	dmb	sy
10003130:	8863      	ldrh	r3, [r4, #2]
10003132:	802b      	strh	r3, [r5, #0]
10003134:	6923      	ldr	r3, [r4, #16]
10003136:	8066      	strh	r6, [r4, #2]
10003138:	f3bf 8f5f 	dmb	sy
1000313c:	6018      	str	r0, [r3, #0]
1000313e:	f38a 8810 	msr	PRIMASK, sl
10003142:	1c53      	adds	r3, r2, #1
10003144:	d1de      	bne.n	10003104 <alarm_pool_irq_handler+0x154>
10003146:	4647      	mov	r7, r8
10003148:	465e      	mov	r6, fp
1000314a:	e7b8      	b.n	100030be <alarm_pool_irq_handler+0x10e>
1000314c:	68a3      	ldr	r3, [r4, #8]
1000314e:	4563      	cmp	r3, ip
10003150:	d800      	bhi.n	10003154 <alarm_pool_irq_handler+0x1a4>
10003152:	e781      	b.n	10003058 <alarm_pool_irq_handler+0xa8>
10003154:	e78c      	b.n	10003070 <alarm_pool_irq_handler+0xc0>
10003156:	6962      	ldr	r2, [r4, #20]
10003158:	006b      	lsls	r3, r5, #1
1000315a:	4692      	mov	sl, r2
1000315c:	195b      	adds	r3, r3, r5
1000315e:	00db      	lsls	r3, r3, #3
10003160:	449a      	add	sl, r3
10003162:	4653      	mov	r3, sl
10003164:	689e      	ldr	r6, [r3, #8]
10003166:	68df      	ldr	r7, [r3, #12]
10003168:	f000 facc 	bl	10003704 <timer_time_us_64>
1000316c:	428f      	cmp	r7, r1
1000316e:	dc36      	bgt.n	100031de <alarm_pool_irq_handler+0x22e>
10003170:	d03b      	beq.n	100031ea <alarm_pool_irq_handler+0x23a>
10003172:	4653      	mov	r3, sl
10003174:	4652      	mov	r2, sl
10003176:	691b      	ldr	r3, [r3, #16]
10003178:	6952      	ldr	r2, [r2, #20]
1000317a:	4693      	mov	fp, r2
1000317c:	2b02      	cmp	r3, #2
1000317e:	d03d      	beq.n	100031fc <alarm_pool_irq_handler+0x24c>
10003180:	4652      	mov	r2, sl
10003182:	2108      	movs	r1, #8
10003184:	5e60      	ldrsh	r0, [r4, r1]
10003186:	8852      	ldrh	r2, [r2, #2]
10003188:	0400      	lsls	r0, r0, #16
1000318a:	4310      	orrs	r0, r2
1000318c:	4659      	mov	r1, fp
1000318e:	4798      	blx	r3
10003190:	9002      	str	r0, [sp, #8]
10003192:	9103      	str	r1, [sp, #12]
10003194:	9902      	ldr	r1, [sp, #8]
10003196:	9a03      	ldr	r2, [sp, #12]
10003198:	000b      	movs	r3, r1
1000319a:	0010      	movs	r0, r2
1000319c:	4313      	orrs	r3, r2
1000319e:	d03d      	beq.n	1000321c <alarm_pool_irq_handler+0x26c>
100031a0:	0013      	movs	r3, r2
100031a2:	000a      	movs	r2, r1
100031a4:	1ab6      	subs	r6, r6, r2
100031a6:	419f      	sbcs	r7, r3
100031a8:	2800      	cmp	r0, #0
100031aa:	db06      	blt.n	100031ba <alarm_pool_irq_handler+0x20a>
100031ac:	4838      	ldr	r0, [pc, #224]	@ (10003290 <alarm_pool_irq_handler+0x2e0>)
100031ae:	f000 faa9 	bl	10003704 <timer_time_us_64>
100031b2:	9e02      	ldr	r6, [sp, #8]
100031b4:	9f03      	ldr	r7, [sp, #12]
100031b6:	1836      	adds	r6, r6, r0
100031b8:	414f      	adcs	r7, r1
100031ba:	4653      	mov	r3, sl
100031bc:	609e      	str	r6, [r3, #8]
100031be:	60df      	str	r7, [r3, #12]
100031c0:	2200      	movs	r2, #0
100031c2:	5e9a      	ldrsh	r2, [r3, r2]
100031c4:	2a00      	cmp	r2, #0
100031c6:	db0a      	blt.n	100031de <alarm_pool_irq_handler+0x22e>
100031c8:	0053      	lsls	r3, r2, #1
100031ca:	1899      	adds	r1, r3, r2
100031cc:	6960      	ldr	r0, [r4, #20]
100031ce:	00c9      	lsls	r1, r1, #3
100031d0:	1841      	adds	r1, r0, r1
100031d2:	9306      	str	r3, [sp, #24]
100031d4:	688b      	ldr	r3, [r1, #8]
100031d6:	68c9      	ldr	r1, [r1, #12]
100031d8:	469b      	mov	fp, r3
100031da:	42b9      	cmp	r1, r7
100031dc:	dd5a      	ble.n	10003294 <alarm_pool_irq_handler+0x2e4>
100031de:	88a3      	ldrh	r3, [r4, #4]
100031e0:	b21b      	sxth	r3, r3
100031e2:	2b00      	cmp	r3, #0
100031e4:	da00      	bge.n	100031e8 <alarm_pool_irq_handler+0x238>
100031e6:	e74b      	b.n	10003080 <alarm_pool_irq_handler+0xd0>
100031e8:	e70a      	b.n	10003000 <alarm_pool_irq_handler+0x50>
100031ea:	4286      	cmp	r6, r0
100031ec:	d8f7      	bhi.n	100031de <alarm_pool_irq_handler+0x22e>
100031ee:	4653      	mov	r3, sl
100031f0:	4652      	mov	r2, sl
100031f2:	691b      	ldr	r3, [r3, #16]
100031f4:	6952      	ldr	r2, [r2, #20]
100031f6:	4693      	mov	fp, r2
100031f8:	2b02      	cmp	r3, #2
100031fa:	d1c1      	bne.n	10003180 <alarm_pool_irq_handler+0x1d0>
100031fc:	0010      	movs	r0, r2
100031fe:	6913      	ldr	r3, [r2, #16]
10003200:	4798      	blx	r3
10003202:	2800      	cmp	r0, #0
10003204:	d00a      	beq.n	1000321c <alarm_pool_irq_handler+0x26c>
10003206:	465b      	mov	r3, fp
10003208:	681a      	ldr	r2, [r3, #0]
1000320a:	685b      	ldr	r3, [r3, #4]
1000320c:	9202      	str	r2, [sp, #8]
1000320e:	9303      	str	r3, [sp, #12]
10003210:	9902      	ldr	r1, [sp, #8]
10003212:	9a03      	ldr	r2, [sp, #12]
10003214:	000b      	movs	r3, r1
10003216:	0010      	movs	r0, r2
10003218:	4313      	orrs	r3, r2
1000321a:	d1c1      	bne.n	100031a0 <alarm_pool_irq_handler+0x1f0>
1000321c:	4653      	mov	r3, sl
1000321e:	881b      	ldrh	r3, [r3, #0]
10003220:	6922      	ldr	r2, [r4, #16]
10003222:	8123      	strh	r3, [r4, #8]
10003224:	f3ef 8310 	mrs	r3, PRIMASK
10003228:	b672      	cpsid	i
1000322a:	6811      	ldr	r1, [r2, #0]
1000322c:	2900      	cmp	r1, #0
1000322e:	d0fc      	beq.n	1000322a <alarm_pool_irq_handler+0x27a>
10003230:	f3bf 8f5f 	dmb	sy
10003234:	4651      	mov	r1, sl
10003236:	8862      	ldrh	r2, [r4, #2]
10003238:	800a      	strh	r2, [r1, #0]
1000323a:	6922      	ldr	r2, [r4, #16]
1000323c:	8065      	strh	r5, [r4, #2]
1000323e:	f3bf 8f5f 	dmb	sy
10003242:	2100      	movs	r1, #0
10003244:	6011      	str	r1, [r2, #0]
10003246:	f383 8810 	msr	PRIMASK, r3
1000324a:	e7c8      	b.n	100031de <alarm_pool_irq_handler+0x22e>
1000324c:	4c10      	ldr	r4, [pc, #64]	@ (10003290 <alarm_pool_irq_handler+0x2e0>)
1000324e:	0020      	movs	r0, r4
10003250:	f000 fa58 	bl	10003704 <timer_time_us_64>
10003254:	2280      	movs	r2, #128	@ 0x80
10003256:	2300      	movs	r3, #0
10003258:	46a4      	mov	ip, r4
1000325a:	0612      	lsls	r2, r2, #24
1000325c:	1880      	adds	r0, r0, r2
1000325e:	4159      	adcs	r1, r3
10003260:	9a01      	ldr	r2, [sp, #4]
10003262:	6aa5      	ldr	r5, [r4, #40]	@ 0x28
10003264:	4462      	add	r2, ip
10003266:	6913      	ldr	r3, [r2, #16]
10003268:	1b46      	subs	r6, r0, r5
1000326a:	1b5b      	subs	r3, r3, r5
1000326c:	429e      	cmp	r6, r3
1000326e:	d201      	bcs.n	10003274 <alarm_pool_irq_handler+0x2c4>
10003270:	6110      	str	r0, [r2, #16]
10003272:	e72d      	b.n	100030d0 <alarm_pool_irq_handler+0x120>
10003274:	2301      	movs	r3, #1
10003276:	9d05      	ldr	r5, [sp, #20]
10003278:	6a24      	ldr	r4, [r4, #32]
1000327a:	40ab      	lsls	r3, r5
1000327c:	421c      	tst	r4, r3
1000327e:	d000      	beq.n	10003282 <alarm_pool_irq_handler+0x2d2>
10003280:	e726      	b.n	100030d0 <alarm_pool_irq_handler+0x120>
10003282:	6110      	str	r0, [r2, #16]
10003284:	e724      	b.n	100030d0 <alarm_pool_irq_handler+0x120>
10003286:	46c0      	nop			@ (mov r8, r8)
10003288:	2000bf10 	.word	0x2000bf10
1000328c:	4005703c 	.word	0x4005703c
10003290:	40054000 	.word	0x40054000
10003294:	42b9      	cmp	r1, r7
10003296:	d101      	bne.n	1000329c <alarm_pool_irq_handler+0x2ec>
10003298:	42b3      	cmp	r3, r6
1000329a:	d8a0      	bhi.n	100031de <alarm_pool_irq_handler+0x22e>
1000329c:	2308      	movs	r3, #8
1000329e:	469c      	mov	ip, r3
100032a0:	44a4      	add	ip, r4
100032a2:	4663      	mov	r3, ip
100032a4:	9307      	str	r3, [sp, #28]
100032a6:	46a8      	mov	r8, r5
100032a8:	46a4      	mov	ip, r4
100032aa:	8122      	strh	r2, [r4, #8]
100032ac:	465d      	mov	r5, fp
100032ae:	9b06      	ldr	r3, [sp, #24]
100032b0:	9c07      	ldr	r4, [sp, #28]
100032b2:	e005      	b.n	100032c0 <alarm_pool_irq_handler+0x310>
100032b4:	0053      	lsls	r3, r2, #1
100032b6:	1899      	adds	r1, r3, r2
100032b8:	00c9      	lsls	r1, r1, #3
100032ba:	1841      	adds	r1, r0, r1
100032bc:	688d      	ldr	r5, [r1, #8]
100032be:	68c9      	ldr	r1, [r1, #12]
100032c0:	189b      	adds	r3, r3, r2
100032c2:	00db      	lsls	r3, r3, #3
100032c4:	18c3      	adds	r3, r0, r3
100032c6:	42b9      	cmp	r1, r7
100032c8:	dc05      	bgt.n	100032d6 <alarm_pool_irq_handler+0x326>
100032ca:	d00d      	beq.n	100032e8 <alarm_pool_irq_handler+0x338>
100032cc:	001c      	movs	r4, r3
100032ce:	2300      	movs	r3, #0
100032d0:	5ee2      	ldrsh	r2, [r4, r3]
100032d2:	2a00      	cmp	r2, #0
100032d4:	daee      	bge.n	100032b4 <alarm_pool_irq_handler+0x304>
100032d6:	0023      	movs	r3, r4
100032d8:	4664      	mov	r4, ip
100032da:	469c      	mov	ip, r3
100032dc:	4653      	mov	r3, sl
100032de:	4645      	mov	r5, r8
100032e0:	801a      	strh	r2, [r3, #0]
100032e2:	4663      	mov	r3, ip
100032e4:	801d      	strh	r5, [r3, #0]
100032e6:	e77a      	b.n	100031de <alarm_pool_irq_handler+0x22e>
100032e8:	42b5      	cmp	r5, r6
100032ea:	d9ef      	bls.n	100032cc <alarm_pool_irq_handler+0x31c>
100032ec:	e7f3      	b.n	100032d6 <alarm_pool_irq_handler+0x326>
100032ee:	46c0      	nop			@ (mov r8, r8)

100032f0 <runtime_init_default_alarm_pool>:
100032f0:	b570      	push	{r4, r5, r6, lr}
100032f2:	4c2c      	ldr	r4, [pc, #176]	@ (100033a4 <runtime_init_default_alarm_pool+0xb4>)
100032f4:	6925      	ldr	r5, [r4, #16]
100032f6:	2d00      	cmp	r5, #0
100032f8:	d000      	beq.n	100032fc <runtime_init_default_alarm_pool+0xc>
100032fa:	bd70      	pop	{r4, r5, r6, pc}
100032fc:	4e2a      	ldr	r6, [pc, #168]	@ (100033a8 <runtime_init_default_alarm_pool+0xb8>)
100032fe:	2103      	movs	r1, #3
10003300:	0030      	movs	r0, r6
10003302:	f000 f9f5 	bl	100036f0 <timer_hardware_alarm_claim>
10003306:	60e6      	str	r6, [r4, #12]
10003308:	f7ff fbee 	bl	10002ae8 <next_striped_spin_lock_num>
1000330c:	4b27      	ldr	r3, [pc, #156]	@ (100033ac <runtime_init_default_alarm_pool+0xbc>)
1000330e:	2203      	movs	r2, #3
10003310:	469c      	mov	ip, r3
10003312:	23d0      	movs	r3, #208	@ 0xd0
10003314:	7022      	strb	r2, [r4, #0]
10003316:	061b      	lsls	r3, r3, #24
10003318:	681b      	ldr	r3, [r3, #0]
1000331a:	2101      	movs	r1, #1
1000331c:	7063      	strb	r3, [r4, #1]
1000331e:	4b24      	ldr	r3, [pc, #144]	@ (100033b0 <runtime_init_default_alarm_pool+0xc0>)
10003320:	4460      	add	r0, ip
10003322:	60a3      	str	r3, [r4, #8]
10003324:	230f      	movs	r3, #15
10003326:	0080      	lsls	r0, r0, #2
10003328:	6120      	str	r0, [r4, #16]
1000332a:	2002      	movs	r0, #2
1000332c:	8063      	strh	r3, [r4, #2]
1000332e:	6963      	ldr	r3, [r4, #20]
10003330:	4249      	negs	r1, r1
10003332:	80a1      	strh	r1, [r4, #4]
10003334:	8019      	strh	r1, [r3, #0]
10003336:	3102      	adds	r1, #2
10003338:	8619      	strh	r1, [r3, #48]	@ 0x30
1000333a:	3147      	adds	r1, #71	@ 0x47
1000333c:	831d      	strh	r5, [r3, #24]
1000333e:	5258      	strh	r0, [r3, r1]
10003340:	3118      	adds	r1, #24
10003342:	525a      	strh	r2, [r3, r1]
10003344:	3275      	adds	r2, #117	@ 0x75
10003346:	395c      	subs	r1, #92	@ 0x5c
10003348:	5299      	strh	r1, [r3, r2]
1000334a:	3218      	adds	r2, #24
1000334c:	3101      	adds	r1, #1
1000334e:	5299      	strh	r1, [r3, r2]
10003350:	3218      	adds	r2, #24
10003352:	3101      	adds	r1, #1
10003354:	5299      	strh	r1, [r3, r2]
10003356:	3218      	adds	r2, #24
10003358:	3101      	adds	r1, #1
1000335a:	5299      	strh	r1, [r3, r2]
1000335c:	3508      	adds	r5, #8
1000335e:	3218      	adds	r2, #24
10003360:	529d      	strh	r5, [r3, r2]
10003362:	3102      	adds	r1, #2
10003364:	3218      	adds	r2, #24
10003366:	5299      	strh	r1, [r3, r2]
10003368:	3218      	adds	r2, #24
1000336a:	3101      	adds	r1, #1
1000336c:	5299      	strh	r1, [r3, r2]
1000336e:	3218      	adds	r2, #24
10003370:	3101      	adds	r1, #1
10003372:	5299      	strh	r1, [r3, r2]
10003374:	3218      	adds	r2, #24
10003376:	3101      	adds	r1, #1
10003378:	5299      	strh	r1, [r3, r2]
1000337a:	3218      	adds	r2, #24
1000337c:	3101      	adds	r1, #1
1000337e:	5299      	strh	r1, [r3, r2]
10003380:	3218      	adds	r2, #24
10003382:	3101      	adds	r1, #1
10003384:	5299      	strh	r1, [r3, r2]
10003386:	4b0b      	ldr	r3, [pc, #44]	@ (100033b4 <runtime_init_default_alarm_pool+0xc4>)
10003388:	490b      	ldr	r1, [pc, #44]	@ (100033b8 <runtime_init_default_alarm_pool+0xc8>)
1000338a:	60dc      	str	r4, [r3, #12]
1000338c:	3001      	adds	r0, #1
1000338e:	6235      	str	r5, [r6, #32]
10003390:	f7ff fc22 	bl	10002bd8 <irq_set_exclusive_handler>
10003394:	2101      	movs	r1, #1
10003396:	2003      	movs	r0, #3
10003398:	f7ff fbe4 	bl	10002b64 <irq_set_enabled>
1000339c:	4b07      	ldr	r3, [pc, #28]	@ (100033bc <runtime_init_default_alarm_pool+0xcc>)
1000339e:	601d      	str	r5, [r3, #0]
100033a0:	e7ab      	b.n	100032fa <runtime_init_default_alarm_pool+0xa>
100033a2:	46c0      	nop			@ (mov r8, r8)
100033a4:	200010ac 	.word	0x200010ac
100033a8:	40054000 	.word	0x40054000
100033ac:	34000040 	.word	0x34000040
100033b0:	0010ffff 	.word	0x0010ffff
100033b4:	2000bf10 	.word	0x2000bf10
100033b8:	10002fb1 	.word	0x10002fb1
100033bc:	40056038 	.word	0x40056038

100033c0 <alarm_pool_get_default>:
100033c0:	4800      	ldr	r0, [pc, #0]	@ (100033c4 <alarm_pool_get_default+0x4>)
100033c2:	4770      	bx	lr
100033c4:	200010ac 	.word	0x200010ac

100033c8 <alarm_pool_add_alarm_at>:
100033c8:	b5f8      	push	{r3, r4, r5, r6, r7, lr}
100033ca:	001f      	movs	r7, r3
100033cc:	ab08      	add	r3, sp, #32
100033ce:	781b      	ldrb	r3, [r3, #0]
100033d0:	0004      	movs	r4, r0
100033d2:	0016      	movs	r6, r2
100033d4:	2b00      	cmp	r3, #0
100033d6:	d108      	bne.n	100033ea <alarm_pool_add_alarm_at+0x22>
100033d8:	f000 f99c 	bl	10003714 <time_us_64>
100033dc:	0032      	movs	r2, r6
100033de:	003b      	movs	r3, r7
100033e0:	1a12      	subs	r2, r2, r0
100033e2:	418b      	sbcs	r3, r1
100033e4:	2b00      	cmp	r3, #0
100033e6:	da00      	bge.n	100033ea <alarm_pool_add_alarm_at+0x22>
100033e8:	e052      	b.n	10003490 <alarm_pool_add_alarm_at+0xc8>
100033ea:	6922      	ldr	r2, [r4, #16]
100033ec:	f3ef 8010 	mrs	r0, PRIMASK
100033f0:	b672      	cpsid	i
100033f2:	6813      	ldr	r3, [r2, #0]
100033f4:	2b00      	cmp	r3, #0
100033f6:	d0fc      	beq.n	100033f2 <alarm_pool_add_alarm_at+0x2a>
100033f8:	f3bf 8f5f 	dmb	sy
100033fc:	2302      	movs	r3, #2
100033fe:	5ee1      	ldrsh	r1, [r4, r3]
10003400:	6963      	ldr	r3, [r4, #20]
10003402:	004a      	lsls	r2, r1, #1
10003404:	1852      	adds	r2, r2, r1
10003406:	00d2      	lsls	r2, r2, #3
10003408:	189b      	adds	r3, r3, r2
1000340a:	6922      	ldr	r2, [r4, #16]
1000340c:	2900      	cmp	r1, #0
1000340e:	db36      	blt.n	1000347e <alarm_pool_add_alarm_at+0xb6>
10003410:	881d      	ldrh	r5, [r3, #0]
10003412:	8065      	strh	r5, [r4, #2]
10003414:	f3bf 8f5f 	dmb	sy
10003418:	2500      	movs	r5, #0
1000341a:	6015      	str	r5, [r2, #0]
1000341c:	f380 8810 	msr	PRIMASK, r0
10003420:	9a06      	ldr	r2, [sp, #24]
10003422:	609e      	str	r6, [r3, #8]
10003424:	60df      	str	r7, [r3, #12]
10003426:	611a      	str	r2, [r3, #16]
10003428:	9a07      	ldr	r2, [sp, #28]
1000342a:	615a      	str	r2, [r3, #20]
1000342c:	885a      	ldrh	r2, [r3, #2]
1000342e:	3201      	adds	r2, #1
10003430:	0452      	lsls	r2, r2, #17
10003432:	0c52      	lsrs	r2, r2, #17
10003434:	1c10      	adds	r0, r2, #0
10003436:	2a00      	cmp	r2, #0
10003438:	d01f      	beq.n	1000347a <alarm_pool_add_alarm_at+0xb2>
1000343a:	b282      	uxth	r2, r0
1000343c:	8058      	strh	r0, [r3, #2]
1000343e:	0408      	lsls	r0, r1, #16
10003440:	4310      	orrs	r0, r2
10003442:	6926      	ldr	r6, [r4, #16]
10003444:	f3ef 8710 	mrs	r7, PRIMASK
10003448:	b672      	cpsid	i
1000344a:	6832      	ldr	r2, [r6, #0]
1000344c:	2a00      	cmp	r2, #0
1000344e:	d0fc      	beq.n	1000344a <alarm_pool_add_alarm_at+0x82>
10003450:	f3bf 8f5f 	dmb	sy
10003454:	88a2      	ldrh	r2, [r4, #4]
10003456:	801a      	strh	r2, [r3, #0]
10003458:	80a1      	strh	r1, [r4, #4]
1000345a:	6923      	ldr	r3, [r4, #16]
1000345c:	f3bf 8f5f 	dmb	sy
10003460:	2200      	movs	r2, #0
10003462:	601a      	str	r2, [r3, #0]
10003464:	f387 8810 	msr	PRIMASK, r7
10003468:	490a      	ldr	r1, [pc, #40]	@ (10003494 <alarm_pool_add_alarm_at+0xcc>)
1000346a:	7823      	ldrb	r3, [r4, #0]
1000346c:	468c      	mov	ip, r1
1000346e:	3201      	adds	r2, #1
10003470:	409a      	lsls	r2, r3
10003472:	68e3      	ldr	r3, [r4, #12]
10003474:	4463      	add	r3, ip
10003476:	601a      	str	r2, [r3, #0]
10003478:	bdf8      	pop	{r3, r4, r5, r6, r7, pc}
1000347a:	2001      	movs	r0, #1
1000347c:	e7dd      	b.n	1000343a <alarm_pool_add_alarm_at+0x72>
1000347e:	f3bf 8f5f 	dmb	sy
10003482:	2300      	movs	r3, #0
10003484:	6013      	str	r3, [r2, #0]
10003486:	f380 8810 	msr	PRIMASK, r0
1000348a:	2001      	movs	r0, #1
1000348c:	4240      	negs	r0, r0
1000348e:	e7f3      	b.n	10003478 <alarm_pool_add_alarm_at+0xb0>
10003490:	2000      	movs	r0, #0
10003492:	e7f1      	b.n	10003478 <alarm_pool_add_alarm_at+0xb0>
10003494:	0000203c 	.word	0x0000203c

10003498 <alarm_pool_add_alarm_at_force_in_context>:
10003498:	b570      	push	{r4, r5, r6, lr}
1000349a:	0001      	movs	r1, r0
1000349c:	6904      	ldr	r4, [r0, #16]
1000349e:	f3ef 8c10 	mrs	ip, PRIMASK
100034a2:	b672      	cpsid	i
100034a4:	6820      	ldr	r0, [r4, #0]
100034a6:	2800      	cmp	r0, #0
100034a8:	d0fc      	beq.n	100034a4 <alarm_pool_add_alarm_at_force_in_context+0xc>
100034aa:	f3bf 8f5f 	dmb	sy
100034ae:	2002      	movs	r0, #2
100034b0:	5e0d      	ldrsh	r5, [r1, r0]
100034b2:	694c      	ldr	r4, [r1, #20]
100034b4:	0068      	lsls	r0, r5, #1
100034b6:	1940      	adds	r0, r0, r5
100034b8:	00c0      	lsls	r0, r0, #3
100034ba:	1824      	adds	r4, r4, r0
100034bc:	6908      	ldr	r0, [r1, #16]
100034be:	2d00      	cmp	r5, #0
100034c0:	db36      	blt.n	10003530 <alarm_pool_add_alarm_at_force_in_context+0x98>
100034c2:	8826      	ldrh	r6, [r4, #0]
100034c4:	804e      	strh	r6, [r1, #2]
100034c6:	f3bf 8f5f 	dmb	sy
100034ca:	2600      	movs	r6, #0
100034cc:	6006      	str	r6, [r0, #0]
100034ce:	f38c 8810 	msr	PRIMASK, ip
100034d2:	60e3      	str	r3, [r4, #12]
100034d4:	8863      	ldrh	r3, [r4, #2]
100034d6:	9804      	ldr	r0, [sp, #16]
100034d8:	3301      	adds	r3, #1
100034da:	6120      	str	r0, [r4, #16]
100034dc:	045b      	lsls	r3, r3, #17
100034de:	9805      	ldr	r0, [sp, #20]
100034e0:	0c5b      	lsrs	r3, r3, #17
100034e2:	60a2      	str	r2, [r4, #8]
100034e4:	6160      	str	r0, [r4, #20]
100034e6:	1c1a      	adds	r2, r3, #0
100034e8:	2b00      	cmp	r3, #0
100034ea:	d01f      	beq.n	1000352c <alarm_pool_add_alarm_at_force_in_context+0x94>
100034ec:	b293      	uxth	r3, r2
100034ee:	0428      	lsls	r0, r5, #16
100034f0:	8062      	strh	r2, [r4, #2]
100034f2:	4318      	orrs	r0, r3
100034f4:	690a      	ldr	r2, [r1, #16]
100034f6:	f3ef 8c10 	mrs	ip, PRIMASK
100034fa:	b672      	cpsid	i
100034fc:	6813      	ldr	r3, [r2, #0]
100034fe:	2b00      	cmp	r3, #0
10003500:	d0fc      	beq.n	100034fc <alarm_pool_add_alarm_at_force_in_context+0x64>
10003502:	f3bf 8f5f 	dmb	sy
10003506:	888b      	ldrh	r3, [r1, #4]
10003508:	8023      	strh	r3, [r4, #0]
1000350a:	808d      	strh	r5, [r1, #4]
1000350c:	690b      	ldr	r3, [r1, #16]
1000350e:	f3bf 8f5f 	dmb	sy
10003512:	2200      	movs	r2, #0
10003514:	601a      	str	r2, [r3, #0]
10003516:	f38c 8810 	msr	PRIMASK, ip
1000351a:	780b      	ldrb	r3, [r1, #0]
1000351c:	3201      	adds	r2, #1
1000351e:	409a      	lsls	r2, r3
10003520:	68cb      	ldr	r3, [r1, #12]
10003522:	4908      	ldr	r1, [pc, #32]	@ (10003544 <alarm_pool_add_alarm_at_force_in_context+0xac>)
10003524:	468c      	mov	ip, r1
10003526:	4463      	add	r3, ip
10003528:	601a      	str	r2, [r3, #0]
1000352a:	bd70      	pop	{r4, r5, r6, pc}
1000352c:	2201      	movs	r2, #1
1000352e:	e7dd      	b.n	100034ec <alarm_pool_add_alarm_at_force_in_context+0x54>
10003530:	f3bf 8f5f 	dmb	sy
10003534:	2300      	movs	r3, #0
10003536:	6003      	str	r3, [r0, #0]
10003538:	f38c 8810 	msr	PRIMASK, ip
1000353c:	2001      	movs	r0, #1
1000353e:	4240      	negs	r0, r0
10003540:	e7f3      	b.n	1000352a <alarm_pool_add_alarm_at_force_in_context+0x92>
10003542:	46c0      	nop			@ (mov r8, r8)
10003544:	0000203c 	.word	0x0000203c

10003548 <alarm_pool_cancel_alarm>:
10003548:	b510      	push	{r4, lr}
1000354a:	8943      	ldrh	r3, [r0, #10]
1000354c:	140a      	asrs	r2, r1, #16
1000354e:	4293      	cmp	r3, r2
10003550:	dd1a      	ble.n	10003588 <alarm_pool_cancel_alarm+0x40>
10003552:	0053      	lsls	r3, r2, #1
10003554:	189b      	adds	r3, r3, r2
10003556:	6942      	ldr	r2, [r0, #20]
10003558:	00db      	lsls	r3, r3, #3
1000355a:	18d3      	adds	r3, r2, r3
1000355c:	6904      	ldr	r4, [r0, #16]
1000355e:	f3ef 8c10 	mrs	ip, PRIMASK
10003562:	b672      	cpsid	i
10003564:	6822      	ldr	r2, [r4, #0]
10003566:	2a00      	cmp	r2, #0
10003568:	d0fc      	beq.n	10003564 <alarm_pool_cancel_alarm+0x1c>
1000356a:	f3bf 8f5f 	dmb	sy
1000356e:	885a      	ldrh	r2, [r3, #2]
10003570:	0409      	lsls	r1, r1, #16
10003572:	b294      	uxth	r4, r2
10003574:	0c09      	lsrs	r1, r1, #16
10003576:	428a      	cmp	r2, r1
10003578:	d008      	beq.n	1000358c <alarm_pool_cancel_alarm+0x44>
1000357a:	6903      	ldr	r3, [r0, #16]
1000357c:	f3bf 8f5f 	dmb	sy
10003580:	2200      	movs	r2, #0
10003582:	601a      	str	r2, [r3, #0]
10003584:	f38c 8810 	msr	PRIMASK, ip
10003588:	2000      	movs	r0, #0
1000358a:	bd10      	pop	{r4, pc}
1000358c:	2280      	movs	r2, #128	@ 0x80
1000358e:	0212      	lsls	r2, r2, #8
10003590:	4314      	orrs	r4, r2
10003592:	805c      	strh	r4, [r3, #2]
10003594:	2301      	movs	r3, #1
10003596:	6902      	ldr	r2, [r0, #16]
10003598:	7183      	strb	r3, [r0, #6]
1000359a:	f3bf 8f5f 	dmb	sy
1000359e:	2100      	movs	r1, #0
100035a0:	6011      	str	r1, [r2, #0]
100035a2:	f38c 8810 	msr	PRIMASK, ip
100035a6:	4904      	ldr	r1, [pc, #16]	@ (100035b8 <alarm_pool_cancel_alarm+0x70>)
100035a8:	7802      	ldrb	r2, [r0, #0]
100035aa:	468c      	mov	ip, r1
100035ac:	4093      	lsls	r3, r2
100035ae:	68c2      	ldr	r2, [r0, #12]
100035b0:	2001      	movs	r0, #1
100035b2:	4462      	add	r2, ip
100035b4:	6013      	str	r3, [r2, #0]
100035b6:	e7e8      	b.n	1000358a <alarm_pool_cancel_alarm+0x42>
100035b8:	0000203c 	.word	0x0000203c

100035bc <alarm_pool_core_num>:
100035bc:	7840      	ldrb	r0, [r0, #1]
100035be:	4770      	bx	lr

100035c0 <best_effort_wfe_or_timeout>:
100035c0:	b5f0      	push	{r4, r5, r6, r7, lr}
100035c2:	4657      	mov	r7, sl
100035c4:	464e      	mov	r6, r9
100035c6:	46de      	mov	lr, fp
100035c8:	4645      	mov	r5, r8
100035ca:	b5e0      	push	{r5, r6, r7, lr}
100035cc:	0006      	movs	r6, r0
100035ce:	000f      	movs	r7, r1
100035d0:	b085      	sub	sp, #20
100035d2:	f3ef 8305 	mrs	r3, IPSR
100035d6:	4699      	mov	r9, r3
100035d8:	468a      	mov	sl, r1
100035da:	2b00      	cmp	r3, #0
100035dc:	d012      	beq.n	10003604 <best_effort_wfe_or_timeout+0x44>
100035de:	4941      	ldr	r1, [pc, #260]	@ (100036e4 <best_effort_wfe_or_timeout+0x124>)
100035e0:	2000      	movs	r0, #0
100035e2:	6a4b      	ldr	r3, [r1, #36]	@ 0x24
100035e4:	42bb      	cmp	r3, r7
100035e6:	d306      	bcc.n	100035f6 <best_effort_wfe_or_timeout+0x36>
100035e8:	6a8a      	ldr	r2, [r1, #40]	@ 0x28
100035ea:	1bdb      	subs	r3, r3, r7
100035ec:	1e59      	subs	r1, r3, #1
100035ee:	418b      	sbcs	r3, r1
100035f0:	42b2      	cmp	r2, r6
100035f2:	4140      	adcs	r0, r0
100035f4:	4318      	orrs	r0, r3
100035f6:	b005      	add	sp, #20
100035f8:	bcf0      	pop	{r4, r5, r6, r7}
100035fa:	46bb      	mov	fp, r7
100035fc:	46b2      	mov	sl, r6
100035fe:	46a9      	mov	r9, r5
10003600:	46a0      	mov	r8, r4
10003602:	bdf0      	pop	{r4, r5, r6, r7, pc}
10003604:	4b38      	ldr	r3, [pc, #224]	@ (100036e8 <best_effort_wfe_or_timeout+0x128>)
10003606:	469b      	mov	fp, r3
10003608:	68db      	ldr	r3, [r3, #12]
1000360a:	4698      	mov	r8, r3
1000360c:	465b      	mov	r3, fp
1000360e:	781b      	ldrb	r3, [r3, #0]
10003610:	4640      	mov	r0, r8
10003612:	9303      	str	r3, [sp, #12]
10003614:	f000 f876 	bl	10003704 <timer_time_us_64>
10003618:	4642      	mov	r2, r8
1000361a:	9b03      	ldr	r3, [sp, #12]
1000361c:	0004      	movs	r4, r0
1000361e:	3304      	adds	r3, #4
10003620:	009b      	lsls	r3, r3, #2
10003622:	589b      	ldr	r3, [r3, r2]
10003624:	000d      	movs	r5, r1
10003626:	1a1b      	subs	r3, r3, r0
10003628:	0039      	movs	r1, r7
1000362a:	0030      	movs	r0, r6
1000362c:	1b00      	subs	r0, r0, r4
1000362e:	41a9      	sbcs	r1, r5
10003630:	4589      	cmp	r9, r1
10003632:	dc1a      	bgt.n	1000366a <best_effort_wfe_or_timeout+0xaa>
10003634:	d017      	beq.n	10003666 <best_effort_wfe_or_timeout+0xa6>
10003636:	4b2b      	ldr	r3, [pc, #172]	@ (100036e4 <best_effort_wfe_or_timeout+0x124>)
10003638:	6a5a      	ldr	r2, [r3, #36]	@ 0x24
1000363a:	4552      	cmp	r2, sl
1000363c:	d305      	bcc.n	1000364a <best_effort_wfe_or_timeout+0x8a>
1000363e:	6a9b      	ldr	r3, [r3, #40]	@ 0x28
10003640:	2001      	movs	r0, #1
10003642:	42b3      	cmp	r3, r6
10003644:	d2d7      	bcs.n	100035f6 <best_effort_wfe_or_timeout+0x36>
10003646:	4552      	cmp	r2, sl
10003648:	d1d5      	bne.n	100035f6 <best_effort_wfe_or_timeout+0x36>
1000364a:	bf20      	wfe
1000364c:	4b25      	ldr	r3, [pc, #148]	@ (100036e4 <best_effort_wfe_or_timeout+0x124>)
1000364e:	6a58      	ldr	r0, [r3, #36]	@ 0x24
10003650:	4550      	cmp	r0, sl
10003652:	d33b      	bcc.n	100036cc <best_effort_wfe_or_timeout+0x10c>
10003654:	1bc0      	subs	r0, r0, r7
10003656:	6a9a      	ldr	r2, [r3, #40]	@ 0x28
10003658:	1e43      	subs	r3, r0, #1
1000365a:	4198      	sbcs	r0, r3
1000365c:	2300      	movs	r3, #0
1000365e:	42b2      	cmp	r2, r6
10003660:	415b      	adcs	r3, r3
10003662:	4318      	orrs	r0, r3
10003664:	e7c7      	b.n	100035f6 <best_effort_wfe_or_timeout+0x36>
10003666:	4283      	cmp	r3, r0
10003668:	d9e5      	bls.n	10003636 <best_effort_wfe_or_timeout+0x76>
1000366a:	f000 f853 	bl	10003714 <time_us_64>
1000366e:	0032      	movs	r2, r6
10003670:	003b      	movs	r3, r7
10003672:	1a12      	subs	r2, r2, r0
10003674:	418b      	sbcs	r3, r1
10003676:	2b00      	cmp	r3, #0
10003678:	db24      	blt.n	100036c4 <best_effort_wfe_or_timeout+0x104>
1000367a:	2300      	movs	r3, #0
1000367c:	9301      	str	r3, [sp, #4]
1000367e:	4b1b      	ldr	r3, [pc, #108]	@ (100036ec <best_effort_wfe_or_timeout+0x12c>)
10003680:	0032      	movs	r2, r6
10003682:	9300      	str	r3, [sp, #0]
10003684:	4658      	mov	r0, fp
10003686:	003b      	movs	r3, r7
10003688:	f7ff ff06 	bl	10003498 <alarm_pool_add_alarm_at_force_in_context>
1000368c:	1e01      	subs	r1, r0, #0
1000368e:	dd19      	ble.n	100036c4 <best_effort_wfe_or_timeout+0x104>
10003690:	4b14      	ldr	r3, [pc, #80]	@ (100036e4 <best_effort_wfe_or_timeout+0x124>)
10003692:	6a5a      	ldr	r2, [r3, #36]	@ 0x24
10003694:	4552      	cmp	r2, sl
10003696:	d304      	bcc.n	100036a2 <best_effort_wfe_or_timeout+0xe2>
10003698:	6a9b      	ldr	r3, [r3, #40]	@ 0x28
1000369a:	42b3      	cmp	r3, r6
1000369c:	d202      	bcs.n	100036a4 <best_effort_wfe_or_timeout+0xe4>
1000369e:	4552      	cmp	r2, sl
100036a0:	d100      	bne.n	100036a4 <best_effort_wfe_or_timeout+0xe4>
100036a2:	bf20      	wfe
100036a4:	4658      	mov	r0, fp
100036a6:	f7ff ff4f 	bl	10003548 <alarm_pool_cancel_alarm>
100036aa:	4a0e      	ldr	r2, [pc, #56]	@ (100036e4 <best_effort_wfe_or_timeout+0x124>)
100036ac:	2000      	movs	r0, #0
100036ae:	6a53      	ldr	r3, [r2, #36]	@ 0x24
100036b0:	4553      	cmp	r3, sl
100036b2:	d3a0      	bcc.n	100035f6 <best_effort_wfe_or_timeout+0x36>
100036b4:	6a92      	ldr	r2, [r2, #40]	@ 0x28
100036b6:	1bdb      	subs	r3, r3, r7
100036b8:	1e59      	subs	r1, r3, #1
100036ba:	418b      	sbcs	r3, r1
100036bc:	42b2      	cmp	r2, r6
100036be:	4140      	adcs	r0, r0
100036c0:	4318      	orrs	r0, r3
100036c2:	e798      	b.n	100035f6 <best_effort_wfe_or_timeout+0x36>
100036c4:	4a07      	ldr	r2, [pc, #28]	@ (100036e4 <best_effort_wfe_or_timeout+0x124>)
100036c6:	6a53      	ldr	r3, [r2, #36]	@ 0x24
100036c8:	4553      	cmp	r3, sl
100036ca:	d201      	bcs.n	100036d0 <best_effort_wfe_or_timeout+0x110>
100036cc:	2000      	movs	r0, #0
100036ce:	e792      	b.n	100035f6 <best_effort_wfe_or_timeout+0x36>
100036d0:	2000      	movs	r0, #0
100036d2:	6a92      	ldr	r2, [r2, #40]	@ 0x28
100036d4:	1bdb      	subs	r3, r3, r7
100036d6:	42b2      	cmp	r2, r6
100036d8:	4140      	adcs	r0, r0
100036da:	1e5a      	subs	r2, r3, #1
100036dc:	4193      	sbcs	r3, r2
100036de:	4318      	orrs	r0, r3
100036e0:	e789      	b.n	100035f6 <best_effort_wfe_or_timeout+0x36>
100036e2:	46c0      	nop			@ (mov r8, r8)
100036e4:	40054000 	.word	0x40054000
100036e8:	200010ac 	.word	0x200010ac
100036ec:	10002fa9 	.word	0x10002fa9

100036f0 <timer_hardware_alarm_claim>:
100036f0:	b510      	push	{r4, lr}
100036f2:	4a02      	ldr	r2, [pc, #8]	@ (100036fc <timer_hardware_alarm_claim+0xc>)
100036f4:	4802      	ldr	r0, [pc, #8]	@ (10003700 <timer_hardware_alarm_claim+0x10>)
100036f6:	f7ff f991 	bl	10002a1c <hw_claim_or_assert>
100036fa:	bd10      	pop	{r4, pc}
100036fc:	10009490 	.word	0x10009490
10003700:	20001a90 	.word	0x20001a90

10003704 <timer_time_us_64>:
10003704:	0003      	movs	r3, r0
10003706:	6a41      	ldr	r1, [r0, #36]	@ 0x24
10003708:	000a      	movs	r2, r1
1000370a:	6a98      	ldr	r0, [r3, #40]	@ 0x28
1000370c:	6a59      	ldr	r1, [r3, #36]	@ 0x24
1000370e:	428a      	cmp	r2, r1
10003710:	d1fa      	bne.n	10003708 <timer_time_us_64+0x4>
10003712:	4770      	bx	lr

10003714 <time_us_64>:
10003714:	4b03      	ldr	r3, [pc, #12]	@ (10003724 <time_us_64+0x10>)
10003716:	6a59      	ldr	r1, [r3, #36]	@ 0x24
10003718:	000a      	movs	r2, r1
1000371a:	6a98      	ldr	r0, [r3, #40]	@ 0x28
1000371c:	6a59      	ldr	r1, [r3, #36]	@ 0x24
1000371e:	4291      	cmp	r1, r2
10003720:	d1fa      	bne.n	10003718 <time_us_64+0x4>
10003722:	4770      	bx	lr
10003724:	40054000 	.word	0x40054000

10003728 <busy_wait_us_32>:
10003728:	b570      	push	{r4, r5, r6, lr}
1000372a:	2800      	cmp	r0, #0
1000372c:	db06      	blt.n	1000373c <busy_wait_us_32+0x14>
1000372e:	4a1c      	ldr	r2, [pc, #112]	@ (100037a0 <busy_wait_us_32+0x78>)
10003730:	6a91      	ldr	r1, [r2, #40]	@ 0x28
10003732:	6a93      	ldr	r3, [r2, #40]	@ 0x28
10003734:	1a5b      	subs	r3, r3, r1
10003736:	4298      	cmp	r0, r3
10003738:	d8fb      	bhi.n	10003732 <busy_wait_us_32+0xa>
1000373a:	bd70      	pop	{r4, r5, r6, pc}
1000373c:	0004      	movs	r4, r0
1000373e:	2500      	movs	r5, #0
10003740:	4a17      	ldr	r2, [pc, #92]	@ (100037a0 <busy_wait_us_32+0x78>)
10003742:	6a53      	ldr	r3, [r2, #36]	@ 0x24
10003744:	0019      	movs	r1, r3
10003746:	6a96      	ldr	r6, [r2, #40]	@ 0x28
10003748:	6a53      	ldr	r3, [r2, #36]	@ 0x24
1000374a:	428b      	cmp	r3, r1
1000374c:	d1fa      	bne.n	10003744 <busy_wait_us_32+0x1c>
1000374e:	0030      	movs	r0, r6
10003750:	0019      	movs	r1, r3
10003752:	1824      	adds	r4, r4, r0
10003754:	414d      	adcs	r5, r1
10003756:	42ab      	cmp	r3, r5
10003758:	d918      	bls.n	1000378c <busy_wait_us_32+0x64>
1000375a:	4b11      	ldr	r3, [pc, #68]	@ (100037a0 <busy_wait_us_32+0x78>)
1000375c:	6a5b      	ldr	r3, [r3, #36]	@ 0x24
1000375e:	001c      	movs	r4, r3
10003760:	1c5a      	adds	r2, r3, #1
10003762:	d00a      	beq.n	1000377a <busy_wait_us_32+0x52>
10003764:	2301      	movs	r3, #1
10003766:	2401      	movs	r4, #1
10003768:	4264      	negs	r4, r4
1000376a:	17e5      	asrs	r5, r4, #31
1000376c:	425b      	negs	r3, r3
1000376e:	490c      	ldr	r1, [pc, #48]	@ (100037a0 <busy_wait_us_32+0x78>)
10003770:	6a4a      	ldr	r2, [r1, #36]	@ 0x24
10003772:	429a      	cmp	r2, r3
10003774:	d3fc      	bcc.n	10003770 <busy_wait_us_32+0x48>
10003776:	429a      	cmp	r2, r3
10003778:	d1df      	bne.n	1000373a <busy_wait_us_32+0x12>
1000377a:	4a09      	ldr	r2, [pc, #36]	@ (100037a0 <busy_wait_us_32+0x78>)
1000377c:	e002      	b.n	10003784 <busy_wait_us_32+0x5c>
1000377e:	6a51      	ldr	r1, [r2, #36]	@ 0x24
10003780:	4299      	cmp	r1, r3
10003782:	d1da      	bne.n	1000373a <busy_wait_us_32+0x12>
10003784:	6a91      	ldr	r1, [r2, #40]	@ 0x28
10003786:	42a1      	cmp	r1, r4
10003788:	d3f9      	bcc.n	1000377e <busy_wait_us_32+0x56>
1000378a:	e7d6      	b.n	1000373a <busy_wait_us_32+0x12>
1000378c:	42ab      	cmp	r3, r5
1000378e:	d101      	bne.n	10003794 <busy_wait_us_32+0x6c>
10003790:	42a6      	cmp	r6, r4
10003792:	d8e2      	bhi.n	1000375a <busy_wait_us_32+0x32>
10003794:	4a02      	ldr	r2, [pc, #8]	@ (100037a0 <busy_wait_us_32+0x78>)
10003796:	002b      	movs	r3, r5
10003798:	6a52      	ldr	r2, [r2, #36]	@ 0x24
1000379a:	4295      	cmp	r5, r2
1000379c:	d8e7      	bhi.n	1000376e <busy_wait_us_32+0x46>
1000379e:	e7ea      	b.n	10003776 <busy_wait_us_32+0x4e>
100037a0:	40054000 	.word	0x40054000

100037a4 <busy_wait_us>:
100037a4:	b570      	push	{r4, r5, r6, lr}
100037a6:	0004      	movs	r4, r0
100037a8:	000d      	movs	r5, r1
100037aa:	4a17      	ldr	r2, [pc, #92]	@ (10003808 <busy_wait_us+0x64>)
100037ac:	6a53      	ldr	r3, [r2, #36]	@ 0x24
100037ae:	0019      	movs	r1, r3
100037b0:	6a96      	ldr	r6, [r2, #40]	@ 0x28
100037b2:	6a53      	ldr	r3, [r2, #36]	@ 0x24
100037b4:	428b      	cmp	r3, r1
100037b6:	d1fa      	bne.n	100037ae <busy_wait_us+0xa>
100037b8:	0030      	movs	r0, r6
100037ba:	0019      	movs	r1, r3
100037bc:	1824      	adds	r4, r4, r0
100037be:	414d      	adcs	r5, r1
100037c0:	42ab      	cmp	r3, r5
100037c2:	d816      	bhi.n	100037f2 <busy_wait_us+0x4e>
100037c4:	d013      	beq.n	100037ee <busy_wait_us+0x4a>
100037c6:	4b10      	ldr	r3, [pc, #64]	@ (10003808 <busy_wait_us+0x64>)
100037c8:	002a      	movs	r2, r5
100037ca:	6a5b      	ldr	r3, [r3, #36]	@ 0x24
100037cc:	429d      	cmp	r5, r3
100037ce:	d903      	bls.n	100037d8 <busy_wait_us+0x34>
100037d0:	490d      	ldr	r1, [pc, #52]	@ (10003808 <busy_wait_us+0x64>)
100037d2:	6a4b      	ldr	r3, [r1, #36]	@ 0x24
100037d4:	4293      	cmp	r3, r2
100037d6:	d3fc      	bcc.n	100037d2 <busy_wait_us+0x2e>
100037d8:	4293      	cmp	r3, r2
100037da:	d107      	bne.n	100037ec <busy_wait_us+0x48>
100037dc:	4a0a      	ldr	r2, [pc, #40]	@ (10003808 <busy_wait_us+0x64>)
100037de:	e002      	b.n	100037e6 <busy_wait_us+0x42>
100037e0:	6a51      	ldr	r1, [r2, #36]	@ 0x24
100037e2:	4299      	cmp	r1, r3
100037e4:	d102      	bne.n	100037ec <busy_wait_us+0x48>
100037e6:	6a91      	ldr	r1, [r2, #40]	@ 0x28
100037e8:	42a1      	cmp	r1, r4
100037ea:	d3f9      	bcc.n	100037e0 <busy_wait_us+0x3c>
100037ec:	bd70      	pop	{r4, r5, r6, pc}
100037ee:	42a6      	cmp	r6, r4
100037f0:	d9e9      	bls.n	100037c6 <busy_wait_us+0x22>
100037f2:	4b05      	ldr	r3, [pc, #20]	@ (10003808 <busy_wait_us+0x64>)
100037f4:	6a5b      	ldr	r3, [r3, #36]	@ 0x24
100037f6:	001c      	movs	r4, r3
100037f8:	1c5a      	adds	r2, r3, #1
100037fa:	d0ef      	beq.n	100037dc <busy_wait_us+0x38>
100037fc:	2201      	movs	r2, #1
100037fe:	2401      	movs	r4, #1
10003800:	4264      	negs	r4, r4
10003802:	17e5      	asrs	r5, r4, #31
10003804:	4252      	negs	r2, r2
10003806:	e7e3      	b.n	100037d0 <busy_wait_us+0x2c>
10003808:	40054000 	.word	0x40054000

1000380c <uart_init>:
1000380c:	b5f8      	push	{r3, r4, r5, r6, r7, lr}
1000380e:	0004      	movs	r4, r0
10003810:	2006      	movs	r0, #6
10003812:	000d      	movs	r5, r1
10003814:	f000 f9b4 	bl	10003b80 <clock_get_hz>
10003818:	2800      	cmp	r0, #0
1000381a:	d044      	beq.n	100038a6 <uart_init+0x9a>
1000381c:	4b37      	ldr	r3, [pc, #220]	@ (100038fc <uart_init+0xf0>)
1000381e:	4938      	ldr	r1, [pc, #224]	@ (10003900 <uart_init+0xf4>)
10003820:	18e3      	adds	r3, r4, r3
10003822:	1e5a      	subs	r2, r3, #1
10003824:	4193      	sbcs	r3, r2
10003826:	2280      	movs	r2, #128	@ 0x80
10003828:	0412      	lsls	r2, r2, #16
1000382a:	4694      	mov	ip, r2
1000382c:	425b      	negs	r3, r3
1000382e:	0d9b      	lsrs	r3, r3, #22
10003830:	4a34      	ldr	r2, [pc, #208]	@ (10003904 <uart_init+0xf8>)
10003832:	059b      	lsls	r3, r3, #22
10003834:	4463      	add	r3, ip
10003836:	6013      	str	r3, [r2, #0]
10003838:	4a33      	ldr	r2, [pc, #204]	@ (10003908 <uart_init+0xfc>)
1000383a:	6013      	str	r3, [r2, #0]
1000383c:	0018      	movs	r0, r3
1000383e:	680a      	ldr	r2, [r1, #0]
10003840:	4390      	bics	r0, r2
10003842:	d1fb      	bne.n	1000383c <uart_init+0x30>
10003844:	4b2d      	ldr	r3, [pc, #180]	@ (100038fc <uart_init+0xf0>)
10003846:	4a31      	ldr	r2, [pc, #196]	@ (1000390c <uart_init+0x100>)
10003848:	18e3      	adds	r3, r4, r3
1000384a:	4259      	negs	r1, r3
1000384c:	414b      	adcs	r3, r1
1000384e:	2180      	movs	r1, #128	@ 0x80
10003850:	005b      	lsls	r3, r3, #1
10003852:	0049      	lsls	r1, r1, #1
10003854:	2006      	movs	r0, #6
10003856:	5299      	strh	r1, [r3, r2]
10003858:	f000 f992 	bl	10003b80 <clock_get_hz>
1000385c:	0029      	movs	r1, r5
1000385e:	00c0      	lsls	r0, r0, #3
10003860:	f000 fc2c 	bl	100040bc <__wrap___aeabi_uidiv>
10003864:	3001      	adds	r0, #1
10003866:	09c3      	lsrs	r3, r0, #7
10003868:	d11e      	bne.n	100038a8 <uart_init+0x9c>
1000386a:	2740      	movs	r7, #64	@ 0x40
1000386c:	2201      	movs	r2, #1
1000386e:	6262      	str	r2, [r4, #36]	@ 0x24
10003870:	62a3      	str	r3, [r4, #40]	@ 0x28
10003872:	6b26      	ldr	r6, [r4, #48]	@ 0x30
10003874:	07f3      	lsls	r3, r6, #31
10003876:	d422      	bmi.n	100038be <uart_init+0xb2>
10003878:	6ae3      	ldr	r3, [r4, #44]	@ 0x2c
1000387a:	4b25      	ldr	r3, [pc, #148]	@ (10003910 <uart_init+0x104>)
1000387c:	2006      	movs	r0, #6
1000387e:	18e5      	adds	r5, r4, r3
10003880:	2300      	movs	r3, #0
10003882:	602b      	str	r3, [r5, #0]
10003884:	6326      	str	r6, [r4, #48]	@ 0x30
10003886:	f000 f97b 	bl	10003b80 <clock_get_hz>
1000388a:	0039      	movs	r1, r7
1000388c:	0080      	lsls	r0, r0, #2
1000388e:	f000 fc15 	bl	100040bc <__wrap___aeabi_uidiv>
10003892:	2370      	movs	r3, #112	@ 0x70
10003894:	6ae2      	ldr	r2, [r4, #44]	@ 0x2c
10003896:	405a      	eors	r2, r3
10003898:	330e      	adds	r3, #14
1000389a:	4013      	ands	r3, r2
1000389c:	602b      	str	r3, [r5, #0]
1000389e:	4b1d      	ldr	r3, [pc, #116]	@ (10003914 <uart_init+0x108>)
100038a0:	6323      	str	r3, [r4, #48]	@ 0x30
100038a2:	2303      	movs	r3, #3
100038a4:	64a3      	str	r3, [r4, #72]	@ 0x48
100038a6:	bdf8      	pop	{r3, r4, r5, r6, r7, pc}
100038a8:	4a1b      	ldr	r2, [pc, #108]	@ (10003918 <uart_init+0x10c>)
100038aa:	4293      	cmp	r3, r2
100038ac:	d91e      	bls.n	100038ec <uart_init+0xe0>
100038ae:	2300      	movs	r3, #0
100038b0:	4a1a      	ldr	r2, [pc, #104]	@ (1000391c <uart_init+0x110>)
100038b2:	4f1b      	ldr	r7, [pc, #108]	@ (10003920 <uart_init+0x114>)
100038b4:	6262      	str	r2, [r4, #36]	@ 0x24
100038b6:	62a3      	str	r3, [r4, #40]	@ 0x28
100038b8:	6b26      	ldr	r6, [r4, #48]	@ 0x30
100038ba:	07f3      	lsls	r3, r6, #31
100038bc:	d5dc      	bpl.n	10003878 <uart_init+0x6c>
100038be:	4b19      	ldr	r3, [pc, #100]	@ (10003924 <uart_init+0x118>)
100038c0:	4a14      	ldr	r2, [pc, #80]	@ (10003914 <uart_init+0x108>)
100038c2:	18e3      	adds	r3, r4, r3
100038c4:	601a      	str	r2, [r3, #0]
100038c6:	6a65      	ldr	r5, [r4, #36]	@ 0x24
100038c8:	6aa3      	ldr	r3, [r4, #40]	@ 0x28
100038ca:	2006      	movs	r0, #6
100038cc:	01ad      	lsls	r5, r5, #6
100038ce:	18ed      	adds	r5, r5, r3
100038d0:	f000 f956 	bl	10003b80 <clock_get_hz>
100038d4:	4914      	ldr	r1, [pc, #80]	@ (10003928 <uart_init+0x11c>)
100038d6:	f000 fbf1 	bl	100040bc <__wrap___aeabi_uidiv>
100038da:	02ad      	lsls	r5, r5, #10
100038dc:	0001      	movs	r1, r0
100038de:	0028      	movs	r0, r5
100038e0:	f000 fbec 	bl	100040bc <__wrap___aeabi_uidiv>
100038e4:	2100      	movs	r1, #0
100038e6:	f7ff ff5d 	bl	100037a4 <busy_wait_us>
100038ea:	e7c5      	b.n	10003878 <uart_init+0x6c>
100038ec:	0640      	lsls	r0, r0, #25
100038ee:	0e80      	lsrs	r0, r0, #26
100038f0:	019f      	lsls	r7, r3, #6
100038f2:	001a      	movs	r2, r3
100038f4:	183f      	adds	r7, r7, r0
100038f6:	0003      	movs	r3, r0
100038f8:	e7b9      	b.n	1000386e <uart_init+0x62>
100038fa:	46c0      	nop			@ (mov r8, r8)
100038fc:	bffc8000 	.word	0xbffc8000
10003900:	4000c008 	.word	0x4000c008
10003904:	4000e000 	.word	0x4000e000
10003908:	4000f000 	.word	0x4000f000
1000390c:	2000bf48 	.word	0x2000bf48
10003910:	0000102c 	.word	0x0000102c
10003914:	00000301 	.word	0x00000301
10003918:	0000fffe 	.word	0x0000fffe
1000391c:	0000ffff 	.word	0x0000ffff
10003920:	003fffc0 	.word	0x003fffc0
10003924:	00003030 	.word	0x00003030
10003928:	00000e4e 	.word	0x00000e4e

1000392c <uart_set_format>:
1000392c:	3905      	subs	r1, #5
1000392e:	3a01      	subs	r2, #1
10003930:	b5f8      	push	{r3, r4, r5, r6, r7, lr}
10003932:	00d2      	lsls	r2, r2, #3
10003934:	014c      	lsls	r4, r1, #5
10003936:	0005      	movs	r5, r0
10003938:	4314      	orrs	r4, r2
1000393a:	2b00      	cmp	r3, #0
1000393c:	d006      	beq.n	1000394c <uart_set_format+0x20>
1000393e:	3b01      	subs	r3, #1
10003940:	425a      	negs	r2, r3
10003942:	4153      	adcs	r3, r2
10003944:	009b      	lsls	r3, r3, #2
10003946:	4323      	orrs	r3, r4
10003948:	2402      	movs	r4, #2
1000394a:	431c      	orrs	r4, r3
1000394c:	6b2e      	ldr	r6, [r5, #48]	@ 0x30
1000394e:	07f3      	lsls	r3, r6, #31
10003950:	d408      	bmi.n	10003964 <uart_set_format+0x38>
10003952:	236e      	movs	r3, #110	@ 0x6e
10003954:	6aea      	ldr	r2, [r5, #44]	@ 0x2c
10003956:	4062      	eors	r2, r4
10003958:	4013      	ands	r3, r2
1000395a:	4a0e      	ldr	r2, [pc, #56]	@ (10003994 <uart_set_format+0x68>)
1000395c:	18aa      	adds	r2, r5, r2
1000395e:	6013      	str	r3, [r2, #0]
10003960:	632e      	str	r6, [r5, #48]	@ 0x30
10003962:	bdf8      	pop	{r3, r4, r5, r6, r7, pc}
10003964:	4b0c      	ldr	r3, [pc, #48]	@ (10003998 <uart_set_format+0x6c>)
10003966:	4a0d      	ldr	r2, [pc, #52]	@ (1000399c <uart_set_format+0x70>)
10003968:	18eb      	adds	r3, r5, r3
1000396a:	601a      	str	r2, [r3, #0]
1000396c:	6a6f      	ldr	r7, [r5, #36]	@ 0x24
1000396e:	6aab      	ldr	r3, [r5, #40]	@ 0x28
10003970:	2006      	movs	r0, #6
10003972:	01bf      	lsls	r7, r7, #6
10003974:	18ff      	adds	r7, r7, r3
10003976:	f000 f903 	bl	10003b80 <clock_get_hz>
1000397a:	4909      	ldr	r1, [pc, #36]	@ (100039a0 <uart_set_format+0x74>)
1000397c:	f000 fb9e 	bl	100040bc <__wrap___aeabi_uidiv>
10003980:	02bf      	lsls	r7, r7, #10
10003982:	0001      	movs	r1, r0
10003984:	0038      	movs	r0, r7
10003986:	f000 fb99 	bl	100040bc <__wrap___aeabi_uidiv>
1000398a:	2100      	movs	r1, #0
1000398c:	f7ff ff0a 	bl	100037a4 <busy_wait_us>
10003990:	e7df      	b.n	10003952 <uart_set_format+0x26>
10003992:	46c0      	nop			@ (mov r8, r8)
10003994:	0000102c 	.word	0x0000102c
10003998:	00003030 	.word	0x00003030
1000399c:	00000301 	.word	0x00000301
100039a0:	00000e4e 	.word	0x00000e4e

100039a4 <clock_configure_int_divider>:
100039a4:	b5f8      	push	{r3, r4, r5, r6, r7, lr}
100039a6:	46de      	mov	lr, fp
100039a8:	464e      	mov	r6, r9
100039aa:	4657      	mov	r7, sl
100039ac:	4645      	mov	r5, r8
100039ae:	b5e0      	push	{r5, r6, r7, lr}
100039b0:	468b      	mov	fp, r1
100039b2:	0005      	movs	r5, r0
100039b4:	990a      	ldr	r1, [sp, #40]	@ 0x28
100039b6:	0018      	movs	r0, r3
100039b8:	0016      	movs	r6, r2
100039ba:	f000 fb7f 	bl	100040bc <__wrap___aeabi_uidiv>
100039be:	9b0a      	ldr	r3, [sp, #40]	@ 0x28
100039c0:	006c      	lsls	r4, r5, #1
100039c2:	021f      	lsls	r7, r3, #8
100039c4:	4b32      	ldr	r3, [pc, #200]	@ (10003a90 <clock_configure_int_divider+0xec>)
100039c6:	1964      	adds	r4, r4, r5
100039c8:	469c      	mov	ip, r3
100039ca:	00a4      	lsls	r4, r4, #2
100039cc:	4464      	add	r4, ip
100039ce:	6863      	ldr	r3, [r4, #4]
100039d0:	4681      	mov	r9, r0
100039d2:	429f      	cmp	r7, r3
100039d4:	d900      	bls.n	100039d8 <clock_configure_int_divider+0x34>
100039d6:	6067      	str	r7, [r4, #4]
100039d8:	1f2b      	subs	r3, r5, #4
100039da:	b2db      	uxtb	r3, r3
100039dc:	4698      	mov	r8, r3
100039de:	2b01      	cmp	r3, #1
100039e0:	d930      	bls.n	10003a44 <clock_configure_int_divider+0xa0>
100039e2:	23c0      	movs	r3, #192	@ 0xc0
100039e4:	2280      	movs	r2, #128	@ 0x80
100039e6:	019b      	lsls	r3, r3, #6
100039e8:	18e3      	adds	r3, r4, r3
100039ea:	0112      	lsls	r2, r2, #4
100039ec:	601a      	str	r2, [r3, #0]
100039ee:	4b29      	ldr	r3, [pc, #164]	@ (10003a94 <clock_configure_int_divider+0xf0>)
100039f0:	00ad      	lsls	r5, r5, #2
100039f2:	5959      	ldr	r1, [r3, r5]
100039f4:	469a      	mov	sl, r3
100039f6:	2900      	cmp	r1, #0
100039f8:	d11b      	bne.n	10003a32 <clock_configure_int_divider+0x8e>
100039fa:	0173      	lsls	r3, r6, #5
100039fc:	26e0      	movs	r6, #224	@ 0xe0
100039fe:	6822      	ldr	r2, [r4, #0]
10003a00:	4053      	eors	r3, r2
10003a02:	401e      	ands	r6, r3
10003a04:	2380      	movs	r3, #128	@ 0x80
10003a06:	4642      	mov	r2, r8
10003a08:	015b      	lsls	r3, r3, #5
10003a0a:	18e3      	adds	r3, r4, r3
10003a0c:	601e      	str	r6, [r3, #0]
10003a0e:	2a01      	cmp	r2, #1
10003a10:	d930      	bls.n	10003a74 <clock_configure_int_divider+0xd0>
10003a12:	2380      	movs	r3, #128	@ 0x80
10003a14:	2280      	movs	r2, #128	@ 0x80
10003a16:	019b      	lsls	r3, r3, #6
10003a18:	18e3      	adds	r3, r4, r3
10003a1a:	0112      	lsls	r2, r2, #4
10003a1c:	601a      	str	r2, [r3, #0]
10003a1e:	4653      	mov	r3, sl
10003a20:	464a      	mov	r2, r9
10003a22:	6067      	str	r7, [r4, #4]
10003a24:	515a      	str	r2, [r3, r5]
10003a26:	bcf0      	pop	{r4, r5, r6, r7}
10003a28:	46bb      	mov	fp, r7
10003a2a:	46b2      	mov	sl, r6
10003a2c:	46a9      	mov	r9, r5
10003a2e:	46a0      	mov	r8, r4
10003a30:	bdf8      	pop	{r3, r4, r5, r6, r7, pc}
10003a32:	6958      	ldr	r0, [r3, #20]
10003a34:	f000 fb42 	bl	100040bc <__wrap___aeabi_uidiv>
10003a38:	3001      	adds	r0, #1
10003a3a:	0043      	lsls	r3, r0, #1
10003a3c:	181b      	adds	r3, r3, r0
10003a3e:	3b03      	subs	r3, #3
10003a40:	d2fd      	bcs.n	10003a3e <clock_configure_int_divider+0x9a>
10003a42:	e7da      	b.n	100039fa <clock_configure_int_divider+0x56>
10003a44:	465b      	mov	r3, fp
10003a46:	2b01      	cmp	r3, #1
10003a48:	d1cb      	bne.n	100039e2 <clock_configure_int_divider+0x3e>
10003a4a:	23c0      	movs	r3, #192	@ 0xc0
10003a4c:	2203      	movs	r2, #3
10003a4e:	019b      	lsls	r3, r3, #6
10003a50:	18e3      	adds	r3, r4, r3
10003a52:	601a      	str	r2, [r3, #0]
10003a54:	3a02      	subs	r2, #2
10003a56:	68a3      	ldr	r3, [r4, #8]
10003a58:	421a      	tst	r2, r3
10003a5a:	d0fc      	beq.n	10003a56 <clock_configure_int_divider+0xb2>
10003a5c:	0173      	lsls	r3, r6, #5
10003a5e:	26e0      	movs	r6, #224	@ 0xe0
10003a60:	6822      	ldr	r2, [r4, #0]
10003a62:	00ad      	lsls	r5, r5, #2
10003a64:	4053      	eors	r3, r2
10003a66:	401e      	ands	r6, r3
10003a68:	2380      	movs	r3, #128	@ 0x80
10003a6a:	4a0a      	ldr	r2, [pc, #40]	@ (10003a94 <clock_configure_int_divider+0xf0>)
10003a6c:	015b      	lsls	r3, r3, #5
10003a6e:	4692      	mov	sl, r2
10003a70:	18e3      	adds	r3, r4, r3
10003a72:	601e      	str	r6, [r3, #0]
10003a74:	465a      	mov	r2, fp
10003a76:	6821      	ldr	r1, [r4, #0]
10003a78:	4051      	eors	r1, r2
10003a7a:	2203      	movs	r2, #3
10003a7c:	400a      	ands	r2, r1
10003a7e:	601a      	str	r2, [r3, #0]
10003a80:	2201      	movs	r2, #1
10003a82:	465b      	mov	r3, fp
10003a84:	409a      	lsls	r2, r3
10003a86:	68a3      	ldr	r3, [r4, #8]
10003a88:	421a      	tst	r2, r3
10003a8a:	d0fc      	beq.n	10003a86 <clock_configure_int_divider+0xe2>
10003a8c:	e7c1      	b.n	10003a12 <clock_configure_int_divider+0x6e>
10003a8e:	46c0      	nop			@ (mov r8, r8)
10003a90:	40008000 	.word	0x40008000
10003a94:	20001a94 	.word	0x20001a94

10003a98 <clock_configure_undivided>:
10003a98:	b5f0      	push	{r4, r5, r6, r7, lr}
10003a9a:	4646      	mov	r6, r8
10003a9c:	464f      	mov	r7, r9
10003a9e:	46d6      	mov	lr, sl
10003aa0:	b5c0      	push	{r6, r7, lr}
10003aa2:	001f      	movs	r7, r3
10003aa4:	4b34      	ldr	r3, [pc, #208]	@ (10003b78 <clock_configure_undivided+0xe0>)
10003aa6:	0044      	lsls	r4, r0, #1
10003aa8:	469c      	mov	ip, r3
10003aaa:	1824      	adds	r4, r4, r0
10003aac:	00a4      	lsls	r4, r4, #2
10003aae:	4464      	add	r4, ip
10003ab0:	6863      	ldr	r3, [r4, #4]
10003ab2:	4688      	mov	r8, r1
10003ab4:	0016      	movs	r6, r2
10003ab6:	2bff      	cmp	r3, #255	@ 0xff
10003ab8:	d802      	bhi.n	10003ac0 <clock_configure_undivided+0x28>
10003aba:	2380      	movs	r3, #128	@ 0x80
10003abc:	005b      	lsls	r3, r3, #1
10003abe:	6063      	str	r3, [r4, #4]
10003ac0:	1f03      	subs	r3, r0, #4
10003ac2:	b2db      	uxtb	r3, r3
10003ac4:	469a      	mov	sl, r3
10003ac6:	2b01      	cmp	r3, #1
10003ac8:	d930      	bls.n	10003b2c <clock_configure_undivided+0x94>
10003aca:	23c0      	movs	r3, #192	@ 0xc0
10003acc:	2280      	movs	r2, #128	@ 0x80
10003ace:	019b      	lsls	r3, r3, #6
10003ad0:	18e3      	adds	r3, r4, r3
10003ad2:	0112      	lsls	r2, r2, #4
10003ad4:	601a      	str	r2, [r3, #0]
10003ad6:	4b29      	ldr	r3, [pc, #164]	@ (10003b7c <clock_configure_undivided+0xe4>)
10003ad8:	0085      	lsls	r5, r0, #2
10003ada:	5959      	ldr	r1, [r3, r5]
10003adc:	4699      	mov	r9, r3
10003ade:	2900      	cmp	r1, #0
10003ae0:	d11b      	bne.n	10003b1a <clock_configure_undivided+0x82>
10003ae2:	0173      	lsls	r3, r6, #5
10003ae4:	26e0      	movs	r6, #224	@ 0xe0
10003ae6:	6822      	ldr	r2, [r4, #0]
10003ae8:	4053      	eors	r3, r2
10003aea:	401e      	ands	r6, r3
10003aec:	2380      	movs	r3, #128	@ 0x80
10003aee:	4652      	mov	r2, sl
10003af0:	015b      	lsls	r3, r3, #5
10003af2:	18e3      	adds	r3, r4, r3
10003af4:	601e      	str	r6, [r3, #0]
10003af6:	2a01      	cmp	r2, #1
10003af8:	d930      	bls.n	10003b5c <clock_configure_undivided+0xc4>
10003afa:	2380      	movs	r3, #128	@ 0x80
10003afc:	2280      	movs	r2, #128	@ 0x80
10003afe:	019b      	lsls	r3, r3, #6
10003b00:	18e3      	adds	r3, r4, r3
10003b02:	0112      	lsls	r2, r2, #4
10003b04:	601a      	str	r2, [r3, #0]
10003b06:	2380      	movs	r3, #128	@ 0x80
10003b08:	005b      	lsls	r3, r3, #1
10003b0a:	6063      	str	r3, [r4, #4]
10003b0c:	464b      	mov	r3, r9
10003b0e:	515f      	str	r7, [r3, r5]
10003b10:	bce0      	pop	{r5, r6, r7}
10003b12:	46ba      	mov	sl, r7
10003b14:	46b1      	mov	r9, r6
10003b16:	46a8      	mov	r8, r5
10003b18:	bdf0      	pop	{r4, r5, r6, r7, pc}
10003b1a:	6958      	ldr	r0, [r3, #20]
10003b1c:	f000 face 	bl	100040bc <__wrap___aeabi_uidiv>
10003b20:	3001      	adds	r0, #1
10003b22:	0043      	lsls	r3, r0, #1
10003b24:	181b      	adds	r3, r3, r0
10003b26:	3b03      	subs	r3, #3
10003b28:	d2fd      	bcs.n	10003b26 <clock_configure_undivided+0x8e>
10003b2a:	e7da      	b.n	10003ae2 <clock_configure_undivided+0x4a>
10003b2c:	4643      	mov	r3, r8
10003b2e:	2b01      	cmp	r3, #1
10003b30:	d1cb      	bne.n	10003aca <clock_configure_undivided+0x32>
10003b32:	23c0      	movs	r3, #192	@ 0xc0
10003b34:	2203      	movs	r2, #3
10003b36:	019b      	lsls	r3, r3, #6
10003b38:	18e3      	adds	r3, r4, r3
10003b3a:	601a      	str	r2, [r3, #0]
10003b3c:	3a02      	subs	r2, #2
10003b3e:	68a3      	ldr	r3, [r4, #8]
10003b40:	421a      	tst	r2, r3
10003b42:	d0fc      	beq.n	10003b3e <clock_configure_undivided+0xa6>
10003b44:	0173      	lsls	r3, r6, #5
10003b46:	26e0      	movs	r6, #224	@ 0xe0
10003b48:	6822      	ldr	r2, [r4, #0]
10003b4a:	0085      	lsls	r5, r0, #2
10003b4c:	4053      	eors	r3, r2
10003b4e:	401e      	ands	r6, r3
10003b50:	2380      	movs	r3, #128	@ 0x80
10003b52:	4a0a      	ldr	r2, [pc, #40]	@ (10003b7c <clock_configure_undivided+0xe4>)
10003b54:	015b      	lsls	r3, r3, #5
10003b56:	4691      	mov	r9, r2
10003b58:	18e3      	adds	r3, r4, r3
10003b5a:	601e      	str	r6, [r3, #0]
10003b5c:	4642      	mov	r2, r8
10003b5e:	6821      	ldr	r1, [r4, #0]
10003b60:	4051      	eors	r1, r2
10003b62:	2203      	movs	r2, #3
10003b64:	400a      	ands	r2, r1
10003b66:	601a      	str	r2, [r3, #0]
10003b68:	2301      	movs	r3, #1
10003b6a:	4642      	mov	r2, r8
10003b6c:	4093      	lsls	r3, r2
10003b6e:	68a2      	ldr	r2, [r4, #8]
10003b70:	4213      	tst	r3, r2
10003b72:	d0fc      	beq.n	10003b6e <clock_configure_undivided+0xd6>
10003b74:	e7c1      	b.n	10003afa <clock_configure_undivided+0x62>
10003b76:	46c0      	nop			@ (mov r8, r8)
10003b78:	40008000 	.word	0x40008000
10003b7c:	20001a94 	.word	0x20001a94

10003b80 <clock_get_hz>:
10003b80:	4b01      	ldr	r3, [pc, #4]	@ (10003b88 <clock_get_hz+0x8>)
10003b82:	0080      	lsls	r0, r0, #2
10003b84:	58c0      	ldr	r0, [r0, r3]
10003b86:	4770      	bx	lr
10003b88:	20001a94 	.word	0x20001a94

10003b8c <pll_init>:
10003b8c:	b5f8      	push	{r3, r4, r5, r6, r7, lr}
10003b8e:	0004      	movs	r4, r0
10003b90:	4821      	ldr	r0, [pc, #132]	@ (10003c18 <pll_init+0x8c>)
10003b92:	001e      	movs	r6, r3
10003b94:	0017      	movs	r7, r2
10003b96:	000d      	movs	r5, r1
10003b98:	f000 fa90 	bl	100040bc <__wrap___aeabi_uidiv>
10003b9c:	0001      	movs	r1, r0
10003b9e:	0038      	movs	r0, r7
10003ba0:	f000 fa8c 	bl	100040bc <__wrap___aeabi_uidiv>
10003ba4:	9b06      	ldr	r3, [sp, #24]
10003ba6:	0436      	lsls	r6, r6, #16
10003ba8:	031b      	lsls	r3, r3, #12
10003baa:	431e      	orrs	r6, r3
10003bac:	6823      	ldr	r3, [r4, #0]
10003bae:	2b00      	cmp	r3, #0
10003bb0:	db20      	blt.n	10003bf4 <pll_init+0x68>
10003bb2:	4b1a      	ldr	r3, [pc, #104]	@ (10003c1c <pll_init+0x90>)
10003bb4:	491a      	ldr	r1, [pc, #104]	@ (10003c20 <pll_init+0x94>)
10003bb6:	18e3      	adds	r3, r4, r3
10003bb8:	1e5a      	subs	r2, r3, #1
10003bba:	4193      	sbcs	r3, r2
10003bbc:	2280      	movs	r2, #128	@ 0x80
10003bbe:	0192      	lsls	r2, r2, #6
10003bc0:	4694      	mov	ip, r2
10003bc2:	425b      	negs	r3, r3
10003bc4:	0b1b      	lsrs	r3, r3, #12
10003bc6:	4a17      	ldr	r2, [pc, #92]	@ (10003c24 <pll_init+0x98>)
10003bc8:	031b      	lsls	r3, r3, #12
10003bca:	4463      	add	r3, ip
10003bcc:	6013      	str	r3, [r2, #0]
10003bce:	4a16      	ldr	r2, [pc, #88]	@ (10003c28 <pll_init+0x9c>)
10003bd0:	6013      	str	r3, [r2, #0]
10003bd2:	001f      	movs	r7, r3
10003bd4:	680a      	ldr	r2, [r1, #0]
10003bd6:	4397      	bics	r7, r2
10003bd8:	d1fb      	bne.n	10003bd2 <pll_init+0x46>
10003bda:	4b14      	ldr	r3, [pc, #80]	@ (10003c2c <pll_init+0xa0>)
10003bdc:	6025      	str	r5, [r4, #0]
10003bde:	18e2      	adds	r2, r4, r3
10003be0:	2321      	movs	r3, #33	@ 0x21
10003be2:	60a0      	str	r0, [r4, #8]
10003be4:	6013      	str	r3, [r2, #0]
10003be6:	6823      	ldr	r3, [r4, #0]
10003be8:	2b00      	cmp	r3, #0
10003bea:	dafc      	bge.n	10003be6 <pll_init+0x5a>
10003bec:	2308      	movs	r3, #8
10003bee:	60e6      	str	r6, [r4, #12]
10003bf0:	6013      	str	r3, [r2, #0]
10003bf2:	bdf8      	pop	{r3, r4, r5, r6, r7, pc}
10003bf4:	233f      	movs	r3, #63	@ 0x3f
10003bf6:	6822      	ldr	r2, [r4, #0]
10003bf8:	4013      	ands	r3, r2
10003bfa:	42ab      	cmp	r3, r5
10003bfc:	d1d9      	bne.n	10003bb2 <pll_init+0x26>
10003bfe:	68a3      	ldr	r3, [r4, #8]
10003c00:	051b      	lsls	r3, r3, #20
10003c02:	0d1b      	lsrs	r3, r3, #20
10003c04:	4283      	cmp	r3, r0
10003c06:	d1d4      	bne.n	10003bb2 <pll_init+0x26>
10003c08:	22ee      	movs	r2, #238	@ 0xee
10003c0a:	68e3      	ldr	r3, [r4, #12]
10003c0c:	02d2      	lsls	r2, r2, #11
10003c0e:	4013      	ands	r3, r2
10003c10:	42b3      	cmp	r3, r6
10003c12:	d1ce      	bne.n	10003bb2 <pll_init+0x26>
10003c14:	e7ed      	b.n	10003bf2 <pll_init+0x66>
10003c16:	46c0      	nop			@ (mov r8, r8)
10003c18:	00b71b00 	.word	0x00b71b00
10003c1c:	bffd4000 	.word	0xbffd4000
10003c20:	4000c008 	.word	0x4000c008
10003c24:	4000e000 	.word	0x4000e000
10003c28:	4000f000 	.word	0x4000f000
10003c2c:	00003004 	.word	0x00003004

10003c30 <watchdog_enable>:
10003c30:	4b19      	ldr	r3, [pc, #100]	@ (10003c98 <watchdog_enable+0x68>)
10003c32:	4a1a      	ldr	r2, [pc, #104]	@ (10003c9c <watchdog_enable+0x6c>)
10003c34:	b510      	push	{r4, lr}
10003c36:	61da      	str	r2, [r3, #28]
10003c38:	2280      	movs	r2, #128	@ 0x80
10003c3a:	4b19      	ldr	r3, [pc, #100]	@ (10003ca0 <watchdog_enable+0x70>)
10003c3c:	05d2      	lsls	r2, r2, #23
10003c3e:	601a      	str	r2, [r3, #0]
10003c40:	4c18      	ldr	r4, [pc, #96]	@ (10003ca4 <watchdog_enable+0x74>)
10003c42:	4a19      	ldr	r2, [pc, #100]	@ (10003ca8 <watchdog_enable+0x78>)
10003c44:	6014      	str	r4, [r2, #0]
10003c46:	2900      	cmp	r1, #0
10003c48:	d00a      	beq.n	10003c60 <watchdog_enable+0x30>
10003c4a:	22e0      	movs	r2, #224	@ 0xe0
10003c4c:	4b17      	ldr	r3, [pc, #92]	@ (10003cac <watchdog_enable+0x7c>)
10003c4e:	04d2      	lsls	r2, r2, #19
10003c50:	601a      	str	r2, [r3, #0]
10003c52:	2800      	cmp	r0, #0
10003c54:	d109      	bne.n	10003c6a <watchdog_enable+0x3a>
10003c56:	2280      	movs	r2, #128	@ 0x80
10003c58:	4b14      	ldr	r3, [pc, #80]	@ (10003cac <watchdog_enable+0x7c>)
10003c5a:	0612      	lsls	r2, r2, #24
10003c5c:	601a      	str	r2, [r3, #0]
10003c5e:	bd10      	pop	{r4, pc}
10003c60:	22e0      	movs	r2, #224	@ 0xe0
10003c62:	04d2      	lsls	r2, r2, #19
10003c64:	601a      	str	r2, [r3, #0]
10003c66:	2800      	cmp	r0, #0
10003c68:	d0f5      	beq.n	10003c56 <watchdog_enable+0x26>
10003c6a:	0143      	lsls	r3, r0, #5
10003c6c:	1a1b      	subs	r3, r3, r0
10003c6e:	009b      	lsls	r3, r3, #2
10003c70:	1818      	adds	r0, r3, r0
10003c72:	2380      	movs	r3, #128	@ 0x80
10003c74:	0100      	lsls	r0, r0, #4
10003c76:	045b      	lsls	r3, r3, #17
10003c78:	4298      	cmp	r0, r3
10003c7a:	d209      	bcs.n	10003c90 <watchdog_enable+0x60>
10003c7c:	0003      	movs	r3, r0
10003c7e:	4a0c      	ldr	r2, [pc, #48]	@ (10003cb0 <watchdog_enable+0x80>)
10003c80:	6013      	str	r3, [r2, #0]
10003c82:	2280      	movs	r2, #128	@ 0x80
10003c84:	4b04      	ldr	r3, [pc, #16]	@ (10003c98 <watchdog_enable+0x68>)
10003c86:	05d2      	lsls	r2, r2, #23
10003c88:	6058      	str	r0, [r3, #4]
10003c8a:	4b08      	ldr	r3, [pc, #32]	@ (10003cac <watchdog_enable+0x7c>)
10003c8c:	601a      	str	r2, [r3, #0]
10003c8e:	e7e6      	b.n	10003c5e <watchdog_enable+0x2e>
10003c90:	4b08      	ldr	r3, [pc, #32]	@ (10003cb4 <watchdog_enable+0x84>)
10003c92:	0018      	movs	r0, r3
10003c94:	e7f3      	b.n	10003c7e <watchdog_enable+0x4e>
10003c96:	46c0      	nop			@ (mov r8, r8)
10003c98:	40058000 	.word	0x40058000
10003c9c:	6ab73121 	.word	0x6ab73121
10003ca0:	4005b000 	.word	0x4005b000
10003ca4:	0001fffc 	.word	0x0001fffc
10003ca8:	40012008 	.word	0x40012008
10003cac:	4005a000 	.word	0x4005a000
10003cb0:	2000bef4 	.word	0x2000bef4
10003cb4:	00ffffff 	.word	0x00ffffff

10003cb8 <watchdog_reboot>:
10003cb8:	b510      	push	{r4, lr}
10003cba:	2480      	movs	r4, #128	@ 0x80
10003cbc:	4b1c      	ldr	r3, [pc, #112]	@ (10003d30 <watchdog_reboot+0x78>)
10003cbe:	05e4      	lsls	r4, r4, #23
10003cc0:	601c      	str	r4, [r3, #0]
10003cc2:	2800      	cmp	r0, #0
10003cc4:	d01a      	beq.n	10003cfc <watchdog_reboot+0x44>
10003cc6:	2301      	movs	r3, #1
10003cc8:	4c1a      	ldr	r4, [pc, #104]	@ (10003d34 <watchdog_reboot+0x7c>)
10003cca:	4318      	orrs	r0, r3
10003ccc:	4b1a      	ldr	r3, [pc, #104]	@ (10003d38 <watchdog_reboot+0x80>)
10003cce:	61dc      	str	r4, [r3, #28]
10003cd0:	4c1a      	ldr	r4, [pc, #104]	@ (10003d3c <watchdog_reboot+0x84>)
10003cd2:	4044      	eors	r4, r0
10003cd4:	621c      	str	r4, [r3, #32]
10003cd6:	6259      	str	r1, [r3, #36]	@ 0x24
10003cd8:	6298      	str	r0, [r3, #40]	@ 0x28
10003cda:	2180      	movs	r1, #128	@ 0x80
10003cdc:	4b14      	ldr	r3, [pc, #80]	@ (10003d30 <watchdog_reboot+0x78>)
10003cde:	05c9      	lsls	r1, r1, #23
10003ce0:	6019      	str	r1, [r3, #0]
10003ce2:	4817      	ldr	r0, [pc, #92]	@ (10003d40 <watchdog_reboot+0x88>)
10003ce4:	4917      	ldr	r1, [pc, #92]	@ (10003d44 <watchdog_reboot+0x8c>)
10003ce6:	6008      	str	r0, [r1, #0]
10003ce8:	21e0      	movs	r1, #224	@ 0xe0
10003cea:	04c9      	lsls	r1, r1, #19
10003cec:	6019      	str	r1, [r3, #0]
10003cee:	2a00      	cmp	r2, #0
10003cf0:	d107      	bne.n	10003d02 <watchdog_reboot+0x4a>
10003cf2:	2280      	movs	r2, #128	@ 0x80
10003cf4:	4b14      	ldr	r3, [pc, #80]	@ (10003d48 <watchdog_reboot+0x90>)
10003cf6:	0612      	lsls	r2, r2, #24
10003cf8:	601a      	str	r2, [r3, #0]
10003cfa:	bd10      	pop	{r4, pc}
10003cfc:	4b0e      	ldr	r3, [pc, #56]	@ (10003d38 <watchdog_reboot+0x80>)
10003cfe:	61d8      	str	r0, [r3, #28]
10003d00:	e7eb      	b.n	10003cda <watchdog_reboot+0x22>
10003d02:	0153      	lsls	r3, r2, #5
10003d04:	1a9b      	subs	r3, r3, r2
10003d06:	009b      	lsls	r3, r3, #2
10003d08:	189a      	adds	r2, r3, r2
10003d0a:	2380      	movs	r3, #128	@ 0x80
10003d0c:	0112      	lsls	r2, r2, #4
10003d0e:	045b      	lsls	r3, r3, #17
10003d10:	429a      	cmp	r2, r3
10003d12:	d209      	bcs.n	10003d28 <watchdog_reboot+0x70>
10003d14:	0013      	movs	r3, r2
10003d16:	490d      	ldr	r1, [pc, #52]	@ (10003d4c <watchdog_reboot+0x94>)
10003d18:	600b      	str	r3, [r1, #0]
10003d1a:	4b07      	ldr	r3, [pc, #28]	@ (10003d38 <watchdog_reboot+0x80>)
10003d1c:	605a      	str	r2, [r3, #4]
10003d1e:	2280      	movs	r2, #128	@ 0x80
10003d20:	4b09      	ldr	r3, [pc, #36]	@ (10003d48 <watchdog_reboot+0x90>)
10003d22:	05d2      	lsls	r2, r2, #23
10003d24:	601a      	str	r2, [r3, #0]
10003d26:	e7e8      	b.n	10003cfa <watchdog_reboot+0x42>
10003d28:	4b09      	ldr	r3, [pc, #36]	@ (10003d50 <watchdog_reboot+0x98>)
10003d2a:	001a      	movs	r2, r3
10003d2c:	e7f3      	b.n	10003d16 <watchdog_reboot+0x5e>
10003d2e:	46c0      	nop			@ (mov r8, r8)
10003d30:	4005b000 	.word	0x4005b000
10003d34:	b007c0d3 	.word	0xb007c0d3
10003d38:	40058000 	.word	0x40058000
10003d3c:	4ff83f2d 	.word	0x4ff83f2d
10003d40:	0001fffc 	.word	0x0001fffc
10003d44:	40012008 	.word	0x40012008
10003d48:	4005a000 	.word	0x4005a000
10003d4c:	2000bef4 	.word	0x2000bef4
10003d50:	00ffffff 	.word	0x00ffffff

10003d54 <tick_start>:
10003d54:	2380      	movs	r3, #128	@ 0x80
10003d56:	4a02      	ldr	r2, [pc, #8]	@ (10003d60 <tick_start+0xc>)
10003d58:	009b      	lsls	r3, r3, #2
10003d5a:	430b      	orrs	r3, r1
10003d5c:	62d3      	str	r3, [r2, #44]	@ 0x2c
10003d5e:	4770      	bx	lr
10003d60:	40058000 	.word	0x40058000

10003d64 <rom_func_lookup>:
10003d64:	2300      	movs	r3, #0
10003d66:	b510      	push	{r4, lr}
10003d68:	0001      	movs	r1, r0
10003d6a:	8a98      	ldrh	r0, [r3, #20]
10003d6c:	8b1b      	ldrh	r3, [r3, #24]
10003d6e:	4798      	blx	r3
10003d70:	bd10      	pop	{r4, pc}
10003d72:	46c0      	nop			@ (mov r8, r8)

10003d74 <rom_data_lookup>:
10003d74:	2316      	movs	r3, #22
10003d76:	b510      	push	{r4, lr}
10003d78:	0001      	movs	r1, r0
10003d7a:	8818      	ldrh	r0, [r3, #0]
10003d7c:	3302      	adds	r3, #2
10003d7e:	881b      	ldrh	r3, [r3, #0]
10003d80:	4798      	blx	r3
10003d82:	bd10      	pop	{r4, pc}

10003d84 <rom_funcs_lookup>:
10003d84:	b5f8      	push	{r3, r4, r5, r6, r7, lr}
10003d86:	4647      	mov	r7, r8
10003d88:	46ce      	mov	lr, r9
10003d8a:	b580      	push	{r7, lr}
10003d8c:	1e0f      	subs	r7, r1, #0
10003d8e:	d018      	beq.n	10003dc2 <rom_funcs_lookup+0x3e>
10003d90:	2314      	movs	r3, #20
10003d92:	4699      	mov	r9, r3
10003d94:	3304      	adds	r3, #4
10003d96:	0004      	movs	r4, r0
10003d98:	2500      	movs	r5, #0
10003d9a:	2601      	movs	r6, #1
10003d9c:	4698      	mov	r8, r3
10003d9e:	464b      	mov	r3, r9
10003da0:	8818      	ldrh	r0, [r3, #0]
10003da2:	4643      	mov	r3, r8
10003da4:	6821      	ldr	r1, [r4, #0]
10003da6:	881b      	ldrh	r3, [r3, #0]
10003da8:	4798      	blx	r3
10003daa:	c401      	stmia	r4!, {r0}
10003dac:	1e43      	subs	r3, r0, #1
10003dae:	4198      	sbcs	r0, r3
10003db0:	3501      	adds	r5, #1
10003db2:	4006      	ands	r6, r0
10003db4:	42af      	cmp	r7, r5
10003db6:	d1f2      	bne.n	10003d9e <rom_funcs_lookup+0x1a>
10003db8:	0030      	movs	r0, r6
10003dba:	bcc0      	pop	{r6, r7}
10003dbc:	46b9      	mov	r9, r7
10003dbe:	46b0      	mov	r8, r6
10003dc0:	bdf8      	pop	{r3, r4, r5, r6, r7, pc}
10003dc2:	2601      	movs	r6, #1
10003dc4:	e7f8      	b.n	10003db8 <rom_funcs_lookup+0x34>
10003dc6:	46c0      	nop			@ (mov r8, r8)

10003dc8 <rom_reset_usb_boot_extra>:
10003dc8:	2300      	movs	r3, #0
10003dca:	b570      	push	{r4, r5, r6, lr}
10003dcc:	0004      	movs	r4, r0
10003dce:	000d      	movs	r5, r1
10003dd0:	8a98      	ldrh	r0, [r3, #20]
10003dd2:	4905      	ldr	r1, [pc, #20]	@ (10003de8 <rom_reset_usb_boot_extra+0x20>)
10003dd4:	8b1b      	ldrh	r3, [r3, #24]
10003dd6:	4798      	blx	r3
10003dd8:	0003      	movs	r3, r0
10003dda:	2000      	movs	r0, #0
10003ddc:	2c00      	cmp	r4, #0
10003dde:	db01      	blt.n	10003de4 <rom_reset_usb_boot_extra+0x1c>
10003de0:	3001      	adds	r0, #1
10003de2:	40a0      	lsls	r0, r4
10003de4:	0029      	movs	r1, r5
10003de6:	4798      	blx	r3
10003de8:	00004255 	.word	0x00004255

10003dec <xosc_init>:
10003dec:	23aa      	movs	r3, #170	@ 0xaa
10003dee:	4a06      	ldr	r2, [pc, #24]	@ (10003e08 <xosc_init+0x1c>)
10003df0:	011b      	lsls	r3, r3, #4
10003df2:	6013      	str	r3, [r2, #0]
10003df4:	238d      	movs	r3, #141	@ 0x8d
10003df6:	005b      	lsls	r3, r3, #1
10003df8:	60d3      	str	r3, [r2, #12]
10003dfa:	4904      	ldr	r1, [pc, #16]	@ (10003e0c <xosc_init+0x20>)
10003dfc:	4b04      	ldr	r3, [pc, #16]	@ (10003e10 <xosc_init+0x24>)
10003dfe:	6019      	str	r1, [r3, #0]
10003e00:	6853      	ldr	r3, [r2, #4]
10003e02:	2b00      	cmp	r3, #0
10003e04:	dafc      	bge.n	10003e00 <xosc_init+0x14>
10003e06:	4770      	bx	lr
10003e08:	40024000 	.word	0x40024000
10003e0c:	00fab000 	.word	0x00fab000
10003e10:	40026000 	.word	0x40026000

10003e14 <first_per_core_initializer>:
10003e14:	4770      	bx	lr
10003e16:	46c0      	nop			@ (mov r8, r8)

10003e18 <hard_assertion_failure>:
10003e18:	b510      	push	{r4, lr}
10003e1a:	4801      	ldr	r0, [pc, #4]	@ (10003e20 <hard_assertion_failure+0x8>)
10003e1c:	f7fe fde6 	bl	100029ec <panic>
10003e20:	100094b4 	.word	0x100094b4

10003e24 <runtime_run_initializers>:
10003e24:	b570      	push	{r4, r5, r6, lr}
10003e26:	4d07      	ldr	r5, [pc, #28]	@ (10003e44 <runtime_run_initializers+0x20>)
10003e28:	4e07      	ldr	r6, [pc, #28]	@ (10003e48 <runtime_run_initializers+0x24>)
10003e2a:	42b5      	cmp	r5, r6
10003e2c:	d209      	bcs.n	10003e42 <runtime_run_initializers+0x1e>
10003e2e:	2400      	movs	r4, #0
10003e30:	3e01      	subs	r6, #1
10003e32:	1b76      	subs	r6, r6, r5
10003e34:	08b6      	lsrs	r6, r6, #2
10003e36:	cd08      	ldmia	r5!, {r3}
10003e38:	4798      	blx	r3
10003e3a:	0023      	movs	r3, r4
10003e3c:	3401      	adds	r4, #1
10003e3e:	42b3      	cmp	r3, r6
10003e40:	d1f9      	bne.n	10003e36 <runtime_run_initializers+0x12>
10003e42:	bd70      	pop	{r4, r5, r6, pc}
10003e44:	100091d8 	.word	0x100091d8
10003e48:	10009214 	.word	0x10009214

10003e4c <runtime_init_early_resets>:
10003e4c:	4b05      	ldr	r3, [pc, #20]	@ (10003e64 <runtime_init_early_resets+0x18>)
10003e4e:	4a06      	ldr	r2, [pc, #24]	@ (10003e68 <runtime_init_early_resets+0x1c>)
10003e50:	4906      	ldr	r1, [pc, #24]	@ (10003e6c <runtime_init_early_resets+0x20>)
10003e52:	601a      	str	r2, [r3, #0]
10003e54:	4a06      	ldr	r2, [pc, #24]	@ (10003e70 <runtime_init_early_resets+0x24>)
10003e56:	4b07      	ldr	r3, [pc, #28]	@ (10003e74 <runtime_init_early_resets+0x28>)
10003e58:	601a      	str	r2, [r3, #0]
10003e5a:	0010      	movs	r0, r2
10003e5c:	680b      	ldr	r3, [r1, #0]
10003e5e:	4398      	bics	r0, r3
10003e60:	d1fb      	bne.n	10003e5a <runtime_init_early_resets+0xe>
10003e62:	4770      	bx	lr
10003e64:	4000e000 	.word	0x4000e000
10003e68:	fefbcdbf 	.word	0xfefbcdbf
10003e6c:	4000c008 	.word	0x4000c008
10003e70:	003c7ffe 	.word	0x003c7ffe
10003e74:	4000f000 	.word	0x4000f000

10003e78 <runtime_init_usb_power_down>:
10003e78:	4b04      	ldr	r3, [pc, #16]	@ (10003e8c <runtime_init_usb_power_down+0x14>)
10003e7a:	6cdb      	ldr	r3, [r3, #76]	@ 0x4c
10003e7c:	2b00      	cmp	r3, #0
10003e7e:	d103      	bne.n	10003e88 <runtime_init_usb_power_down+0x10>
10003e80:	2280      	movs	r2, #128	@ 0x80
10003e82:	4b03      	ldr	r3, [pc, #12]	@ (10003e90 <runtime_init_usb_power_down+0x18>)
10003e84:	02d2      	lsls	r2, r2, #11
10003e86:	601a      	str	r2, [r3, #0]
10003e88:	4770      	bx	lr
10003e8a:	46c0      	nop			@ (mov r8, r8)
10003e8c:	50110000 	.word	0x50110000
10003e90:	5011204c 	.word	0x5011204c

10003e94 <runtime_init_post_clock_resets>:
10003e94:	4a04      	ldr	r2, [pc, #16]	@ (10003ea8 <runtime_init_post_clock_resets+0x14>)
10003e96:	4b05      	ldr	r3, [pc, #20]	@ (10003eac <runtime_init_post_clock_resets+0x18>)
10003e98:	601a      	str	r2, [r3, #0]
10003e9a:	4a05      	ldr	r2, [pc, #20]	@ (10003eb0 <runtime_init_post_clock_resets+0x1c>)
10003e9c:	6813      	ldr	r3, [r2, #0]
10003e9e:	01db      	lsls	r3, r3, #7
10003ea0:	3380      	adds	r3, #128	@ 0x80
10003ea2:	d1fb      	bne.n	10003e9c <runtime_init_post_clock_resets+0x8>
10003ea4:	4770      	bx	lr
10003ea6:	46c0      	nop			@ (mov r8, r8)
10003ea8:	01ffffff 	.word	0x01ffffff
10003eac:	4000f000 	.word	0x4000f000
10003eb0:	4000c008 	.word	0x4000c008

10003eb4 <runtime_init_rp2040_gpio_ie_disable>:
10003eb4:	2240      	movs	r2, #64	@ 0x40
10003eb6:	4b03      	ldr	r3, [pc, #12]	@ (10003ec4 <runtime_init_rp2040_gpio_ie_disable+0x10>)
10003eb8:	679a      	str	r2, [r3, #120]	@ 0x78
10003eba:	675a      	str	r2, [r3, #116]	@ 0x74
10003ebc:	671a      	str	r2, [r3, #112]	@ 0x70
10003ebe:	66da      	str	r2, [r3, #108]	@ 0x6c
10003ec0:	4770      	bx	lr
10003ec2:	46c0      	nop			@ (mov r8, r8)
10003ec4:	4001f000 	.word	0x4001f000

10003ec8 <runtime_init_spin_locks_reset>:
10003ec8:	b510      	push	{r4, lr}
10003eca:	f7fe fe2b 	bl	10002b24 <spin_locks_reset>
10003ece:	bd10      	pop	{r4, pc}

10003ed0 <runtime_init_install_ram_vector_table>:
10003ed0:	b5f8      	push	{r3, r4, r5, r6, r7, lr}
10003ed2:	4927      	ldr	r1, [pc, #156]	@ (10003f70 <runtime_init_install_ram_vector_table+0xa0>)
10003ed4:	4c27      	ldr	r4, [pc, #156]	@ (10003f74 <runtime_init_install_ram_vector_table+0xa4>)
10003ed6:	4d28      	ldr	r5, [pc, #160]	@ (10003f78 <runtime_init_install_ram_vector_table+0xa8>)
10003ed8:	1a64      	subs	r4, r4, r1
10003eda:	08a4      	lsrs	r4, r4, #2
10003edc:	0022      	movs	r2, r4
10003ede:	2c30      	cmp	r4, #48	@ 0x30
10003ee0:	d900      	bls.n	10003ee4 <runtime_init_install_ram_vector_table+0x14>
10003ee2:	2230      	movs	r2, #48	@ 0x30
10003ee4:	0028      	movs	r0, r5
10003ee6:	0092      	lsls	r2, r2, #2
10003ee8:	f001 f8a2 	bl	10005030 <__wrap___aeabi_memcpy>
10003eec:	2c2f      	cmp	r4, #47	@ 0x2f
10003eee:	d83b      	bhi.n	10003f68 <runtime_init_install_ram_vector_table+0x98>
10003ef0:	2030      	movs	r0, #48	@ 0x30
10003ef2:	212f      	movs	r1, #47	@ 0x2f
10003ef4:	00a7      	lsls	r7, r4, #2
10003ef6:	19eb      	adds	r3, r5, r7
10003ef8:	075b      	lsls	r3, r3, #29
10003efa:	4a20      	ldr	r2, [pc, #128]	@ (10003f7c <runtime_init_install_ram_vector_table+0xac>)
10003efc:	1b00      	subs	r0, r0, r4
10003efe:	0fdb      	lsrs	r3, r3, #31
10003f00:	1b09      	subs	r1, r1, r4
10003f02:	2905      	cmp	r1, #5
10003f04:	d916      	bls.n	10003f34 <runtime_init_install_ram_vector_table+0x64>
10003f06:	0026      	movs	r6, r4
10003f08:	2b00      	cmp	r3, #0
10003f0a:	d001      	beq.n	10003f10 <runtime_init_install_ram_vector_table+0x40>
10003f0c:	51ea      	str	r2, [r5, r7]
10003f0e:	1c66      	adds	r6, r4, #1
10003f10:	1ac0      	subs	r0, r0, r3
10003f12:	18e3      	adds	r3, r4, r3
10003f14:	009b      	lsls	r3, r3, #2
10003f16:	0841      	lsrs	r1, r0, #1
10003f18:	18eb      	adds	r3, r5, r3
10003f1a:	00c9      	lsls	r1, r1, #3
10003f1c:	18c9      	adds	r1, r1, r3
10003f1e:	601a      	str	r2, [r3, #0]
10003f20:	605a      	str	r2, [r3, #4]
10003f22:	3308      	adds	r3, #8
10003f24:	428b      	cmp	r3, r1
10003f26:	d1fa      	bne.n	10003f1e <runtime_init_install_ram_vector_table+0x4e>
10003f28:	2301      	movs	r3, #1
10003f2a:	4203      	tst	r3, r0
10003f2c:	d01c      	beq.n	10003f68 <runtime_init_install_ram_vector_table+0x98>
10003f2e:	4398      	bics	r0, r3
10003f30:	1984      	adds	r4, r0, r6
10003f32:	00a7      	lsls	r7, r4, #2
10003f34:	51ea      	str	r2, [r5, r7]
10003f36:	1c63      	adds	r3, r4, #1
10003f38:	2c2f      	cmp	r4, #47	@ 0x2f
10003f3a:	d015      	beq.n	10003f68 <runtime_init_install_ram_vector_table+0x98>
10003f3c:	009b      	lsls	r3, r3, #2
10003f3e:	50ea      	str	r2, [r5, r3]
10003f40:	1ca3      	adds	r3, r4, #2
10003f42:	2c2e      	cmp	r4, #46	@ 0x2e
10003f44:	d010      	beq.n	10003f68 <runtime_init_install_ram_vector_table+0x98>
10003f46:	009b      	lsls	r3, r3, #2
10003f48:	50ea      	str	r2, [r5, r3]
10003f4a:	1ce3      	adds	r3, r4, #3
10003f4c:	2c2d      	cmp	r4, #45	@ 0x2d
10003f4e:	d00b      	beq.n	10003f68 <runtime_init_install_ram_vector_table+0x98>
10003f50:	009b      	lsls	r3, r3, #2
10003f52:	50ea      	str	r2, [r5, r3]
10003f54:	1d23      	adds	r3, r4, #4
10003f56:	2c2c      	cmp	r4, #44	@ 0x2c
10003f58:	d006      	beq.n	10003f68 <runtime_init_install_ram_vector_table+0x98>
10003f5a:	009b      	lsls	r3, r3, #2
10003f5c:	50ea      	str	r2, [r5, r3]
10003f5e:	1d63      	adds	r3, r4, #5
10003f60:	2c2b      	cmp	r4, #43	@ 0x2b
10003f62:	d001      	beq.n	10003f68 <runtime_init_install_ram_vector_table+0x98>
10003f64:	009b      	lsls	r3, r3, #2
10003f66:	50ea      	str	r2, [r5, r3]
10003f68:	4b05      	ldr	r3, [pc, #20]	@ (10003f80 <runtime_init_install_ram_vector_table+0xb0>)
10003f6a:	609d      	str	r5, [r3, #8]
10003f6c:	bdf8      	pop	{r3, r4, r5, r6, r7, pc}
10003f6e:	46c0      	nop			@ (mov r8, r8)
10003f70:	10000100 	.word	0x10000100
10003f74:	100001c0 	.word	0x100001c0
10003f78:	20000000 	.word	0x20000000
10003f7c:	100001c1 	.word	0x100001c1
10003f80:	e000ed00 	.word	0xe000ed00

10003f84 <runtime_init_clocks>:
10003f84:	2300      	movs	r3, #0
10003f86:	b510      	push	{r4, lr}
10003f88:	4c29      	ldr	r4, [pc, #164]	@ (10004030 <runtime_init_clocks+0xac>)
10003f8a:	b082      	sub	sp, #8
10003f8c:	67a3      	str	r3, [r4, #120]	@ 0x78
10003f8e:	f7ff ff2d 	bl	10003dec <xosc_init>
10003f92:	2201      	movs	r2, #1
10003f94:	4b27      	ldr	r3, [pc, #156]	@ (10004034 <runtime_init_clocks+0xb0>)
10003f96:	601a      	str	r2, [r3, #0]
10003f98:	6c63      	ldr	r3, [r4, #68]	@ 0x44
10003f9a:	2b01      	cmp	r3, #1
10003f9c:	d1fc      	bne.n	10003f98 <runtime_init_clocks+0x14>
10003f9e:	2203      	movs	r2, #3
10003fa0:	4b25      	ldr	r3, [pc, #148]	@ (10004038 <runtime_init_clocks+0xb4>)
10003fa2:	601a      	str	r2, [r3, #0]
10003fa4:	4a22      	ldr	r2, [pc, #136]	@ (10004030 <runtime_init_clocks+0xac>)
10003fa6:	6b93      	ldr	r3, [r2, #56]	@ 0x38
10003fa8:	2b01      	cmp	r3, #1
10003faa:	d1fc      	bne.n	10003fa6 <runtime_init_clocks+0x22>
10003fac:	3301      	adds	r3, #1
10003fae:	9300      	str	r3, [sp, #0]
10003fb0:	2101      	movs	r1, #1
10003fb2:	4a22      	ldr	r2, [pc, #136]	@ (1000403c <runtime_init_clocks+0xb8>)
10003fb4:	4822      	ldr	r0, [pc, #136]	@ (10004040 <runtime_init_clocks+0xbc>)
10003fb6:	3304      	adds	r3, #4
10003fb8:	f7ff fde8 	bl	10003b8c <pll_init>
10003fbc:	2305      	movs	r3, #5
10003fbe:	2101      	movs	r1, #1
10003fc0:	9300      	str	r3, [sp, #0]
10003fc2:	4a20      	ldr	r2, [pc, #128]	@ (10004044 <runtime_init_clocks+0xc0>)
10003fc4:	4820      	ldr	r0, [pc, #128]	@ (10004048 <runtime_init_clocks+0xc4>)
10003fc6:	f7ff fde1 	bl	10003b8c <pll_init>
10003fca:	2200      	movs	r2, #0
10003fcc:	2102      	movs	r1, #2
10003fce:	2004      	movs	r0, #4
10003fd0:	4b1e      	ldr	r3, [pc, #120]	@ (1000404c <runtime_init_clocks+0xc8>)
10003fd2:	f7ff fd61 	bl	10003a98 <clock_configure_undivided>
10003fd6:	2200      	movs	r2, #0
10003fd8:	2101      	movs	r1, #1
10003fda:	2005      	movs	r0, #5
10003fdc:	4b1c      	ldr	r3, [pc, #112]	@ (10004050 <runtime_init_clocks+0xcc>)
10003fde:	f7ff fd5b 	bl	10003a98 <clock_configure_undivided>
10003fe2:	2200      	movs	r2, #0
10003fe4:	2100      	movs	r1, #0
10003fe6:	2007      	movs	r0, #7
10003fe8:	4b1a      	ldr	r3, [pc, #104]	@ (10004054 <runtime_init_clocks+0xd0>)
10003fea:	f7ff fd55 	bl	10003a98 <clock_configure_undivided>
10003fee:	2200      	movs	r2, #0
10003ff0:	2100      	movs	r1, #0
10003ff2:	2008      	movs	r0, #8
10003ff4:	4b17      	ldr	r3, [pc, #92]	@ (10004054 <runtime_init_clocks+0xd0>)
10003ff6:	f7ff fd4f 	bl	10003a98 <clock_configure_undivided>
10003ffa:	2380      	movs	r3, #128	@ 0x80
10003ffc:	00db      	lsls	r3, r3, #3
10003ffe:	9300      	str	r3, [sp, #0]
10004000:	2200      	movs	r2, #0
10004002:	2100      	movs	r1, #0
10004004:	2009      	movs	r0, #9
10004006:	4b13      	ldr	r3, [pc, #76]	@ (10004054 <runtime_init_clocks+0xd0>)
10004008:	f7ff fccc 	bl	100039a4 <clock_configure_int_divider>
1000400c:	2200      	movs	r2, #0
1000400e:	4b10      	ldr	r3, [pc, #64]	@ (10004050 <runtime_init_clocks+0xcc>)
10004010:	2100      	movs	r1, #0
10004012:	2006      	movs	r0, #6
10004014:	f7ff fd40 	bl	10003a98 <clock_configure_undivided>
10004018:	2004      	movs	r0, #4
1000401a:	f7ff fdb1 	bl	10003b80 <clock_get_hz>
1000401e:	490e      	ldr	r1, [pc, #56]	@ (10004058 <runtime_init_clocks+0xd4>)
10004020:	f000 f84c 	bl	100040bc <__wrap___aeabi_uidiv>
10004024:	0001      	movs	r1, r0
10004026:	2000      	movs	r0, #0
10004028:	f7ff fe94 	bl	10003d54 <tick_start>
1000402c:	b002      	add	sp, #8
1000402e:	bd10      	pop	{r4, pc}
10004030:	40008000 	.word	0x40008000
10004034:	4000b03c 	.word	0x4000b03c
10004038:	4000b030 	.word	0x4000b030
1000403c:	59682f00 	.word	0x59682f00
10004040:	40028000 	.word	0x40028000
10004044:	47868c00 	.word	0x47868c00
10004048:	4002c000 	.word	0x4002c000
1000404c:	00b71b00 	.word	0x00b71b00
10004050:	07735940 	.word	0x07735940
10004054:	02dc6c00 	.word	0x02dc6c00
10004058:	000f4240 	.word	0x000f4240

1000405c <__aeabi_bits_init>:
1000405c:	4801      	ldr	r0, [pc, #4]	@ (10004064 <__aeabi_bits_init+0x8>)
1000405e:	2104      	movs	r1, #4
10004060:	4b01      	ldr	r3, [pc, #4]	@ (10004068 <__aeabi_bits_init+0xc>)
10004062:	4718      	bx	r3
10004064:	200010d0 	.word	0x200010d0
10004068:	10003d85 	.word	0x10003d85

1000406c <__wrap___aeabi_idiv>:
1000406c:	4a12      	ldr	r2, [pc, #72]	@ (100040b8 <divmod_s32s32_savestate+0x18>)
1000406e:	6f93      	ldr	r3, [r2, #120]	@ 0x78
10004070:	089b      	lsrs	r3, r3, #2
10004072:	d215      	bcs.n	100040a0 <divmod_s32s32_savestate>

10004074 <divmod_s32s32_core>:
10004074:	6690      	str	r0, [r2, #104]	@ 0x68
10004076:	66d1      	str	r1, [r2, #108]	@ 0x6c
10004078:	2900      	cmp	r1, #0
1000407a:	d005      	beq.n	10004088 <divmod_s32s32_core+0x14>
1000407c:	e7ff      	b.n	1000407e <divmod_s32s32_core+0xa>
1000407e:	e7ff      	b.n	10004080 <divmod_s32s32_core+0xc>
10004080:	e7ff      	b.n	10004082 <divmod_s32s32_core+0xe>
10004082:	6f51      	ldr	r1, [r2, #116]	@ 0x74
10004084:	6f10      	ldr	r0, [r2, #112]	@ 0x70
10004086:	4770      	bx	lr
10004088:	b504      	push	{r2, lr}
1000408a:	2180      	movs	r1, #128	@ 0x80
1000408c:	0609      	lsls	r1, r1, #24
1000408e:	17c2      	asrs	r2, r0, #31
10004090:	4051      	eors	r1, r2
10004092:	2800      	cmp	r0, #0
10004094:	d000      	beq.n	10004098 <divmod_s32s32_core+0x24>
10004096:	43c8      	mvns	r0, r1
10004098:	f005 f88e 	bl	100091b8 <____aeabi_idiv0_veneer>
1000409c:	2100      	movs	r1, #0
1000409e:	bd04      	pop	{r2, pc}

100040a0 <divmod_s32s32_savestate>:
100040a0:	b5f0      	push	{r4, r5, r6, r7, lr}
100040a2:	6e14      	ldr	r4, [r2, #96]	@ 0x60
100040a4:	6e55      	ldr	r5, [r2, #100]	@ 0x64
100040a6:	6f57      	ldr	r7, [r2, #116]	@ 0x74
100040a8:	6f16      	ldr	r6, [r2, #112]	@ 0x70
100040aa:	f7ff ffe3 	bl	10004074 <divmod_s32s32_core>
100040ae:	6614      	str	r4, [r2, #96]	@ 0x60
100040b0:	6655      	str	r5, [r2, #100]	@ 0x64
100040b2:	6757      	str	r7, [r2, #116]	@ 0x74
100040b4:	6716      	str	r6, [r2, #112]	@ 0x70
100040b6:	bdf0      	pop	{r4, r5, r6, r7, pc}
100040b8:	d0000000 	.word	0xd0000000

100040bc <__wrap___aeabi_uidiv>:
100040bc:	4a11      	ldr	r2, [pc, #68]	@ (10004104 <divmod_u32u32_savestate+0x18>)
100040be:	6f93      	ldr	r3, [r2, #120]	@ 0x78
100040c0:	089b      	lsrs	r3, r3, #2
100040c2:	d213      	bcs.n	100040ec <divmod_u32u32_savestate>

100040c4 <divmod_u32u32_core>:
100040c4:	6610      	str	r0, [r2, #96]	@ 0x60
100040c6:	6651      	str	r1, [r2, #100]	@ 0x64
100040c8:	2900      	cmp	r1, #0
100040ca:	d005      	beq.n	100040d8 <divmod_u32u32_core+0x14>
100040cc:	e7ff      	b.n	100040ce <divmod_u32u32_core+0xa>
100040ce:	e7ff      	b.n	100040d0 <divmod_u32u32_core+0xc>
100040d0:	e7ff      	b.n	100040d2 <divmod_u32u32_core+0xe>
100040d2:	6f51      	ldr	r1, [r2, #116]	@ 0x74
100040d4:	6f10      	ldr	r0, [r2, #112]	@ 0x70
100040d6:	4770      	bx	lr
100040d8:	b504      	push	{r2, lr}
100040da:	2800      	cmp	r0, #0
100040dc:	d001      	beq.n	100040e2 <divmod_u32u32_core+0x1e>
100040de:	2000      	movs	r0, #0
100040e0:	43c0      	mvns	r0, r0
100040e2:	f005 f869 	bl	100091b8 <____aeabi_idiv0_veneer>
100040e6:	2100      	movs	r1, #0
100040e8:	bd04      	pop	{r2, pc}
100040ea:	46c0      	nop			@ (mov r8, r8)

100040ec <divmod_u32u32_savestate>:
100040ec:	b5f0      	push	{r4, r5, r6, r7, lr}
100040ee:	6e14      	ldr	r4, [r2, #96]	@ 0x60
100040f0:	6e55      	ldr	r5, [r2, #100]	@ 0x64
100040f2:	6f57      	ldr	r7, [r2, #116]	@ 0x74
100040f4:	6f16      	ldr	r6, [r2, #112]	@ 0x70
100040f6:	f7ff ffe5 	bl	100040c4 <divmod_u32u32_core>
100040fa:	6614      	str	r4, [r2, #96]	@ 0x60
100040fc:	6655      	str	r5, [r2, #100]	@ 0x64
100040fe:	6757      	str	r7, [r2, #116]	@ 0x74
10004100:	6716      	str	r6, [r2, #112]	@ 0x70
10004102:	bdf0      	pop	{r4, r5, r6, r7, pc}
10004104:	d0000000 	.word	0xd0000000

10004108 <__wrap___aeabi_ldivmod>:
10004108:	4694      	mov	ip, r2
1000410a:	4a4a      	ldr	r2, [pc, #296]	@ (10004234 <udiv0+0x1a>)
1000410c:	6f92      	ldr	r2, [r2, #120]	@ 0x78
1000410e:	0892      	lsrs	r2, r2, #2
10004110:	4662      	mov	r2, ip
10004112:	d201      	bcs.n	10004118 <divmod_s64s64_savestate>
10004114:	e028      	b.n	10004168 <divmod_s64s64_unsafe>
10004116:	46c0      	nop			@ (mov r8, r8)

10004118 <divmod_s64s64_savestate>:
10004118:	b5f0      	push	{r4, r5, r6, r7, lr}
1000411a:	4e46      	ldr	r6, [pc, #280]	@ (10004234 <udiv0+0x1a>)
1000411c:	6e34      	ldr	r4, [r6, #96]	@ 0x60
1000411e:	6e75      	ldr	r5, [r6, #100]	@ 0x64
10004120:	6f77      	ldr	r7, [r6, #116]	@ 0x74
10004122:	6f36      	ldr	r6, [r6, #112]	@ 0x70
10004124:	f000 f820 	bl	10004168 <divmod_s64s64_unsafe>
10004128:	4694      	mov	ip, r2
1000412a:	4a42      	ldr	r2, [pc, #264]	@ (10004234 <udiv0+0x1a>)
1000412c:	6614      	str	r4, [r2, #96]	@ 0x60
1000412e:	6655      	str	r5, [r2, #100]	@ 0x64
10004130:	6757      	str	r7, [r2, #116]	@ 0x74
10004132:	6716      	str	r6, [r2, #112]	@ 0x70
10004134:	4662      	mov	r2, ip
10004136:	bdf0      	pop	{r4, r5, r6, r7, pc}

10004138 <__wrap___aeabi_uldivmod>:
10004138:	4694      	mov	ip, r2
1000413a:	4a3e      	ldr	r2, [pc, #248]	@ (10004234 <udiv0+0x1a>)
1000413c:	6f92      	ldr	r2, [r2, #120]	@ 0x78
1000413e:	0892      	lsrs	r2, r2, #2
10004140:	4662      	mov	r2, ip
10004142:	d201      	bcs.n	10004148 <divmod_u64u64_savestate>
10004144:	e054      	b.n	100041f0 <divmod_u64u64_unsafe>
10004146:	46c0      	nop			@ (mov r8, r8)

10004148 <divmod_u64u64_savestate>:
10004148:	b5f0      	push	{r4, r5, r6, r7, lr}
1000414a:	4e3a      	ldr	r6, [pc, #232]	@ (10004234 <udiv0+0x1a>)
1000414c:	6e34      	ldr	r4, [r6, #96]	@ 0x60
1000414e:	6e75      	ldr	r5, [r6, #100]	@ 0x64
10004150:	6f77      	ldr	r7, [r6, #116]	@ 0x74
10004152:	6f36      	ldr	r6, [r6, #112]	@ 0x70
10004154:	f000 f84c 	bl	100041f0 <divmod_u64u64_unsafe>
10004158:	4694      	mov	ip, r2
1000415a:	4a36      	ldr	r2, [pc, #216]	@ (10004234 <udiv0+0x1a>)
1000415c:	6614      	str	r4, [r2, #96]	@ 0x60
1000415e:	6655      	str	r5, [r2, #100]	@ 0x64
10004160:	6757      	str	r7, [r2, #116]	@ 0x74
10004162:	6716      	str	r6, [r2, #112]	@ 0x70
10004164:	4662      	mov	r2, ip
10004166:	bdf0      	pop	{r4, r5, r6, r7, pc}

10004168 <divmod_s64s64_unsafe>:
10004168:	2b00      	cmp	r3, #0
1000416a:	db24      	blt.n	100041b6 <l46_1+0x26>
1000416c:	d011      	beq.n	10004192 <l46_1+0x2>
1000416e:	2900      	cmp	r1, #0
10004170:	da3e      	bge.n	100041f0 <divmod_u64u64_unsafe>
10004172:	b500      	push	{lr}
10004174:	43c9      	mvns	r1, r1
10004176:	4240      	negs	r0, r0
10004178:	d100      	bne.n	1000417c <l44_1>
1000417a:	3101      	adds	r1, #1

1000417c <l44_1>:
1000417c:	f000 f838 	bl	100041f0 <divmod_u64u64_unsafe>
10004180:	43c9      	mvns	r1, r1
10004182:	4240      	negs	r0, r0
10004184:	d100      	bne.n	10004188 <l45_1>
10004186:	3101      	adds	r1, #1

10004188 <l45_1>:
10004188:	43db      	mvns	r3, r3
1000418a:	4252      	negs	r2, r2
1000418c:	d100      	bne.n	10004190 <l46_1>
1000418e:	3301      	adds	r3, #1

10004190 <l46_1>:
10004190:	bd00      	pop	{pc}
10004192:	2a00      	cmp	r2, #0
10004194:	d1eb      	bne.n	1000416e <divmod_s64s64_unsafe+0x6>
10004196:	2800      	cmp	r0, #0
10004198:	d101      	bne.n	1000419e <l46_1+0xe>
1000419a:	2900      	cmp	r1, #0
1000419c:	d005      	beq.n	100041aa <l46_1+0x1a>
1000419e:	2000      	movs	r0, #0
100041a0:	0fc9      	lsrs	r1, r1, #31
100041a2:	07c9      	lsls	r1, r1, #31
100041a4:	d101      	bne.n	100041aa <l46_1+0x1a>
100041a6:	43c0      	mvns	r0, r0
100041a8:	0841      	lsrs	r1, r0, #1
100041aa:	b500      	push	{lr}
100041ac:	f004 fffc 	bl	100091a8 <____aeabi_ldiv0_veneer>
100041b0:	2200      	movs	r2, #0
100041b2:	2300      	movs	r3, #0
100041b4:	bd00      	pop	{pc}
100041b6:	b500      	push	{lr}
100041b8:	2900      	cmp	r1, #0
100041ba:	db0a      	blt.n	100041d2 <l48_1+0x2>
100041bc:	43db      	mvns	r3, r3
100041be:	4252      	negs	r2, r2
100041c0:	d100      	bne.n	100041c4 <l47_1>
100041c2:	3301      	adds	r3, #1

100041c4 <l47_1>:
100041c4:	f000 f814 	bl	100041f0 <divmod_u64u64_unsafe>
100041c8:	43c9      	mvns	r1, r1
100041ca:	4240      	negs	r0, r0
100041cc:	d100      	bne.n	100041d0 <l48_1>
100041ce:	3101      	adds	r1, #1

100041d0 <l48_1>:
100041d0:	bd00      	pop	{pc}
100041d2:	43c9      	mvns	r1, r1
100041d4:	4240      	negs	r0, r0
100041d6:	d100      	bne.n	100041da <l49_1>
100041d8:	3101      	adds	r1, #1

100041da <l49_1>:
100041da:	43db      	mvns	r3, r3
100041dc:	4252      	negs	r2, r2
100041de:	d100      	bne.n	100041e2 <l50_1>
100041e0:	3301      	adds	r3, #1

100041e2 <l50_1>:
100041e2:	f000 f805 	bl	100041f0 <divmod_u64u64_unsafe>
100041e6:	43db      	mvns	r3, r3
100041e8:	4252      	negs	r2, r2
100041ea:	d100      	bne.n	100041ee <l51_1>
100041ec:	3301      	adds	r3, #1

100041ee <l51_1>:
100041ee:	bd00      	pop	{pc}

100041f0 <divmod_u64u64_unsafe>:
100041f0:	2900      	cmp	r1, #0
100041f2:	d123      	bne.n	1000423c <y64>
100041f4:	2b00      	cmp	r3, #0
100041f6:	d118      	bne.n	1000422a <udiv0+0x10>
100041f8:	2a00      	cmp	r2, #0
100041fa:	d00c      	beq.n	10004216 <divmod_u64u64_unsafe+0x26>
100041fc:	46bc      	mov	ip, r7
100041fe:	4f0d      	ldr	r7, [pc, #52]	@ (10004234 <udiv0+0x1a>)
10004200:	6638      	str	r0, [r7, #96]	@ 0x60
10004202:	667a      	str	r2, [r7, #100]	@ 0x64
10004204:	2100      	movs	r1, #0
10004206:	2300      	movs	r3, #0
10004208:	e7ff      	b.n	1000420a <divmod_u64u64_unsafe+0x1a>
1000420a:	e7ff      	b.n	1000420c <divmod_u64u64_unsafe+0x1c>
1000420c:	e7ff      	b.n	1000420e <divmod_u64u64_unsafe+0x1e>
1000420e:	6f7a      	ldr	r2, [r7, #116]	@ 0x74
10004210:	6f38      	ldr	r0, [r7, #112]	@ 0x70
10004212:	4667      	mov	r7, ip
10004214:	4770      	bx	lr
10004216:	2800      	cmp	r0, #0
10004218:	d001      	beq.n	1000421e <udiv0+0x4>

1000421a <udiv0>:
1000421a:	4807      	ldr	r0, [pc, #28]	@ (10004238 <udiv0+0x1e>)
1000421c:	0001      	movs	r1, r0
1000421e:	b500      	push	{lr}
10004220:	f004 ffc2 	bl	100091a8 <____aeabi_ldiv0_veneer>
10004224:	2200      	movs	r2, #0
10004226:	2300      	movs	r3, #0
10004228:	bd00      	pop	{pc}
1000422a:	0002      	movs	r2, r0
1000422c:	000b      	movs	r3, r1
1000422e:	2000      	movs	r0, #0
10004230:	2100      	movs	r1, #0
10004232:	4770      	bx	lr
10004234:	d0000000 	.word	0xd0000000
10004238:	ffffffff 	.word	0xffffffff

1000423c <y64>:
1000423c:	2b00      	cmp	r3, #0
1000423e:	d000      	beq.n	10004242 <y64+0x6>
10004240:	e0bf      	b.n	100043c2 <y64_x48>
10004242:	0c13      	lsrs	r3, r2, #16
10004244:	d128      	bne.n	10004298 <y64_x32>
10004246:	2a00      	cmp	r2, #0
10004248:	d0e7      	beq.n	1000421a <udiv0>
1000424a:	b480      	push	{r7}
1000424c:	4f11      	ldr	r7, [pc, #68]	@ (10004294 <y64+0x58>)
1000424e:	6639      	str	r1, [r7, #96]	@ 0x60
10004250:	667a      	str	r2, [r7, #100]	@ 0x64
10004252:	e7ff      	b.n	10004254 <y64+0x18>
10004254:	e7ff      	b.n	10004256 <y64+0x1a>
10004256:	b430      	push	{r4, r5}
10004258:	0c04      	lsrs	r4, r0, #16
1000425a:	6f7b      	ldr	r3, [r7, #116]	@ 0x74
1000425c:	6f39      	ldr	r1, [r7, #112]	@ 0x70
1000425e:	041b      	lsls	r3, r3, #16
10004260:	4323      	orrs	r3, r4
10004262:	663b      	str	r3, [r7, #96]	@ 0x60
10004264:	667a      	str	r2, [r7, #100]	@ 0x64
10004266:	e7ff      	b.n	10004268 <y64+0x2c>
10004268:	e7ff      	b.n	1000426a <y64+0x2e>
1000426a:	e7ff      	b.n	1000426c <y64+0x30>
1000426c:	46c0      	nop			@ (mov r8, r8)
1000426e:	b284      	uxth	r4, r0
10004270:	6f7b      	ldr	r3, [r7, #116]	@ 0x74
10004272:	6f3d      	ldr	r5, [r7, #112]	@ 0x70
10004274:	041b      	lsls	r3, r3, #16
10004276:	4323      	orrs	r3, r4
10004278:	663b      	str	r3, [r7, #96]	@ 0x60
1000427a:	667a      	str	r2, [r7, #100]	@ 0x64
1000427c:	e7ff      	b.n	1000427e <y64+0x42>
1000427e:	e7ff      	b.n	10004280 <y64+0x44>
10004280:	46c0      	nop			@ (mov r8, r8)
10004282:	2300      	movs	r3, #0
10004284:	042c      	lsls	r4, r5, #16
10004286:	0c2d      	lsrs	r5, r5, #16
10004288:	6f7a      	ldr	r2, [r7, #116]	@ 0x74
1000428a:	6f38      	ldr	r0, [r7, #112]	@ 0x70
1000428c:	1900      	adds	r0, r0, r4
1000428e:	4169      	adcs	r1, r5
10004290:	bcb0      	pop	{r4, r5, r7}
10004292:	4770      	bx	lr
10004294:	d0000000 	.word	0xd0000000

10004298 <y64_x32>:
10004298:	b5f0      	push	{r4, r5, r6, r7, lr}
1000429a:	4694      	mov	ip, r2
1000429c:	2500      	movs	r5, #0
1000429e:	0e14      	lsrs	r4, r2, #24
100042a0:	d101      	bne.n	100042a6 <y64_x32+0xe>
100042a2:	0212      	lsls	r2, r2, #8
100042a4:	3508      	adds	r5, #8
100042a6:	0f14      	lsrs	r4, r2, #28
100042a8:	d101      	bne.n	100042ae <y64_x32+0x16>
100042aa:	0112      	lsls	r2, r2, #4
100042ac:	3504      	adds	r5, #4
100042ae:	0f94      	lsrs	r4, r2, #30
100042b0:	d101      	bne.n	100042b6 <y64_x32+0x1e>
100042b2:	0092      	lsls	r2, r2, #2
100042b4:	3502      	adds	r5, #2
100042b6:	0fd4      	lsrs	r4, r2, #31
100042b8:	d101      	bne.n	100042be <y64_x32+0x26>
100042ba:	0052      	lsls	r2, r2, #1
100042bc:	3501      	adds	r5, #1
100042be:	0bd4      	lsrs	r4, r2, #15
100042c0:	3401      	adds	r4, #1
100042c2:	4f25      	ldr	r7, [pc, #148]	@ (10004358 <y64_x32+0xc0>)
100042c4:	667c      	str	r4, [r7, #100]	@ 0x64
100042c6:	4c25      	ldr	r4, [pc, #148]	@ (1000435c <y64_x32+0xc4>)
100042c8:	663c      	str	r4, [r7, #96]	@ 0x60
100042ca:	0c0e      	lsrs	r6, r1, #16
100042cc:	b293      	uxth	r3, r2
100042ce:	e7ff      	b.n	100042d0 <y64_x32+0x38>
100042d0:	e7ff      	b.n	100042d2 <y64_x32+0x3a>
100042d2:	e7ff      	b.n	100042d4 <y64_x32+0x3c>
100042d4:	6f3c      	ldr	r4, [r7, #112]	@ 0x70
100042d6:	4366      	muls	r6, r4
100042d8:	0c36      	lsrs	r6, r6, #16
100042da:	0377      	lsls	r7, r6, #13
100042dc:	46be      	mov	lr, r7
100042de:	4373      	muls	r3, r6
100042e0:	0bdf      	lsrs	r7, r3, #15
100042e2:	045b      	lsls	r3, r3, #17
100042e4:	1ac0      	subs	r0, r0, r3
100042e6:	41b9      	sbcs	r1, r7
100042e8:	0c13      	lsrs	r3, r2, #16
100042ea:	4373      	muls	r3, r6
100042ec:	18db      	adds	r3, r3, r3
100042ee:	1ac9      	subs	r1, r1, r3
100042f0:	08ce      	lsrs	r6, r1, #3
100042f2:	4366      	muls	r6, r4
100042f4:	0c36      	lsrs	r6, r6, #16
100042f6:	44b6      	add	lr, r6
100042f8:	b293      	uxth	r3, r2
100042fa:	4373      	muls	r3, r6
100042fc:	0f1f      	lsrs	r7, r3, #28
100042fe:	011b      	lsls	r3, r3, #4
10004300:	1ac0      	subs	r0, r0, r3
10004302:	41b9      	sbcs	r1, r7
10004304:	0c13      	lsrs	r3, r2, #16
10004306:	4373      	muls	r3, r6
10004308:	0b1f      	lsrs	r7, r3, #12
1000430a:	051b      	lsls	r3, r3, #20
1000430c:	1ac0      	subs	r0, r0, r3
1000430e:	41b9      	sbcs	r1, r7
10004310:	0d86      	lsrs	r6, r0, #22
10004312:	028f      	lsls	r7, r1, #10
10004314:	433e      	orrs	r6, r7
10004316:	4366      	muls	r6, r4
10004318:	0c36      	lsrs	r6, r6, #16
1000431a:	2d09      	cmp	r5, #9
1000431c:	db24      	blt.n	10004368 <last0>
1000431e:	0a52      	lsrs	r2, r2, #9
10004320:	4372      	muls	r2, r6
10004322:	1a80      	subs	r0, r0, r2
10004324:	0377      	lsls	r7, r6, #13
10004326:	0a46      	lsrs	r6, r0, #9
10004328:	4366      	muls	r6, r4
1000432a:	0c36      	lsrs	r6, r6, #16
1000432c:	2316      	movs	r3, #22
1000432e:	1b5b      	subs	r3, r3, r5
10004330:	40de      	lsrs	r6, r3
10004332:	40df      	lsrs	r7, r3
10004334:	19bf      	adds	r7, r7, r6
10004336:	4664      	mov	r4, ip
10004338:	4366      	muls	r6, r4
1000433a:	1b82      	subs	r2, r0, r6
1000433c:	4670      	mov	r0, lr
1000433e:	3504      	adds	r5, #4
10004340:	3306      	adds	r3, #6
10004342:	0001      	movs	r1, r0
10004344:	40d9      	lsrs	r1, r3
10004346:	40a8      	lsls	r0, r5
10004348:	19c0      	adds	r0, r0, r7
1000434a:	d300      	bcc.n	1000434e <y64_x32+0xb6>
1000434c:	3101      	adds	r1, #1
1000434e:	42a2      	cmp	r2, r4
10004350:	d206      	bcs.n	10004360 <y64_x32+0xc8>
10004352:	2300      	movs	r3, #0
10004354:	bdf0      	pop	{r4, r5, r6, r7, pc}
10004356:	0000      	.short	0x0000
10004358:	d0000000 	.word	0xd0000000
1000435c:	ffffffff 	.word	0xffffffff
10004360:	1b12      	subs	r2, r2, r4
10004362:	3001      	adds	r0, #1
10004364:	d3f3      	bcc.n	1000434e <y64_x32+0xb6>
10004366:	e7f1      	b.n	1000434c <y64_x32+0xb4>

10004368 <last0>:
10004368:	2709      	movs	r7, #9
1000436a:	1b7f      	subs	r7, r7, r5
1000436c:	40fe      	lsrs	r6, r7
1000436e:	4664      	mov	r4, ip
10004370:	b2a2      	uxth	r2, r4
10004372:	4372      	muls	r2, r6
10004374:	1a80      	subs	r0, r0, r2
10004376:	d200      	bcs.n	1000437a <last0+0x12>
10004378:	3901      	subs	r1, #1
1000437a:	0c22      	lsrs	r2, r4, #16
1000437c:	4372      	muls	r2, r6
1000437e:	0c13      	lsrs	r3, r2, #16
10004380:	0412      	lsls	r2, r2, #16
10004382:	1a82      	subs	r2, r0, r2
10004384:	4199      	sbcs	r1, r3
10004386:	000b      	movs	r3, r1
10004388:	4670      	mov	r0, lr
1000438a:	3504      	adds	r5, #4
1000438c:	3713      	adds	r7, #19
1000438e:	0001      	movs	r1, r0
10004390:	40f9      	lsrs	r1, r7
10004392:	40a8      	lsls	r0, r5
10004394:	1980      	adds	r0, r0, r6
10004396:	d300      	bcc.n	1000439a <last0+0x32>
10004398:	3101      	adds	r1, #1
1000439a:	2b00      	cmp	r3, #0
1000439c:	d102      	bne.n	100043a4 <last0+0x3c>
1000439e:	42a2      	cmp	r2, r4
100043a0:	d20a      	bcs.n	100043b8 <last0+0x50>
100043a2:	bdf0      	pop	{r4, r5, r6, r7, pc}
100043a4:	3001      	adds	r0, #1
100043a6:	d300      	bcc.n	100043aa <last0+0x42>
100043a8:	3101      	adds	r1, #1
100043aa:	1b12      	subs	r2, r2, r4
100043ac:	d2fa      	bcs.n	100043a4 <last0+0x3c>
100043ae:	3b01      	subs	r3, #1
100043b0:	d1f8      	bne.n	100043a4 <last0+0x3c>
100043b2:	42a2      	cmp	r2, r4
100043b4:	d200      	bcs.n	100043b8 <last0+0x50>
100043b6:	bdf0      	pop	{r4, r5, r6, r7, pc}
100043b8:	3001      	adds	r0, #1
100043ba:	d300      	bcc.n	100043be <last0+0x56>
100043bc:	3101      	adds	r1, #1
100043be:	1b12      	subs	r2, r2, r4
100043c0:	e7f7      	b.n	100043b2 <last0+0x4a>

100043c2 <y64_x48>:
100043c2:	b5f0      	push	{r4, r5, r6, r7, lr}
100043c4:	0c1c      	lsrs	r4, r3, #16
100043c6:	d000      	beq.n	100043ca <y64_x48+0x8>
100043c8:	e080      	b.n	100044cc <y64_x64>
100043ca:	b40c      	push	{r2, r3}
100043cc:	2500      	movs	r5, #0
100043ce:	0a1c      	lsrs	r4, r3, #8
100043d0:	d104      	bne.n	100043dc <y64_x48+0x1a>
100043d2:	021b      	lsls	r3, r3, #8
100043d4:	0e16      	lsrs	r6, r2, #24
100043d6:	4333      	orrs	r3, r6
100043d8:	0212      	lsls	r2, r2, #8
100043da:	3508      	adds	r5, #8
100043dc:	0b1c      	lsrs	r4, r3, #12
100043de:	d104      	bne.n	100043ea <y64_x48+0x28>
100043e0:	011b      	lsls	r3, r3, #4
100043e2:	0f16      	lsrs	r6, r2, #28
100043e4:	4333      	orrs	r3, r6
100043e6:	0112      	lsls	r2, r2, #4
100043e8:	3504      	adds	r5, #4
100043ea:	0b9c      	lsrs	r4, r3, #14
100043ec:	d104      	bne.n	100043f8 <y64_x48+0x36>
100043ee:	009b      	lsls	r3, r3, #2
100043f0:	0f96      	lsrs	r6, r2, #30
100043f2:	4333      	orrs	r3, r6
100043f4:	0092      	lsls	r2, r2, #2
100043f6:	3502      	adds	r5, #2
100043f8:	0bdc      	lsrs	r4, r3, #15
100043fa:	d102      	bne.n	10004402 <y64_x48+0x40>
100043fc:	1892      	adds	r2, r2, r2
100043fe:	415b      	adcs	r3, r3
10004400:	3501      	adds	r5, #1
10004402:	001c      	movs	r4, r3
10004404:	1897      	adds	r7, r2, r2
10004406:	4164      	adcs	r4, r4
10004408:	3401      	adds	r4, #1
1000440a:	4f46      	ldr	r7, [pc, #280]	@ (10004524 <y64_x64+0x58>)
1000440c:	667c      	str	r4, [r7, #100]	@ 0x64
1000440e:	4c46      	ldr	r4, [pc, #280]	@ (10004528 <y64_x64+0x5c>)
10004410:	663c      	str	r4, [r7, #96]	@ 0x60
10004412:	0c0e      	lsrs	r6, r1, #16
10004414:	e7ff      	b.n	10004416 <y64_x48+0x54>
10004416:	e7ff      	b.n	10004418 <y64_x48+0x56>
10004418:	e7ff      	b.n	1000441a <y64_x48+0x58>
1000441a:	46c0      	nop			@ (mov r8, r8)
1000441c:	6f3c      	ldr	r4, [r7, #112]	@ 0x70
1000441e:	4366      	muls	r6, r4
10004420:	0c36      	lsrs	r6, r6, #16
10004422:	0377      	lsls	r7, r6, #13
10004424:	46be      	mov	lr, r7
10004426:	b297      	uxth	r7, r2
10004428:	4377      	muls	r7, r6
1000442a:	1bc0      	subs	r0, r0, r7
1000442c:	d200      	bcs.n	10004430 <y64_x48+0x6e>
1000442e:	3901      	subs	r1, #1
10004430:	1bc0      	subs	r0, r0, r7
10004432:	d200      	bcs.n	10004436 <y64_x48+0x74>
10004434:	3901      	subs	r1, #1
10004436:	b29f      	uxth	r7, r3
10004438:	4377      	muls	r7, r6
1000443a:	1bc9      	subs	r1, r1, r7
1000443c:	1bc9      	subs	r1, r1, r7
1000443e:	0c17      	lsrs	r7, r2, #16
10004440:	4377      	muls	r7, r6
10004442:	047e      	lsls	r6, r7, #17
10004444:	0bff      	lsrs	r7, r7, #15
10004446:	1b80      	subs	r0, r0, r6
10004448:	41b9      	sbcs	r1, r7
1000444a:	08ce      	lsrs	r6, r1, #3
1000444c:	4366      	muls	r6, r4
1000444e:	0c36      	lsrs	r6, r6, #16
10004450:	2d0c      	cmp	r5, #12
10004452:	db33      	blt.n	100044bc <last1>
10004454:	44b6      	add	lr, r6
10004456:	0b12      	lsrs	r2, r2, #12
10004458:	051f      	lsls	r7, r3, #20
1000445a:	433a      	orrs	r2, r7
1000445c:	0b1b      	lsrs	r3, r3, #12
1000445e:	b297      	uxth	r7, r2
10004460:	4377      	muls	r7, r6
10004462:	1bc0      	subs	r0, r0, r7
10004464:	d200      	bcs.n	10004468 <y64_x48+0xa6>
10004466:	3901      	subs	r1, #1
10004468:	b29f      	uxth	r7, r3
1000446a:	4377      	muls	r7, r6
1000446c:	1bc9      	subs	r1, r1, r7
1000446e:	0c17      	lsrs	r7, r2, #16
10004470:	4377      	muls	r7, r6
10004472:	043e      	lsls	r6, r7, #16
10004474:	0c3f      	lsrs	r7, r7, #16
10004476:	1b80      	subs	r0, r0, r6
10004478:	41b9      	sbcs	r1, r7
1000447a:	0d86      	lsrs	r6, r0, #22
1000447c:	028f      	lsls	r7, r1, #10
1000447e:	433e      	orrs	r6, r7
10004480:	4366      	muls	r6, r4
10004482:	2729      	movs	r7, #41	@ 0x29
10004484:	1b7f      	subs	r7, r7, r5
10004486:	40fe      	lsrs	r6, r7
10004488:	3d0c      	subs	r5, #12
1000448a:	4677      	mov	r7, lr
1000448c:	40af      	lsls	r7, r5
1000448e:	19bf      	adds	r7, r7, r6
10004490:	bc30      	pop	{r4, r5}
10004492:	b2a2      	uxth	r2, r4
10004494:	b2ab      	uxth	r3, r5
10004496:	4372      	muls	r2, r6
10004498:	4373      	muls	r3, r6
1000449a:	1a80      	subs	r0, r0, r2
1000449c:	4199      	sbcs	r1, r3
1000449e:	0c22      	lsrs	r2, r4, #16
100044a0:	4372      	muls	r2, r6
100044a2:	0c13      	lsrs	r3, r2, #16
100044a4:	0412      	lsls	r2, r2, #16
100044a6:	1a80      	subs	r0, r0, r2
100044a8:	4199      	sbcs	r1, r3
100044aa:	0002      	movs	r2, r0
100044ac:	000b      	movs	r3, r1
100044ae:	3701      	adds	r7, #1
100044b0:	1b00      	subs	r0, r0, r4
100044b2:	41a9      	sbcs	r1, r5
100044b4:	d2f9      	bcs.n	100044aa <y64_x48+0xe8>
100044b6:	1e78      	subs	r0, r7, #1
100044b8:	2100      	movs	r1, #0
100044ba:	bdf0      	pop	{r4, r5, r6, r7, pc}

100044bc <last1>:
100044bc:	270c      	movs	r7, #12
100044be:	1b7f      	subs	r7, r7, r5
100044c0:	40fe      	lsrs	r6, r7
100044c2:	4677      	mov	r7, lr
100044c4:	0b7f      	lsrs	r7, r7, #13
100044c6:	40af      	lsls	r7, r5
100044c8:	19ff      	adds	r7, r7, r7
100044ca:	e7e0      	b.n	1000448e <y64_x48+0xcc>

100044cc <y64_x64>:
100044cc:	2400      	movs	r4, #0
100044ce:	1c5d      	adds	r5, r3, #1
100044d0:	d007      	beq.n	100044e2 <y64_x64+0x16>
100044d2:	4f14      	ldr	r7, [pc, #80]	@ (10004524 <y64_x64+0x58>)
100044d4:	667d      	str	r5, [r7, #100]	@ 0x64
100044d6:	6639      	str	r1, [r7, #96]	@ 0x60
100044d8:	e7ff      	b.n	100044da <y64_x64+0xe>
100044da:	e7ff      	b.n	100044dc <y64_x64+0x10>
100044dc:	e7ff      	b.n	100044de <y64_x64+0x12>
100044de:	e7ff      	b.n	100044e0 <y64_x64+0x14>
100044e0:	6f3c      	ldr	r4, [r7, #112]	@ 0x70
100044e2:	b295      	uxth	r5, r2
100044e4:	b29e      	uxth	r6, r3
100044e6:	4365      	muls	r5, r4
100044e8:	4366      	muls	r6, r4
100044ea:	1b40      	subs	r0, r0, r5
100044ec:	41b1      	sbcs	r1, r6
100044ee:	0c15      	lsrs	r5, r2, #16
100044f0:	0c1e      	lsrs	r6, r3, #16
100044f2:	4365      	muls	r5, r4
100044f4:	4366      	muls	r6, r4
100044f6:	0436      	lsls	r6, r6, #16
100044f8:	0c2f      	lsrs	r7, r5, #16
100044fa:	433e      	orrs	r6, r7
100044fc:	042d      	lsls	r5, r5, #16
100044fe:	1b40      	subs	r0, r0, r5
10004500:	41b1      	sbcs	r1, r6
10004502:	4299      	cmp	r1, r3
10004504:	d204      	bcs.n	10004510 <y64_x64+0x44>
10004506:	0002      	movs	r2, r0
10004508:	000b      	movs	r3, r1
1000450a:	0020      	movs	r0, r4
1000450c:	2100      	movs	r1, #0
1000450e:	bdf0      	pop	{r4, r5, r6, r7, pc}
10004510:	d101      	bne.n	10004516 <y64_x64+0x4a>
10004512:	4290      	cmp	r0, r2
10004514:	d3f7      	bcc.n	10004506 <y64_x64+0x3a>
10004516:	1a80      	subs	r0, r0, r2
10004518:	4199      	sbcs	r1, r3
1000451a:	3401      	adds	r4, #1
1000451c:	4299      	cmp	r1, r3
1000451e:	d3f2      	bcc.n	10004506 <y64_x64+0x3a>
10004520:	e7f6      	b.n	10004510 <y64_x64+0x44>
10004522:	0000      	.short	0x0000
10004524:	d0000000 	.word	0xd0000000
10004528:	ffffffff 	.word	0xffffffff

1000452c <__wrap___aeabi_drsub>:
1000452c:	4048      	eors	r0, r1
1000452e:	4041      	eors	r1, r0
10004530:	4048      	eors	r0, r1

10004532 <__wrap___aeabi_dsub>:
10004532:	b418      	push	{r3, r4}
10004534:	4b1b      	ldr	r3, [pc, #108]	@ (100045a4 <__wrap___aeabi_dmul+0x12>)
10004536:	685b      	ldr	r3, [r3, #4]
10004538:	46fc      	mov	ip, pc
1000453a:	9301      	str	r3, [sp, #4]
1000453c:	bd08      	pop	{r3, pc}
1000453e:	df04      	.short	0xdf04
10004540:	100047ef 	.word	0x100047ef

10004544 <__wrap___aeabi_dadd>:
10004544:	b418      	push	{r3, r4}
10004546:	4b17      	ldr	r3, [pc, #92]	@ (100045a4 <__wrap___aeabi_dmul+0x12>)
10004548:	681b      	ldr	r3, [r3, #0]
1000454a:	46fc      	mov	ip, pc
1000454c:	9301      	str	r3, [sp, #4]
1000454e:	bd08      	pop	{r3, pc}
10004550:	47f9df00 	.word	0x47f9df00
10004554:	1000      	.short	0x1000

10004556 <__wrap___aeabi_ddiv>:
10004556:	4694      	mov	ip, r2
10004558:	4a13      	ldr	r2, [pc, #76]	@ (100045a8 <__wrap___aeabi_dmul+0x16>)
1000455a:	6f92      	ldr	r2, [r2, #120]	@ 0x78
1000455c:	0892      	lsrs	r2, r2, #2
1000455e:	d209      	bcs.n	10004574 <ddiv_save_state>
10004560:	4662      	mov	r2, ip

10004562 <ddiv_shim_call>:
10004562:	b418      	push	{r3, r4}
10004564:	4b0f      	ldr	r3, [pc, #60]	@ (100045a4 <__wrap___aeabi_dmul+0x12>)
10004566:	68db      	ldr	r3, [r3, #12]
10004568:	46fc      	mov	ip, pc
1000456a:	9301      	str	r3, [sp, #4]
1000456c:	bd08      	pop	{r3, pc}
1000456e:	df0c      	.short	0xdf0c
10004570:	10004ab1 	.word	0x10004ab1

10004574 <ddiv_save_state>:
10004574:	4a0c      	ldr	r2, [pc, #48]	@ (100045a8 <__wrap___aeabi_dmul+0x16>)
10004576:	b5f0      	push	{r4, r5, r6, r7, lr}
10004578:	6e14      	ldr	r4, [r2, #96]	@ 0x60
1000457a:	6e55      	ldr	r5, [r2, #100]	@ 0x64
1000457c:	6f57      	ldr	r7, [r2, #116]	@ 0x74
1000457e:	6f16      	ldr	r6, [r2, #112]	@ 0x70
10004580:	4662      	mov	r2, ip
10004582:	f7ff ffee 	bl	10004562 <ddiv_shim_call>
10004586:	4a08      	ldr	r2, [pc, #32]	@ (100045a8 <__wrap___aeabi_dmul+0x16>)
10004588:	6614      	str	r4, [r2, #96]	@ 0x60
1000458a:	6655      	str	r5, [r2, #100]	@ 0x64
1000458c:	6757      	str	r7, [r2, #116]	@ 0x74
1000458e:	6716      	str	r6, [r2, #112]	@ 0x70
10004590:	bdf0      	pop	{r4, r5, r6, r7, pc}

10004592 <__wrap___aeabi_dmul>:
10004592:	b418      	push	{r3, r4}
10004594:	4b03      	ldr	r3, [pc, #12]	@ (100045a4 <__wrap___aeabi_dmul+0x12>)
10004596:	689b      	ldr	r3, [r3, #8]
10004598:	46fc      	mov	ip, pc
1000459a:	9301      	str	r3, [sp, #4]
1000459c:	bd08      	pop	{r3, pc}
1000459e:	df08      	.short	0xdf08
100045a0:	10004955 	.word	0x10004955
100045a4:	200012b8 	.word	0x200012b8
100045a8:	d0000000 	.word	0xd0000000

100045ac <__wrap___aeabi_cdrcmple>:
100045ac:	b5ff      	push	{r0, r1, r2, r3, r4, r5, r6, r7, lr}
100045ae:	4050      	eors	r0, r2
100045b0:	4042      	eors	r2, r0
100045b2:	4050      	eors	r0, r2
100045b4:	4059      	eors	r1, r3
100045b6:	404b      	eors	r3, r1
100045b8:	4059      	eors	r1, r3
100045ba:	e000      	b.n	100045be <__aeabi_dfcmple_guts>

100045bc <__wrap___aeabi_cdcmpeq>:
100045bc:	b5ff      	push	{r0, r1, r2, r3, r4, r5, r6, r7, lr}

100045be <__aeabi_dfcmple_guts>:
100045be:	4f15      	ldr	r7, [pc, #84]	@ (10004614 <__aeabi_dfcmple_guts+0x56>)
100045c0:	004c      	lsls	r4, r1, #1
100045c2:	0d64      	lsrs	r4, r4, #21
100045c4:	d003      	beq.n	100045ce <__aeabi_dfcmple_guts+0x10>
100045c6:	42bc      	cmp	r4, r7
100045c8:	d104      	bne.n	100045d4 <__aeabi_dfcmple_guts+0x16>
100045ca:	030c      	lsls	r4, r1, #12
100045cc:	d814      	bhi.n	100045f8 <__aeabi_dfcmple_guts+0x3a>
100045ce:	2000      	movs	r0, #0
100045d0:	0d09      	lsrs	r1, r1, #20
100045d2:	0509      	lsls	r1, r1, #20
100045d4:	005c      	lsls	r4, r3, #1
100045d6:	0d64      	lsrs	r4, r4, #21
100045d8:	d003      	beq.n	100045e2 <__aeabi_dfcmple_guts+0x24>
100045da:	42bc      	cmp	r4, r7
100045dc:	d104      	bne.n	100045e8 <__aeabi_dfcmple_guts+0x2a>
100045de:	031c      	lsls	r4, r3, #12
100045e0:	d80a      	bhi.n	100045f8 <__aeabi_dfcmple_guts+0x3a>
100045e2:	2200      	movs	r2, #0
100045e4:	0d1b      	lsrs	r3, r3, #20
100045e6:	051b      	lsls	r3, r3, #20
100045e8:	2601      	movs	r6, #1
100045ea:	404b      	eors	r3, r1
100045ec:	d409      	bmi.n	10004602 <__aeabi_dfcmple_guts+0x44>
100045ee:	404b      	eors	r3, r1
100045f0:	d503      	bpl.n	100045fa <__aeabi_dfcmple_guts+0x3c>
100045f2:	428b      	cmp	r3, r1
100045f4:	d100      	bne.n	100045f8 <__aeabi_dfcmple_guts+0x3a>
100045f6:	4282      	cmp	r2, r0
100045f8:	bdff      	pop	{r0, r1, r2, r3, r4, r5, r6, r7, pc}
100045fa:	4299      	cmp	r1, r3
100045fc:	d1fc      	bne.n	100045f8 <__aeabi_dfcmple_guts+0x3a>
100045fe:	4290      	cmp	r0, r2
10004600:	bdff      	pop	{r0, r1, r2, r3, r4, r5, r6, r7, pc}
10004602:	430b      	orrs	r3, r1
10004604:	18db      	adds	r3, r3, r3
10004606:	4303      	orrs	r3, r0
10004608:	4313      	orrs	r3, r2
1000460a:	d0f5      	beq.n	100045f8 <__aeabi_dfcmple_guts+0x3a>
1000460c:	43c9      	mvns	r1, r1
1000460e:	1849      	adds	r1, r1, r1
10004610:	bdff      	pop	{r0, r1, r2, r3, r4, r5, r6, r7, pc}
10004612:	0000      	.short	0x0000
10004614:	000007ff 	.word	0x000007ff

10004618 <__wrap___aeabi_dcmplt>:
10004618:	b500      	push	{lr}
1000461a:	f7ff ffcf 	bl	100045bc <__wrap___aeabi_cdcmpeq>
1000461e:	4180      	sbcs	r0, r0
10004620:	bd00      	pop	{pc}
10004622:	46c0      	nop			@ (mov r8, r8)

10004624 <__wrap___aeabi_dcmple>:
10004624:	b500      	push	{lr}
10004626:	f7ff ffc9 	bl	100045bc <__wrap___aeabi_cdcmpeq>
1000462a:	d901      	bls.n	10004630 <__wrap___aeabi_dcmple+0xc>
1000462c:	2000      	movs	r0, #0
1000462e:	bd00      	pop	{pc}
10004630:	2001      	movs	r0, #1
10004632:	bd00      	pop	{pc}

10004634 <__wrap___aeabi_dcmpge>:
10004634:	b500      	push	{lr}
10004636:	f7ff ffb9 	bl	100045ac <__wrap___aeabi_cdrcmple>
1000463a:	d901      	bls.n	10004640 <__wrap___aeabi_dcmpge+0xc>
1000463c:	2000      	movs	r0, #0
1000463e:	bd00      	pop	{pc}
10004640:	2001      	movs	r0, #1
10004642:	bd00      	pop	{pc}

10004644 <__wrap___aeabi_dcmpgt>:
10004644:	b500      	push	{lr}
10004646:	f7ff ffb1 	bl	100045ac <__wrap___aeabi_cdrcmple>
1000464a:	4180      	sbcs	r0, r0
1000464c:	bd00      	pop	{pc}

1000464e <__wrap___aeabi_dcmpun>:
1000464e:	2001      	movs	r0, #1
10004650:	0540      	lsls	r0, r0, #21
10004652:	004a      	lsls	r2, r1, #1
10004654:	1812      	adds	r2, r2, r0
10004656:	d804      	bhi.n	10004662 <__wrap___aeabi_dcmpun+0x14>
10004658:	005a      	lsls	r2, r3, #1
1000465a:	1812      	adds	r2, r2, r0
1000465c:	d801      	bhi.n	10004662 <__wrap___aeabi_dcmpun+0x14>
1000465e:	2000      	movs	r0, #0
10004660:	4770      	bx	lr
10004662:	2001      	movs	r0, #1
10004664:	4770      	bx	lr
	...

10004668 <__wrap___aeabi_ui2d>:
10004668:	2100      	movs	r1, #0
1000466a:	2800      	cmp	r0, #0
1000466c:	d105      	bne.n	1000467a <__wrap___aeabi_i2d+0xa>
1000466e:	4770      	bx	lr

10004670 <__wrap___aeabi_i2d>:
10004670:	17c1      	asrs	r1, r0, #31
10004672:	4048      	eors	r0, r1
10004674:	1a40      	subs	r0, r0, r1
10004676:	d0fa      	beq.n	1000466e <__wrap___aeabi_ui2d+0x6>
10004678:	07c9      	lsls	r1, r1, #31
1000467a:	b513      	push	{r0, r1, r4, lr}
1000467c:	4b06      	ldr	r3, [pc, #24]	@ (10004698 <__wrap___aeabi_i2d+0x28>)
1000467e:	681b      	ldr	r3, [r3, #0]
10004680:	4798      	blx	r3
10004682:	bc0c      	pop	{r2, r3}
10004684:	1c44      	adds	r4, r0, #1
10004686:	40a2      	lsls	r2, r4
10004688:	0510      	lsls	r0, r2, #20
1000468a:	0b12      	lsrs	r2, r2, #12
1000468c:	4903      	ldr	r1, [pc, #12]	@ (1000469c <__wrap___aeabi_i2d+0x2c>)
1000468e:	1b09      	subs	r1, r1, r4
10004690:	0509      	lsls	r1, r1, #20
10004692:	4319      	orrs	r1, r3
10004694:	4311      	orrs	r1, r2
10004696:	bd10      	pop	{r4, pc}
10004698:	2000bf30 	.word	0x2000bf30
1000469c:	0000041f 	.word	0x0000041f

100046a0 <__wrap___aeabi_d2iz>:
100046a0:	b510      	push	{r4, lr}
100046a2:	004c      	lsls	r4, r1, #1
100046a4:	0d62      	lsrs	r2, r4, #21
100046a6:	2380      	movs	r3, #128	@ 0x80
100046a8:	18d2      	adds	r2, r2, r3
100046aa:	00db      	lsls	r3, r3, #3
100046ac:	1ad2      	subs	r2, r2, r3
100046ae:	055b      	lsls	r3, r3, #21
100046b0:	2a7e      	cmp	r2, #126	@ 0x7e
100046b2:	dd10      	ble.n	100046d6 <__wrap___aeabi_d2iz+0x36>
100046b4:	3a9e      	subs	r2, #158	@ 0x9e
100046b6:	da13      	bge.n	100046e0 <__wrap___aeabi_d2iz+0x40>
100046b8:	17cc      	asrs	r4, r1, #31
100046ba:	0309      	lsls	r1, r1, #12
100046bc:	0849      	lsrs	r1, r1, #1
100046be:	4319      	orrs	r1, r3
100046c0:	4252      	negs	r2, r2
100046c2:	40d1      	lsrs	r1, r2
100046c4:	0064      	lsls	r4, r4, #1
100046c6:	3401      	adds	r4, #1
100046c8:	3215      	adds	r2, #21
100046ca:	2a20      	cmp	r2, #32
100046cc:	da05      	bge.n	100046da <__wrap___aeabi_d2iz+0x3a>
100046ce:	40d0      	lsrs	r0, r2
100046d0:	4308      	orrs	r0, r1
100046d2:	4360      	muls	r0, r4
100046d4:	bd10      	pop	{r4, pc}
100046d6:	2000      	movs	r0, #0
100046d8:	bd10      	pop	{r4, pc}
100046da:	4608      	mov	r0, r1
100046dc:	4360      	muls	r0, r4
100046de:	bd10      	pop	{r4, pc}
100046e0:	0fc8      	lsrs	r0, r1, #31
100046e2:	18c0      	adds	r0, r0, r3
100046e4:	3801      	subs	r0, #1
100046e6:	bd10      	pop	{r4, pc}

100046e8 <__wrap___aeabi_d2uiz>:
100046e8:	b418      	push	{r3, r4}
100046ea:	4b04      	ldr	r3, [pc, #16]	@ (100046fc <__wrap___aeabi_d2uiz+0x14>)
100046ec:	6a5b      	ldr	r3, [r3, #36]	@ 0x24
100046ee:	46fc      	mov	ip, pc
100046f0:	9301      	str	r3, [sp, #4]
100046f2:	bd08      	pop	{r3, pc}
100046f4:	4c61df24 	.word	0x4c61df24
100046f8:	00001000 	.word	0x00001000
100046fc:	200012b8 	.word	0x200012b8

10004700 <__wrap___aeabi_d2f>:
10004700:	b418      	push	{r3, r4}
10004702:	4b04      	ldr	r3, [pc, #16]	@ (10004714 <__wrap___aeabi_d2f+0x14>)
10004704:	6fdb      	ldr	r3, [r3, #124]	@ 0x7c
10004706:	46fc      	mov	ip, pc
10004708:	9301      	str	r3, [sp, #4]
1000470a:	bd08      	pop	{r3, pc}
1000470c:	4ce1df7c 	.word	0x4ce1df7c
10004710:	00001000 	.word	0x00001000
10004714:	200012b8 	.word	0x200012b8

10004718 <__aeabi_double_init>:
10004718:	2313      	movs	r3, #19
1000471a:	b570      	push	{r4, r5, r6, lr}
1000471c:	781d      	ldrb	r5, [r3, #0]
1000471e:	2d01      	cmp	r5, #1
10004720:	d019      	beq.n	10004756 <__aeabi_double_init+0x3e>
10004722:	dd14      	ble.n	1000474e <__aeabi_double_init+0x36>
10004724:	481f      	ldr	r0, [pc, #124]	@ (100047a4 <__aeabi_double_init+0x8c>)
10004726:	f7ff fb25 	bl	10003d74 <rom_data_lookup>
1000472a:	0006      	movs	r6, r0
1000472c:	481e      	ldr	r0, [pc, #120]	@ (100047a8 <__aeabi_double_init+0x90>)
1000472e:	f7ff fb21 	bl	10003d74 <rom_data_lookup>
10004732:	4c1e      	ldr	r4, [pc, #120]	@ (100047ac <__aeabi_double_init+0x94>)
10004734:	2280      	movs	r2, #128	@ 0x80
10004736:	0031      	movs	r1, r6
10004738:	0020      	movs	r0, r4
1000473a:	f000 fc79 	bl	10005030 <__wrap___aeabi_memcpy>
1000473e:	2d02      	cmp	r5, #2
10004740:	d02d      	beq.n	1000479e <__aeabi_double_init+0x86>
10004742:	481b      	ldr	r0, [pc, #108]	@ (100047b0 <__aeabi_double_init+0x98>)
10004744:	f7ff fb0e 	bl	10003d64 <rom_func_lookup>
10004748:	4b1a      	ldr	r3, [pc, #104]	@ (100047b4 <__aeabi_double_init+0x9c>)
1000474a:	6018      	str	r0, [r3, #0]
1000474c:	bd70      	pop	{r4, r5, r6, pc}
1000474e:	4b1a      	ldr	r3, [pc, #104]	@ (100047b8 <__aeabi_double_init+0xa0>)
10004750:	4c16      	ldr	r4, [pc, #88]	@ (100047ac <__aeabi_double_init+0x94>)
10004752:	64a3      	str	r3, [r4, #72]	@ 0x48
10004754:	e7f5      	b.n	10004742 <__aeabi_double_init+0x2a>
10004756:	4b18      	ldr	r3, [pc, #96]	@ (100047b8 <__aeabi_double_init+0xa0>)
10004758:	4c14      	ldr	r4, [pc, #80]	@ (100047ac <__aeabi_double_init+0x94>)
1000475a:	6023      	str	r3, [r4, #0]
1000475c:	6063      	str	r3, [r4, #4]
1000475e:	60a3      	str	r3, [r4, #8]
10004760:	60e3      	str	r3, [r4, #12]
10004762:	6123      	str	r3, [r4, #16]
10004764:	6163      	str	r3, [r4, #20]
10004766:	61a3      	str	r3, [r4, #24]
10004768:	61e3      	str	r3, [r4, #28]
1000476a:	6223      	str	r3, [r4, #32]
1000476c:	6263      	str	r3, [r4, #36]	@ 0x24
1000476e:	62a3      	str	r3, [r4, #40]	@ 0x28
10004770:	62e3      	str	r3, [r4, #44]	@ 0x2c
10004772:	6323      	str	r3, [r4, #48]	@ 0x30
10004774:	6363      	str	r3, [r4, #52]	@ 0x34
10004776:	63a3      	str	r3, [r4, #56]	@ 0x38
10004778:	63e3      	str	r3, [r4, #60]	@ 0x3c
1000477a:	6423      	str	r3, [r4, #64]	@ 0x40
1000477c:	6463      	str	r3, [r4, #68]	@ 0x44
1000477e:	64a3      	str	r3, [r4, #72]	@ 0x48
10004780:	64e3      	str	r3, [r4, #76]	@ 0x4c
10004782:	6523      	str	r3, [r4, #80]	@ 0x50
10004784:	6563      	str	r3, [r4, #84]	@ 0x54
10004786:	65a3      	str	r3, [r4, #88]	@ 0x58
10004788:	65e3      	str	r3, [r4, #92]	@ 0x5c
1000478a:	6623      	str	r3, [r4, #96]	@ 0x60
1000478c:	6663      	str	r3, [r4, #100]	@ 0x64
1000478e:	66a3      	str	r3, [r4, #104]	@ 0x68
10004790:	66e3      	str	r3, [r4, #108]	@ 0x6c
10004792:	6723      	str	r3, [r4, #112]	@ 0x70
10004794:	6763      	str	r3, [r4, #116]	@ 0x74
10004796:	67a3      	str	r3, [r4, #120]	@ 0x78
10004798:	67e3      	str	r3, [r4, #124]	@ 0x7c
1000479a:	64a3      	str	r3, [r4, #72]	@ 0x48
1000479c:	e7d1      	b.n	10004742 <__aeabi_double_init+0x2a>
1000479e:	4b06      	ldr	r3, [pc, #24]	@ (100047b8 <__aeabi_double_init+0xa0>)
100047a0:	64a3      	str	r3, [r4, #72]	@ 0x48
100047a2:	e7ce      	b.n	10004742 <__aeabi_double_init+0x2a>
100047a4:	00004453 	.word	0x00004453
100047a8:	00004653 	.word	0x00004653
100047ac:	200012b8 	.word	0x200012b8
100047b0:	0000334c 	.word	0x0000334c
100047b4:	2000bf30 	.word	0x2000bf30
100047b8:	100047bd 	.word	0x100047bd

100047bc <double_table_shim_on_use_helper>:
100047bc:	b507      	push	{r0, r1, r2, lr}
100047be:	4660      	mov	r0, ip
100047c0:	8801      	ldrh	r1, [r0, #0]
100047c2:	0a0a      	lsrs	r2, r1, #8
100047c4:	3002      	adds	r0, #2
100047c6:	2adf      	cmp	r2, #223	@ 0xdf
100047c8:	d1fa      	bne.n	100047c0 <double_table_shim_on_use_helper+0x4>
100047ca:	b2c9      	uxtb	r1, r1
100047cc:	0882      	lsrs	r2, r0, #2
100047ce:	d304      	bcc.n	100047da <double_table_shim_on_use_helper+0x1e>
100047d0:	8802      	ldrh	r2, [r0, #0]
100047d2:	8840      	ldrh	r0, [r0, #2]
100047d4:	0400      	lsls	r0, r0, #16
100047d6:	4310      	orrs	r0, r2
100047d8:	e000      	b.n	100047dc <double_table_shim_on_use_helper+0x20>
100047da:	6800      	ldr	r0, [r0, #0]
100047dc:	4a01      	ldr	r2, [pc, #4]	@ (100047e4 <double_table_shim_on_use_helper+0x28>)
100047de:	5050      	str	r0, [r2, r1]
100047e0:	9003      	str	r0, [sp, #12]
100047e2:	bd07      	pop	{r0, r1, r2, pc}
100047e4:	200012b8 	.word	0x200012b8

100047e8 <drsub_shim>:
100047e8:	b40f      	push	{r0, r1, r2, r3}
100047ea:	bc03      	pop	{r0, r1}
100047ec:	bc0c      	pop	{r2, r3}

100047ee <dsub_shim>:
100047ee:	b5f0      	push	{r4, r5, r6, r7, lr}
100047f0:	2401      	movs	r4, #1
100047f2:	07e4      	lsls	r4, r4, #31
100047f4:	4063      	eors	r3, r4
100047f6:	e000      	b.n	100047fa <da_entry>

100047f8 <dadd_shim>:
100047f8:	b5f0      	push	{r4, r5, r6, r7, lr}

100047fa <da_entry>:
100047fa:	0d0c      	lsrs	r4, r1, #20
100047fc:	0fcf      	lsrs	r7, r1, #31
100047fe:	1e66      	subs	r6, r4, #1
10004800:	0536      	lsls	r6, r6, #20
10004802:	1b89      	subs	r1, r1, r6
10004804:	0564      	lsls	r4, r4, #21
10004806:	d303      	bcc.n	10004810 <l8_1>
10004808:	43c9      	mvns	r1, r1
1000480a:	4240      	negs	r0, r0
1000480c:	d300      	bcc.n	10004810 <l8_1>
1000480e:	3101      	adds	r1, #1

10004810 <l8_1>:
10004810:	0d64      	lsrs	r4, r4, #21
10004812:	d003      	beq.n	1000481c <l8_2>
10004814:	1c66      	adds	r6, r4, #1
10004816:	0af6      	lsrs	r6, r6, #11
10004818:	d007      	beq.n	1000482a <l8_3>
1000481a:	1be4      	subs	r4, r4, r7

1000481c <l8_2>:
1000481c:	2000      	movs	r0, #0
1000481e:	007f      	lsls	r7, r7, #1
10004820:	1c79      	adds	r1, r7, #1
10004822:	0789      	lsls	r1, r1, #30
10004824:	1289      	asrs	r1, r1, #10
10004826:	3c80      	subs	r4, #128	@ 0x80
10004828:	0324      	lsls	r4, r4, #12

1000482a <l8_3>:
1000482a:	0d1d      	lsrs	r5, r3, #20
1000482c:	0fdf      	lsrs	r7, r3, #31
1000482e:	1e6e      	subs	r6, r5, #1
10004830:	0536      	lsls	r6, r6, #20
10004832:	1b9b      	subs	r3, r3, r6
10004834:	056d      	lsls	r5, r5, #21
10004836:	d303      	bcc.n	10004840 <l9_1>
10004838:	43db      	mvns	r3, r3
1000483a:	4252      	negs	r2, r2
1000483c:	d300      	bcc.n	10004840 <l9_1>
1000483e:	3301      	adds	r3, #1

10004840 <l9_1>:
10004840:	0d6d      	lsrs	r5, r5, #21
10004842:	d003      	beq.n	1000484c <l9_2>
10004844:	1c6e      	adds	r6, r5, #1
10004846:	0af6      	lsrs	r6, r6, #11
10004848:	d007      	beq.n	1000485a <l9_3>
1000484a:	1bed      	subs	r5, r5, r7

1000484c <l9_2>:
1000484c:	2200      	movs	r2, #0
1000484e:	007f      	lsls	r7, r7, #1
10004850:	1c7b      	adds	r3, r7, #1
10004852:	079b      	lsls	r3, r3, #30
10004854:	129b      	asrs	r3, r3, #10
10004856:	3d80      	subs	r5, #128	@ 0x80
10004858:	032d      	lsls	r5, r5, #12

1000485a <l9_3>:
1000485a:	1b2f      	subs	r7, r5, r4
1000485c:	1b66      	subs	r6, r4, r5
1000485e:	d458      	bmi.n	10004912 <da_ygtx>
10004860:	46a4      	mov	ip, r4
10004862:	2e20      	cmp	r6, #32
10004864:	da46      	bge.n	100048f4 <da_xrgty>
10004866:	3720      	adds	r7, #32
10004868:	0014      	movs	r4, r2
1000486a:	40bc      	lsls	r4, r7

1000486c <da_xgty0>:
1000486c:	001d      	movs	r5, r3
1000486e:	40bd      	lsls	r5, r7
10004870:	40f2      	lsrs	r2, r6
10004872:	4133      	asrs	r3, r6
10004874:	432a      	orrs	r2, r5

10004876 <da_add>:
10004876:	1880      	adds	r0, r0, r2
10004878:	4159      	adcs	r1, r3

1000487a <da_pack>:
1000487a:	0fcb      	lsrs	r3, r1, #31
1000487c:	d005      	beq.n	1000488a <da_pack+0x10>
1000487e:	43c9      	mvns	r1, r1
10004880:	43c0      	mvns	r0, r0
10004882:	2200      	movs	r2, #0
10004884:	4264      	negs	r4, r4
10004886:	4150      	adcs	r0, r2
10004888:	4151      	adcs	r1, r2
1000488a:	4662      	mov	r2, ip
1000488c:	0d4d      	lsrs	r5, r1, #21
1000488e:	d128      	bne.n	100048e2 <da_0>
10004890:	0d0d      	lsrs	r5, r1, #20
10004892:	d107      	bne.n	100048a4 <da_1>
10004894:	2800      	cmp	r0, #0
10004896:	d01f      	beq.n	100048d8 <da_5>

10004898 <da_2>:
10004898:	1924      	adds	r4, r4, r4
1000489a:	4140      	adcs	r0, r0
1000489c:	4149      	adcs	r1, r1
1000489e:	3a01      	subs	r2, #1
100048a0:	0d0d      	lsrs	r5, r1, #20
100048a2:	d0f9      	beq.n	10004898 <da_2>

100048a4 <da_1>:
100048a4:	0064      	lsls	r4, r4, #1
100048a6:	d306      	bcc.n	100048b6 <da_3>

100048a8 <da_4>:
100048a8:	3001      	adds	r0, #1
100048aa:	d300      	bcc.n	100048ae <da_4+0x6>
100048ac:	3101      	adds	r1, #1
100048ae:	2c00      	cmp	r4, #0
100048b0:	d101      	bne.n	100048b6 <da_3>
100048b2:	0840      	lsrs	r0, r0, #1
100048b4:	0040      	lsls	r0, r0, #1

100048b6 <da_3>:
100048b6:	3a01      	subs	r2, #1
100048b8:	d40b      	bmi.n	100048d2 <da_6>
100048ba:	1c94      	adds	r4, r2, #2
100048bc:	0ae4      	lsrs	r4, r4, #11
100048be:	d104      	bne.n	100048ca <da_7>
100048c0:	0512      	lsls	r2, r2, #20
100048c2:	4411      	add	r1, r2
100048c4:	07db      	lsls	r3, r3, #31
100048c6:	4419      	add	r1, r3
100048c8:	bdf0      	pop	{r4, r5, r6, r7, pc}

100048ca <da_7>:
100048ca:	07d9      	lsls	r1, r3, #31
100048cc:	4b20      	ldr	r3, [pc, #128]	@ (10004950 <da_xmgty+0x4>)
100048ce:	4319      	orrs	r1, r3
100048d0:	e000      	b.n	100048d4 <da_6+0x2>

100048d2 <da_6>:
100048d2:	07d9      	lsls	r1, r3, #31
100048d4:	2000      	movs	r0, #0
100048d6:	bdf0      	pop	{r4, r5, r6, r7, pc}

100048d8 <da_5>:
100048d8:	2900      	cmp	r1, #0
100048da:	d1dd      	bne.n	10004898 <da_2>
100048dc:	2c00      	cmp	r4, #0
100048de:	d1db      	bne.n	10004898 <da_2>
100048e0:	bdf0      	pop	{r4, r5, r6, r7, pc}

100048e2 <da_0>:
100048e2:	3201      	adds	r2, #1
100048e4:	07c6      	lsls	r6, r0, #31
100048e6:	0840      	lsrs	r0, r0, #1
100048e8:	07cd      	lsls	r5, r1, #31
100048ea:	4328      	orrs	r0, r5
100048ec:	0849      	lsrs	r1, r1, #1
100048ee:	2e00      	cmp	r6, #0
100048f0:	d0e1      	beq.n	100048b6 <da_3>
100048f2:	e7d9      	b.n	100048a8 <da_4>

100048f4 <da_xrgty>:
100048f4:	2e3c      	cmp	r6, #60	@ 0x3c
100048f6:	da29      	bge.n	1000494c <da_xmgty>
100048f8:	3e20      	subs	r6, #32
100048fa:	3740      	adds	r7, #64	@ 0x40
100048fc:	0014      	movs	r4, r2
100048fe:	40bc      	lsls	r4, r7
10004900:	d000      	beq.n	10004904 <da_xrgty+0x10>
10004902:	2401      	movs	r4, #1
10004904:	40f2      	lsrs	r2, r6
10004906:	4314      	orrs	r4, r2
10004908:	001a      	movs	r2, r3
1000490a:	40bb      	lsls	r3, r7
1000490c:	431c      	orrs	r4, r3
1000490e:	17d3      	asrs	r3, r2, #31
10004910:	e7ac      	b.n	1000486c <da_xgty0>

10004912 <da_ygtx>:
10004912:	46ac      	mov	ip, r5
10004914:	2f20      	cmp	r7, #32
10004916:	da08      	bge.n	1000492a <da_yrgtx>
10004918:	3620      	adds	r6, #32
1000491a:	0004      	movs	r4, r0
1000491c:	40b4      	lsls	r4, r6

1000491e <da_ygtx0>:
1000491e:	000d      	movs	r5, r1
10004920:	40b5      	lsls	r5, r6
10004922:	40f8      	lsrs	r0, r7
10004924:	4139      	asrs	r1, r7
10004926:	4328      	orrs	r0, r5
10004928:	e7a5      	b.n	10004876 <da_add>

1000492a <da_yrgtx>:
1000492a:	2f3c      	cmp	r7, #60	@ 0x3c
1000492c:	da0c      	bge.n	10004948 <da_ymgtx>
1000492e:	3f20      	subs	r7, #32
10004930:	3640      	adds	r6, #64	@ 0x40
10004932:	0004      	movs	r4, r0
10004934:	40b4      	lsls	r4, r6
10004936:	d000      	beq.n	1000493a <da_yrgtx+0x10>
10004938:	2401      	movs	r4, #1
1000493a:	40f8      	lsrs	r0, r7
1000493c:	4304      	orrs	r4, r0
1000493e:	0008      	movs	r0, r1
10004940:	40b1      	lsls	r1, r6
10004942:	430c      	orrs	r4, r1
10004944:	17c1      	asrs	r1, r0, #31
10004946:	e7ea      	b.n	1000491e <da_ygtx0>

10004948 <da_ymgtx>:
10004948:	0010      	movs	r0, r2
1000494a:	0019      	movs	r1, r3

1000494c <da_xmgty>:
1000494c:	2400      	movs	r4, #0
1000494e:	e794      	b.n	1000487a <da_pack>
10004950:	7ff00000 	.word	0x7ff00000

10004954 <dmul_shim>:
10004954:	b5f0      	push	{r4, r5, r6, r7, lr}
10004956:	0d0c      	lsrs	r4, r1, #20
10004958:	1e66      	subs	r6, r4, #1
1000495a:	0536      	lsls	r6, r6, #20
1000495c:	1b89      	subs	r1, r1, r6
1000495e:	0ae6      	lsrs	r6, r4, #11
10004960:	0564      	lsls	r4, r4, #21
10004962:	0d64      	lsrs	r4, r4, #21
10004964:	d002      	beq.n	1000496c <l12_1>
10004966:	1c65      	adds	r5, r4, #1
10004968:	0aed      	lsrs	r5, r5, #11
1000496a:	d004      	beq.n	10004976 <l12_2>

1000496c <l12_1>:
1000496c:	2000      	movs	r0, #0
1000496e:	2101      	movs	r1, #1
10004970:	0509      	lsls	r1, r1, #20
10004972:	3c80      	subs	r4, #128	@ 0x80
10004974:	0324      	lsls	r4, r4, #12

10004976 <l12_2>:
10004976:	46a4      	mov	ip, r4
10004978:	0d1c      	lsrs	r4, r3, #20
1000497a:	1e67      	subs	r7, r4, #1
1000497c:	053f      	lsls	r7, r7, #20
1000497e:	1bdb      	subs	r3, r3, r7
10004980:	0ae7      	lsrs	r7, r4, #11
10004982:	0564      	lsls	r4, r4, #21
10004984:	0d64      	lsrs	r4, r4, #21
10004986:	d002      	beq.n	1000498e <l13_1>
10004988:	1c65      	adds	r5, r4, #1
1000498a:	0aed      	lsrs	r5, r5, #11
1000498c:	d004      	beq.n	10004998 <l13_2>

1000498e <l13_1>:
1000498e:	2200      	movs	r2, #0
10004990:	2301      	movs	r3, #1
10004992:	051b      	lsls	r3, r3, #20
10004994:	3c80      	subs	r4, #128	@ 0x80
10004996:	0324      	lsls	r4, r4, #12

10004998 <l13_2>:
10004998:	4077      	eors	r7, r6
1000499a:	4464      	add	r4, ip
1000499c:	b497      	push	{r0, r1, r2, r4, r7}
1000499e:	b284      	uxth	r4, r0
100049a0:	b296      	uxth	r6, r2
100049a2:	4374      	muls	r4, r6
100049a4:	0c07      	lsrs	r7, r0, #16
100049a6:	437e      	muls	r6, r7
100049a8:	0c15      	lsrs	r5, r2, #16
100049aa:	436f      	muls	r7, r5
100049ac:	b280      	uxth	r0, r0
100049ae:	4368      	muls	r0, r5
100049b0:	1836      	adds	r6, r6, r0
100049b2:	d302      	bcc.n	100049ba <l14_1>
100049b4:	2001      	movs	r0, #1
100049b6:	0400      	lsls	r0, r0, #16
100049b8:	183f      	adds	r7, r7, r0

100049ba <l14_1>:
100049ba:	0430      	lsls	r0, r6, #16
100049bc:	0c35      	lsrs	r5, r6, #16
100049be:	1900      	adds	r0, r0, r4
100049c0:	417d      	adcs	r5, r7
100049c2:	4684      	mov	ip, r0
100049c4:	b288      	uxth	r0, r1
100049c6:	b29a      	uxth	r2, r3
100049c8:	4350      	muls	r0, r2
100049ca:	0c0c      	lsrs	r4, r1, #16
100049cc:	4362      	muls	r2, r4
100049ce:	0c1f      	lsrs	r7, r3, #16
100049d0:	437c      	muls	r4, r7
100049d2:	b28e      	uxth	r6, r1
100049d4:	437e      	muls	r6, r7
100049d6:	1992      	adds	r2, r2, r6
100049d8:	d302      	bcc.n	100049e0 <l15_1>
100049da:	2601      	movs	r6, #1
100049dc:	0436      	lsls	r6, r6, #16
100049de:	19a4      	adds	r4, r4, r6

100049e0 <l15_1>:
100049e0:	0416      	lsls	r6, r2, #16
100049e2:	0c17      	lsrs	r7, r2, #16
100049e4:	1836      	adds	r6, r6, r0
100049e6:	4167      	adcs	r7, r4
100049e8:	bc01      	pop	{r0}
100049ea:	b281      	uxth	r1, r0
100049ec:	b29a      	uxth	r2, r3
100049ee:	4351      	muls	r1, r2
100049f0:	0c04      	lsrs	r4, r0, #16
100049f2:	4362      	muls	r2, r4
100049f4:	0c1b      	lsrs	r3, r3, #16
100049f6:	435c      	muls	r4, r3
100049f8:	b280      	uxth	r0, r0
100049fa:	4358      	muls	r0, r3
100049fc:	1812      	adds	r2, r2, r0
100049fe:	d302      	bcc.n	10004a06 <l16_1>
10004a00:	2001      	movs	r0, #1
10004a02:	0400      	lsls	r0, r0, #16
10004a04:	1824      	adds	r4, r4, r0

10004a06 <l16_1>:
10004a06:	0410      	lsls	r0, r2, #16
10004a08:	0c13      	lsrs	r3, r2, #16
10004a0a:	1840      	adds	r0, r0, r1
10004a0c:	4163      	adcs	r3, r4
10004a0e:	182d      	adds	r5, r5, r0
10004a10:	415e      	adcs	r6, r3
10004a12:	2000      	movs	r0, #0
10004a14:	4147      	adcs	r7, r0
10004a16:	bc06      	pop	{r1, r2}
10004a18:	b288      	uxth	r0, r1
10004a1a:	b293      	uxth	r3, r2
10004a1c:	4358      	muls	r0, r3
10004a1e:	0c0c      	lsrs	r4, r1, #16
10004a20:	4363      	muls	r3, r4
10004a22:	0c12      	lsrs	r2, r2, #16
10004a24:	4354      	muls	r4, r2
10004a26:	b289      	uxth	r1, r1
10004a28:	4351      	muls	r1, r2
10004a2a:	185b      	adds	r3, r3, r1
10004a2c:	d302      	bcc.n	10004a34 <l17_1>
10004a2e:	2101      	movs	r1, #1
10004a30:	0409      	lsls	r1, r1, #16
10004a32:	1864      	adds	r4, r4, r1

10004a34 <l17_1>:
10004a34:	0419      	lsls	r1, r3, #16
10004a36:	0c1a      	lsrs	r2, r3, #16
10004a38:	1809      	adds	r1, r1, r0
10004a3a:	4162      	adcs	r2, r4
10004a3c:	186d      	adds	r5, r5, r1
10004a3e:	4156      	adcs	r6, r2
10004a40:	2000      	movs	r0, #0
10004a42:	4147      	adcs	r7, r0
10004a44:	bc18      	pop	{r3, r4}
10004a46:	02f9      	lsls	r1, r7, #11
10004a48:	0d72      	lsrs	r2, r6, #21
10004a4a:	4311      	orrs	r1, r2
10004a4c:	02f0      	lsls	r0, r6, #11
10004a4e:	0d6a      	lsrs	r2, r5, #21
10004a50:	4310      	orrs	r0, r2
10004a52:	02ed      	lsls	r5, r5, #11
10004a54:	0d0a      	lsrs	r2, r1, #20
10004a56:	d103      	bne.n	10004a60 <l17_1+0x2c>
10004a58:	196d      	adds	r5, r5, r5
10004a5a:	4140      	adcs	r0, r0
10004a5c:	4149      	adcs	r1, r1
10004a5e:	3b01      	subs	r3, #1
10004a60:	4e12      	ldr	r6, [pc, #72]	@ (10004aac <dm_1+0xa>)
10004a62:	1b9b      	subs	r3, r3, r6
10004a64:	0076      	lsls	r6, r6, #1
10004a66:	42b3      	cmp	r3, r6
10004a68:	d20e      	bcs.n	10004a88 <dm_0>
10004a6a:	006d      	lsls	r5, r5, #1
10004a6c:	d307      	bcc.n	10004a7e <l17_1+0x4a>
10004a6e:	3001      	adds	r0, #1
10004a70:	2600      	movs	r6, #0
10004a72:	4171      	adcs	r1, r6
10004a74:	4666      	mov	r6, ip
10004a76:	4335      	orrs	r5, r6
10004a78:	d101      	bne.n	10004a7e <l17_1+0x4a>
10004a7a:	0840      	lsrs	r0, r0, #1
10004a7c:	0040      	lsls	r0, r0, #1
10004a7e:	051b      	lsls	r3, r3, #20
10004a80:	18c9      	adds	r1, r1, r3

10004a82 <dm_2>:
10004a82:	07e4      	lsls	r4, r4, #31
10004a84:	4421      	add	r1, r4
10004a86:	bdf0      	pop	{r4, r5, r6, r7, pc}

10004a88 <dm_0>:
10004a88:	da0b      	bge.n	10004aa2 <dm_1>
10004a8a:	3301      	adds	r3, #1
10004a8c:	d106      	bne.n	10004a9c <dm_0+0x14>
10004a8e:	3001      	adds	r0, #1
10004a90:	d104      	bne.n	10004a9c <dm_0+0x14>
10004a92:	3101      	adds	r1, #1
10004a94:	0d4f      	lsrs	r7, r1, #21
10004a96:	d001      	beq.n	10004a9c <dm_0+0x14>
10004a98:	0849      	lsrs	r1, r1, #1
10004a9a:	e7f2      	b.n	10004a82 <dm_2>
10004a9c:	07e1      	lsls	r1, r4, #31
10004a9e:	2000      	movs	r0, #0
10004aa0:	bdf0      	pop	{r4, r5, r6, r7, pc}

10004aa2 <dm_1>:
10004aa2:	3601      	adds	r6, #1
10004aa4:	0531      	lsls	r1, r6, #20
10004aa6:	2000      	movs	r0, #0
10004aa8:	e7eb      	b.n	10004a82 <dm_2>
10004aaa:	0000      	.short	0x0000
10004aac:	000003ff 	.word	0x000003ff

10004ab0 <ddiv_shim>:
10004ab0:	b5f0      	push	{r4, r5, r6, r7, lr}

10004ab2 <ddiv0>:
10004ab2:	0d1c      	lsrs	r4, r3, #20
10004ab4:	1e67      	subs	r7, r4, #1
10004ab6:	053f      	lsls	r7, r7, #20
10004ab8:	1bdb      	subs	r3, r3, r7
10004aba:	0ae7      	lsrs	r7, r4, #11
10004abc:	0564      	lsls	r4, r4, #21
10004abe:	0d64      	lsrs	r4, r4, #21
10004ac0:	d002      	beq.n	10004ac8 <l20_1>
10004ac2:	1c66      	adds	r6, r4, #1
10004ac4:	0af6      	lsrs	r6, r6, #11
10004ac6:	d004      	beq.n	10004ad2 <l20_2>

10004ac8 <l20_1>:
10004ac8:	2200      	movs	r2, #0
10004aca:	2301      	movs	r3, #1
10004acc:	051b      	lsls	r3, r3, #20
10004ace:	3c80      	subs	r4, #128	@ 0x80
10004ad0:	0324      	lsls	r4, r4, #12

10004ad2 <l20_2>:
10004ad2:	25d0      	movs	r5, #208	@ 0xd0
10004ad4:	062d      	lsls	r5, r5, #24
10004ad6:	2600      	movs	r6, #0
10004ad8:	43f6      	mvns	r6, r6
10004ada:	662e      	str	r6, [r5, #96]	@ 0x60
10004adc:	091e      	lsrs	r6, r3, #4
10004ade:	666e      	str	r6, [r5, #100]	@ 0x64
10004ae0:	0fce      	lsrs	r6, r1, #31
10004ae2:	19f6      	adds	r6, r6, r7
10004ae4:	46b4      	mov	ip, r6
10004ae6:	0049      	lsls	r1, r1, #1
10004ae8:	0d4f      	lsrs	r7, r1, #21
10004aea:	d002      	beq.n	10004af2 <l20_2+0x20>
10004aec:	1c7e      	adds	r6, r7, #1
10004aee:	0af6      	lsrs	r6, r6, #11
10004af0:	d003      	beq.n	10004afa <l20_2+0x28>
10004af2:	2000      	movs	r0, #0
10004af4:	2100      	movs	r1, #0
10004af6:	3f40      	subs	r7, #64	@ 0x40
10004af8:	033f      	lsls	r7, r7, #12
10004afa:	1b3e      	subs	r6, r7, r4
10004afc:	00b6      	lsls	r6, r6, #2
10004afe:	44b4      	add	ip, r6
10004b00:	3f01      	subs	r7, #1
10004b02:	057f      	lsls	r7, r7, #21
10004b04:	1bc9      	subs	r1, r1, r7
10004b06:	0849      	lsrs	r1, r1, #1
10004b08:	6f2e      	ldr	r6, [r5, #112]	@ 0x70
10004b0a:	3601      	adds	r6, #1
10004b0c:	0876      	lsrs	r6, r6, #1
10004b0e:	029c      	lsls	r4, r3, #10
10004b10:	0d95      	lsrs	r5, r2, #22
10004b12:	4325      	orrs	r5, r4
10004b14:	4375      	muls	r5, r6
10004b16:	13ed      	asrs	r5, r5, #15
10004b18:	4375      	muls	r5, r6
10004b1a:	13ad      	asrs	r5, r5, #14
10004b1c:	3501      	adds	r5, #1
10004b1e:	106d      	asrs	r5, r5, #1
10004b20:	03f6      	lsls	r6, r6, #15
10004b22:	1b76      	subs	r6, r6, r5
10004b24:	b40c      	push	{r2, r3}
10004b26:	02cc      	lsls	r4, r1, #11
10004b28:	0d45      	lsrs	r5, r0, #21
10004b2a:	432c      	orrs	r4, r5
10004b2c:	b2a2      	uxth	r2, r4
10004b2e:	b2b3      	uxth	r3, r6
10004b30:	435a      	muls	r2, r3
10004b32:	0c27      	lsrs	r7, r4, #16
10004b34:	437b      	muls	r3, r7
10004b36:	0c35      	lsrs	r5, r6, #16
10004b38:	436f      	muls	r7, r5
10004b3a:	b2a4      	uxth	r4, r4
10004b3c:	436c      	muls	r4, r5
10004b3e:	191b      	adds	r3, r3, r4
10004b40:	d302      	bcc.n	10004b48 <l21_1>
10004b42:	2401      	movs	r4, #1
10004b44:	0424      	lsls	r4, r4, #16
10004b46:	193f      	adds	r7, r7, r4

10004b48 <l21_1>:
10004b48:	041c      	lsls	r4, r3, #16
10004b4a:	0c1d      	lsrs	r5, r3, #16
10004b4c:	18a4      	adds	r4, r4, r2
10004b4e:	417d      	adcs	r5, r7
10004b50:	1924      	adds	r4, r4, r4
10004b52:	416d      	adcs	r5, r5
10004b54:	9a00      	ldr	r2, [sp, #0]
10004b56:	b291      	uxth	r1, r2
10004b58:	b2ac      	uxth	r4, r5
10004b5a:	4361      	muls	r1, r4
10004b5c:	0c17      	lsrs	r7, r2, #16
10004b5e:	437c      	muls	r4, r7
10004b60:	0c2b      	lsrs	r3, r5, #16
10004b62:	435f      	muls	r7, r3
10004b64:	b292      	uxth	r2, r2
10004b66:	435a      	muls	r2, r3
10004b68:	18a4      	adds	r4, r4, r2
10004b6a:	d302      	bcc.n	10004b72 <l22_1>
10004b6c:	2201      	movs	r2, #1
10004b6e:	0412      	lsls	r2, r2, #16
10004b70:	18bf      	adds	r7, r7, r2

10004b72 <l22_1>:
10004b72:	0422      	lsls	r2, r4, #16
10004b74:	0c23      	lsrs	r3, r4, #16
10004b76:	1852      	adds	r2, r2, r1
10004b78:	417b      	adcs	r3, r7
10004b7a:	9c01      	ldr	r4, [sp, #4]
10004b7c:	436c      	muls	r4, r5
10004b7e:	191b      	adds	r3, r3, r4
10004b80:	0e52      	lsrs	r2, r2, #25
10004b82:	01d9      	lsls	r1, r3, #7
10004b84:	430a      	orrs	r2, r1
10004b86:	0144      	lsls	r4, r0, #5
10004b88:	1aa0      	subs	r0, r4, r2
10004b8a:	b281      	uxth	r1, r0
10004b8c:	b2b2      	uxth	r2, r6
10004b8e:	4351      	muls	r1, r2
10004b90:	1403      	asrs	r3, r0, #16
10004b92:	435a      	muls	r2, r3
10004b94:	0c36      	lsrs	r6, r6, #16
10004b96:	4373      	muls	r3, r6
10004b98:	b287      	uxth	r7, r0
10004b9a:	4377      	muls	r7, r6
10004b9c:	17d6      	asrs	r6, r2, #31
10004b9e:	19d2      	adds	r2, r2, r7
10004ba0:	2700      	movs	r7, #0
10004ba2:	417e      	adcs	r6, r7
10004ba4:	0436      	lsls	r6, r6, #16
10004ba6:	199b      	adds	r3, r3, r6
10004ba8:	0417      	lsls	r7, r2, #16
10004baa:	0c16      	lsrs	r6, r2, #16
10004bac:	187f      	adds	r7, r7, r1
10004bae:	415e      	adcs	r6, r3
10004bb0:	1673      	asrs	r3, r6, #25
10004bb2:	18ed      	adds	r5, r5, r3
10004bb4:	01f3      	lsls	r3, r6, #7
10004bb6:	2600      	movs	r6, #0
10004bb8:	3380      	adds	r3, #128	@ 0x80
10004bba:	4175      	adcs	r5, r6
10004bbc:	0fa9      	lsrs	r1, r5, #30
10004bbe:	d106      	bne.n	10004bce <dd_0>
10004bc0:	0064      	lsls	r4, r4, #1
10004bc2:	0a69      	lsrs	r1, r5, #9
10004bc4:	05e8      	lsls	r0, r5, #23
10004bc6:	0a5b      	lsrs	r3, r3, #9
10004bc8:	4318      	orrs	r0, r3
10004bca:	d209      	bcs.n	10004be0 <dd_1>
10004bcc:	e02f      	b.n	10004c2e <dd_2>

10004bce <dd_0>:
10004bce:	2204      	movs	r2, #4
10004bd0:	4494      	add	ip, r2
10004bd2:	3380      	adds	r3, #128	@ 0x80
10004bd4:	4175      	adcs	r5, r6
10004bd6:	0aa9      	lsrs	r1, r5, #10
10004bd8:	05a8      	lsls	r0, r5, #22
10004bda:	0a9b      	lsrs	r3, r3, #10
10004bdc:	4318      	orrs	r0, r3
10004bde:	d326      	bcc.n	10004c2e <dd_2>

10004be0 <dd_1>:
10004be0:	4140      	adcs	r0, r0
10004be2:	4149      	adcs	r1, r1
10004be4:	0424      	lsls	r4, r4, #16
10004be6:	9a00      	ldr	r2, [sp, #0]
10004be8:	9b01      	ldr	r3, [sp, #4]
10004bea:	000d      	movs	r5, r1
10004bec:	4355      	muls	r5, r2
10004bee:	1b64      	subs	r4, r4, r5
10004bf0:	4343      	muls	r3, r0
10004bf2:	1ae4      	subs	r4, r4, r3
10004bf4:	b295      	uxth	r5, r2
10004bf6:	b286      	uxth	r6, r0
10004bf8:	4375      	muls	r5, r6
10004bfa:	0c17      	lsrs	r7, r2, #16
10004bfc:	437e      	muls	r6, r7
10004bfe:	0c03      	lsrs	r3, r0, #16
10004c00:	435f      	muls	r7, r3
10004c02:	b292      	uxth	r2, r2
10004c04:	435a      	muls	r2, r3
10004c06:	18b6      	adds	r6, r6, r2
10004c08:	d302      	bcc.n	10004c10 <l24_1>
10004c0a:	2201      	movs	r2, #1
10004c0c:	0412      	lsls	r2, r2, #16
10004c0e:	18bf      	adds	r7, r7, r2

10004c10 <l24_1>:
10004c10:	0432      	lsls	r2, r6, #16
10004c12:	0c33      	lsrs	r3, r6, #16
10004c14:	1952      	adds	r2, r2, r5
10004c16:	417b      	adcs	r3, r7
10004c18:	4252      	negs	r2, r2
10004c1a:	419c      	sbcs	r4, r3
10004c1c:	2c00      	cmp	r4, #0
10004c1e:	d402      	bmi.n	10004c26 <l24_1+0x16>
10004c20:	2200      	movs	r2, #0
10004c22:	3001      	adds	r0, #1
10004c24:	4151      	adcs	r1, r2
10004c26:	0840      	lsrs	r0, r0, #1
10004c28:	07ca      	lsls	r2, r1, #31
10004c2a:	4310      	orrs	r0, r2
10004c2c:	0849      	lsrs	r1, r1, #1

10004c2e <dd_2>:
10004c2e:	b002      	add	sp, #8
10004c30:	4662      	mov	r2, ip
10004c32:	07d7      	lsls	r7, r2, #31
10004c34:	1092      	asrs	r2, r2, #2
10004c36:	4b08      	ldr	r3, [pc, #32]	@ (10004c58 <dd_4+0x6>)
10004c38:	18d2      	adds	r2, r2, r3
10004c3a:	4b08      	ldr	r3, [pc, #32]	@ (10004c5c <dd_4+0xa>)
10004c3c:	429a      	cmp	r2, r3
10004c3e:	d203      	bcs.n	10004c48 <dd_3>
10004c40:	0512      	lsls	r2, r2, #20
10004c42:	1889      	adds	r1, r1, r2

10004c44 <dd_5>:
10004c44:	19c9      	adds	r1, r1, r7
10004c46:	bdf0      	pop	{r4, r5, r6, r7, pc}

10004c48 <dd_3>:
10004c48:	2000      	movs	r0, #0
10004c4a:	2a00      	cmp	r2, #0
10004c4c:	dc01      	bgt.n	10004c52 <dd_4>
10004c4e:	0039      	movs	r1, r7
10004c50:	bdf0      	pop	{r4, r5, r6, r7, pc}

10004c52 <dd_4>:
10004c52:	3301      	adds	r3, #1
10004c54:	0519      	lsls	r1, r3, #20
10004c56:	e7f5      	b.n	10004c44 <dd_5>
10004c58:	000003fd 	.word	0x000003fd
10004c5c:	000007fe 	.word	0x000007fe

10004c60 <double2uint_shim>:
10004c60:	2200      	movs	r2, #0

10004c62 <double2ufix_shim>:
10004c62:	b500      	push	{lr}
10004c64:	3220      	adds	r2, #32
10004c66:	f000 f804 	bl	10004c72 <double2ufix64_shim>
10004c6a:	0008      	movs	r0, r1
10004c6c:	bd00      	pop	{pc}
	...

10004c70 <double2uint64_shim>:
10004c70:	2200      	movs	r2, #0

10004c72 <double2ufix64_shim>:
10004c72:	150b      	asrs	r3, r1, #20
10004c74:	d40a      	bmi.n	10004c8c <ret_dzero>

10004c76 <d2fix>:
10004c76:	b510      	push	{r4, lr}
10004c78:	4694      	mov	ip, r2
10004c7a:	f000 f85f 	bl	10004d3c <dunpacks>
10004c7e:	1414      	asrs	r4, r2, #16
10004c80:	3401      	adds	r4, #1
10004c82:	da00      	bge.n	10004c86 <d2fix+0x10>
10004c84:	2100      	movs	r1, #0
10004c86:	17cb      	asrs	r3, r1, #31
10004c88:	4c14      	ldr	r4, [pc, #80]	@ (10004cdc <d2fix_a+0x4a>)
10004c8a:	4720      	bx	r4

10004c8c <ret_dzero>:
10004c8c:	2000      	movs	r0, #0
10004c8e:	2100      	movs	r1, #0
10004c90:	4770      	bx	lr

10004c92 <d2fix_a>:
10004c92:	4462      	add	r2, ip
10004c94:	3a34      	subs	r2, #52	@ 0x34
10004c96:	d40c      	bmi.n	10004cb2 <d2fix_a+0x20>
10004c98:	2a0c      	cmp	r2, #12
10004c9a:	da07      	bge.n	10004cac <d2fix_a+0x1a>
10004c9c:	0004      	movs	r4, r0
10004c9e:	4091      	lsls	r1, r2
10004ca0:	4090      	lsls	r0, r2
10004ca2:	4252      	negs	r2, r2
10004ca4:	3220      	adds	r2, #32
10004ca6:	40d4      	lsrs	r4, r2
10004ca8:	4321      	orrs	r1, r4
10004caa:	bd10      	pop	{r4, pc}
10004cac:	43d8      	mvns	r0, r3
10004cae:	43d9      	mvns	r1, r3
10004cb0:	bd10      	pop	{r4, pc}
10004cb2:	3220      	adds	r2, #32
10004cb4:	d407      	bmi.n	10004cc6 <d2fix_a+0x34>
10004cb6:	460c      	mov	r4, r1
10004cb8:	4094      	lsls	r4, r2
10004cba:	4252      	negs	r2, r2
10004cbc:	3220      	adds	r2, #32
10004cbe:	4111      	asrs	r1, r2
10004cc0:	40d0      	lsrs	r0, r2
10004cc2:	4320      	orrs	r0, r4
10004cc4:	bd10      	pop	{r4, pc}
10004cc6:	0008      	movs	r0, r1
10004cc8:	17c9      	asrs	r1, r1, #31
10004cca:	3220      	adds	r2, #32
10004ccc:	d403      	bmi.n	10004cd6 <d2fix_a+0x44>
10004cce:	4252      	negs	r2, r2
10004cd0:	3220      	adds	r2, #32
10004cd2:	4110      	asrs	r0, r2
10004cd4:	bd10      	pop	{r4, pc}
10004cd6:	0018      	movs	r0, r3
10004cd8:	0019      	movs	r1, r3
10004cda:	bd10      	pop	{r4, pc}
10004cdc:	10004c93 	.word	0x10004c93

10004ce0 <double2float_shim>:
10004ce0:	004a      	lsls	r2, r1, #1
10004ce2:	0d52      	lsrs	r2, r2, #21
10004ce4:	4b14      	ldr	r3, [pc, #80]	@ (10004d38 <double2float_shim+0x58>)
10004ce6:	1ad2      	subs	r2, r2, r3
10004ce8:	dd13      	ble.n	10004d12 <double2float_shim+0x32>
10004cea:	2aff      	cmp	r2, #255	@ 0xff
10004cec:	da1e      	bge.n	10004d2c <double2float_shim+0x4c>
10004cee:	05d2      	lsls	r2, r2, #23
10004cf0:	0fcb      	lsrs	r3, r1, #31
10004cf2:	07db      	lsls	r3, r3, #31
10004cf4:	431a      	orrs	r2, r3
10004cf6:	00c3      	lsls	r3, r0, #3
10004cf8:	0f40      	lsrs	r0, r0, #29
10004cfa:	0309      	lsls	r1, r1, #12
10004cfc:	0a49      	lsrs	r1, r1, #9
10004cfe:	4308      	orrs	r0, r1
10004d00:	4310      	orrs	r0, r2
10004d02:	005b      	lsls	r3, r3, #1
10004d04:	d301      	bcc.n	10004d0a <double2float_shim+0x2a>
10004d06:	d001      	beq.n	10004d0c <double2float_shim+0x2c>
10004d08:	3001      	adds	r0, #1
10004d0a:	4770      	bx	lr
10004d0c:	0843      	lsrs	r3, r0, #1
10004d0e:	d2fb      	bcs.n	10004d08 <double2float_shim+0x28>
10004d10:	4770      	bx	lr
10004d12:	d002      	beq.n	10004d1a <double2float_shim+0x3a>
10004d14:	0fc8      	lsrs	r0, r1, #31
10004d16:	07c0      	lsls	r0, r0, #31
10004d18:	4770      	bx	lr
10004d1a:	030a      	lsls	r2, r1, #12
10004d1c:	1312      	asrs	r2, r2, #12
10004d1e:	3201      	adds	r2, #1
10004d20:	d1f8      	bne.n	10004d14 <double2float_shim+0x34>
10004d22:	0f42      	lsrs	r2, r0, #29
10004d24:	2a07      	cmp	r2, #7
10004d26:	d1f5      	bne.n	10004d14 <double2float_shim+0x34>
10004d28:	2201      	movs	r2, #1
10004d2a:	e000      	b.n	10004d2e <double2float_shim+0x4e>
10004d2c:	22ff      	movs	r2, #255	@ 0xff
10004d2e:	0fc8      	lsrs	r0, r1, #31
10004d30:	0200      	lsls	r0, r0, #8
10004d32:	1880      	adds	r0, r0, r2
10004d34:	05c0      	lsls	r0, r0, #23
10004d36:	4770      	bx	lr
10004d38:	00000380 	.word	0x00000380

10004d3c <dunpacks>:
10004d3c:	0d0a      	lsrs	r2, r1, #20
10004d3e:	0fcc      	lsrs	r4, r1, #31
10004d40:	1e53      	subs	r3, r2, #1
10004d42:	051b      	lsls	r3, r3, #20
10004d44:	1ac9      	subs	r1, r1, r3
10004d46:	0552      	lsls	r2, r2, #21
10004d48:	d303      	bcc.n	10004d52 <l60_1>
10004d4a:	43c9      	mvns	r1, r1
10004d4c:	4240      	negs	r0, r0
10004d4e:	d300      	bcc.n	10004d52 <l60_1>
10004d50:	3101      	adds	r1, #1

10004d52 <l60_1>:
10004d52:	0d52      	lsrs	r2, r2, #21
10004d54:	d003      	beq.n	10004d5e <l60_2>
10004d56:	1c53      	adds	r3, r2, #1
10004d58:	0adb      	lsrs	r3, r3, #11
10004d5a:	d007      	beq.n	10004d6c <l60_3>
10004d5c:	1b12      	subs	r2, r2, r4

10004d5e <l60_2>:
10004d5e:	2000      	movs	r0, #0
10004d60:	0064      	lsls	r4, r4, #1
10004d62:	1c61      	adds	r1, r4, #1
10004d64:	0789      	lsls	r1, r1, #30
10004d66:	1289      	asrs	r1, r1, #10
10004d68:	3a80      	subs	r2, #128	@ 0x80
10004d6a:	0312      	lsls	r2, r2, #12

10004d6c <l60_3>:
10004d6c:	4b01      	ldr	r3, [pc, #4]	@ (10004d74 <l60_3+0x8>)
10004d6e:	1ad2      	subs	r2, r2, r3
10004d70:	4770      	bx	lr
10004d72:	0000      	.short	0x0000
10004d74:	000003ff 	.word	0x000003ff

10004d78 <__wrap___aeabi_lmul>:
10004d78:	4351      	muls	r1, r2
10004d7a:	4343      	muls	r3, r0
10004d7c:	18c9      	adds	r1, r1, r3
10004d7e:	468c      	mov	ip, r1
10004d80:	0c11      	lsrs	r1, r2, #16
10004d82:	b283      	uxth	r3, r0
10004d84:	434b      	muls	r3, r1
10004d86:	b410      	push	{r4}
10004d88:	0c04      	lsrs	r4, r0, #16
10004d8a:	4361      	muls	r1, r4
10004d8c:	b292      	uxth	r2, r2
10004d8e:	b280      	uxth	r0, r0
10004d90:	4350      	muls	r0, r2
10004d92:	4362      	muls	r2, r4
10004d94:	041c      	lsls	r4, r3, #16
10004d96:	0c1b      	lsrs	r3, r3, #16
10004d98:	1900      	adds	r0, r0, r4
10004d9a:	bc10      	pop	{r4}
10004d9c:	4159      	adcs	r1, r3
10004d9e:	0413      	lsls	r3, r2, #16
10004da0:	0c12      	lsrs	r2, r2, #16
10004da2:	18c0      	adds	r0, r0, r3
10004da4:	4151      	adcs	r1, r2
10004da6:	4461      	add	r1, ip
10004da8:	4770      	bx	lr
	...

10004dac <__wrap___aeabi_frsub>:
10004dac:	4048      	eors	r0, r1
10004dae:	4041      	eors	r1, r0
10004db0:	4048      	eors	r0, r1

10004db2 <__wrap___aeabi_fsub>:
10004db2:	4b0e      	ldr	r3, [pc, #56]	@ (10004dec <__wrap___aeabi_fmul+0x6>)
10004db4:	685b      	ldr	r3, [r3, #4]
10004db6:	4718      	bx	r3

10004db8 <__wrap___aeabi_fadd>:
10004db8:	4b0c      	ldr	r3, [pc, #48]	@ (10004dec <__wrap___aeabi_fmul+0x6>)
10004dba:	681b      	ldr	r3, [r3, #0]
10004dbc:	4718      	bx	r3

10004dbe <__wrap___aeabi_fdiv>:
10004dbe:	4a0c      	ldr	r2, [pc, #48]	@ (10004df0 <__wrap___aeabi_fmul+0xa>)
10004dc0:	6f93      	ldr	r3, [r2, #120]	@ 0x78
10004dc2:	089b      	lsrs	r3, r3, #2
10004dc4:	d202      	bcs.n	10004dcc <fdiv_save_state>

10004dc6 <fdiv_shim_call>:
10004dc6:	4b09      	ldr	r3, [pc, #36]	@ (10004dec <__wrap___aeabi_fmul+0x6>)
10004dc8:	68db      	ldr	r3, [r3, #12]
10004dca:	4718      	bx	r3

10004dcc <fdiv_save_state>:
10004dcc:	b5f0      	push	{r4, r5, r6, r7, lr}
10004dce:	6e14      	ldr	r4, [r2, #96]	@ 0x60
10004dd0:	6e55      	ldr	r5, [r2, #100]	@ 0x64
10004dd2:	6f57      	ldr	r7, [r2, #116]	@ 0x74
10004dd4:	6f16      	ldr	r6, [r2, #112]	@ 0x70
10004dd6:	f7ff fff6 	bl	10004dc6 <fdiv_shim_call>
10004dda:	4a05      	ldr	r2, [pc, #20]	@ (10004df0 <__wrap___aeabi_fmul+0xa>)
10004ddc:	6614      	str	r4, [r2, #96]	@ 0x60
10004dde:	6655      	str	r5, [r2, #100]	@ 0x64
10004de0:	6757      	str	r7, [r2, #116]	@ 0x74
10004de2:	6716      	str	r6, [r2, #112]	@ 0x70
10004de4:	bdf0      	pop	{r4, r5, r6, r7, pc}

10004de6 <__wrap___aeabi_fmul>:
10004de6:	4b01      	ldr	r3, [pc, #4]	@ (10004dec <__wrap___aeabi_fmul+0x6>)
10004de8:	689b      	ldr	r3, [r3, #8]
10004dea:	4718      	bx	r3
10004dec:	200013b8 	.word	0x200013b8
10004df0:	d0000000 	.word	0xd0000000

10004df4 <__wrap___aeabi_cfrcmple>:
10004df4:	b507      	push	{r0, r1, r2, lr}
10004df6:	4048      	eors	r0, r1
10004df8:	4041      	eors	r1, r0
10004dfa:	4048      	eors	r0, r1
10004dfc:	e001      	b.n	10004e02 <__aeabi_cfcmple_guts>
10004dfe:	46c0      	nop			@ (mov r8, r8)

10004e00 <__wrap___aeabi_cfcmpeq>:
10004e00:	b507      	push	{r0, r1, r2, lr}

10004e02 <__aeabi_cfcmple_guts>:
10004e02:	0042      	lsls	r2, r0, #1
10004e04:	0e12      	lsrs	r2, r2, #24
10004e06:	d003      	beq.n	10004e10 <__aeabi_cfcmple_guts+0xe>
10004e08:	2aff      	cmp	r2, #255	@ 0xff
10004e0a:	d103      	bne.n	10004e14 <__aeabi_cfcmple_guts+0x12>
10004e0c:	0242      	lsls	r2, r0, #9
10004e0e:	d818      	bhi.n	10004e42 <__aeabi_cfcmple_guts+0x40>
10004e10:	0dc0      	lsrs	r0, r0, #23
10004e12:	05c0      	lsls	r0, r0, #23
10004e14:	004a      	lsls	r2, r1, #1
10004e16:	0e12      	lsrs	r2, r2, #24
10004e18:	d003      	beq.n	10004e22 <__aeabi_cfcmple_guts+0x20>
10004e1a:	2aff      	cmp	r2, #255	@ 0xff
10004e1c:	d103      	bne.n	10004e26 <__aeabi_cfcmple_guts+0x24>
10004e1e:	024a      	lsls	r2, r1, #9
10004e20:	d80f      	bhi.n	10004e42 <__aeabi_cfcmple_guts+0x40>
10004e22:	0dc9      	lsrs	r1, r1, #23
10004e24:	05c9      	lsls	r1, r1, #23
10004e26:	2201      	movs	r2, #1
10004e28:	4041      	eors	r1, r0
10004e2a:	d405      	bmi.n	10004e38 <__aeabi_cfcmple_guts+0x36>
10004e2c:	4041      	eors	r1, r0
10004e2e:	d501      	bpl.n	10004e34 <__aeabi_cfcmple_guts+0x32>
10004e30:	4281      	cmp	r1, r0
10004e32:	bd07      	pop	{r0, r1, r2, pc}
10004e34:	4288      	cmp	r0, r1
10004e36:	bd07      	pop	{r0, r1, r2, pc}
10004e38:	4301      	orrs	r1, r0
10004e3a:	1849      	adds	r1, r1, r1
10004e3c:	d001      	beq.n	10004e42 <__aeabi_cfcmple_guts+0x40>
10004e3e:	43c0      	mvns	r0, r0
10004e40:	1800      	adds	r0, r0, r0
10004e42:	bd07      	pop	{r0, r1, r2, pc}

10004e44 <__wrap___aeabi_fcmplt>:
10004e44:	b500      	push	{lr}
10004e46:	f7ff ffdb 	bl	10004e00 <__wrap___aeabi_cfcmpeq>
10004e4a:	4180      	sbcs	r0, r0
10004e4c:	bd00      	pop	{pc}
10004e4e:	46c0      	nop			@ (mov r8, r8)

10004e50 <__wrap___aeabi_fcmpge>:
10004e50:	b500      	push	{lr}
10004e52:	f7ff ffcf 	bl	10004df4 <__wrap___aeabi_cfrcmple>
10004e56:	d901      	bls.n	10004e5c <__wrap___aeabi_fcmpge+0xc>
10004e58:	2000      	movs	r0, #0
10004e5a:	bd00      	pop	{pc}
10004e5c:	2001      	movs	r0, #1
10004e5e:	bd00      	pop	{pc}

10004e60 <__wrap___aeabi_fcmpgt>:
10004e60:	b500      	push	{lr}
10004e62:	f7ff ffc7 	bl	10004df4 <__wrap___aeabi_cfrcmple>
10004e66:	4180      	sbcs	r0, r0
10004e68:	bd00      	pop	{pc}

10004e6a <__wrap___aeabi_ui2f>:
10004e6a:	1a49      	subs	r1, r1, r1
10004e6c:	2800      	cmp	r0, #0
10004e6e:	d107      	bne.n	10004e80 <__aeabi_i2f_main>
10004e70:	4608      	mov	r0, r1
10004e72:	4770      	bx	lr

10004e74 <__wrap___aeabi_i2f>:
10004e74:	0fc1      	lsrs	r1, r0, #31
10004e76:	07c9      	lsls	r1, r1, #31
10004e78:	d500      	bpl.n	10004e7c <__wrap___aeabi_i2f+0x8>
10004e7a:	4240      	negs	r0, r0
10004e7c:	2800      	cmp	r0, #0
10004e7e:	d017      	beq.n	10004eb0 <__aeabi_i2f_main+0x30>

10004e80 <__aeabi_i2f_main>:
10004e80:	46f4      	mov	ip, lr
10004e82:	b403      	push	{r0, r1}
10004e84:	4b0b      	ldr	r3, [pc, #44]	@ (10004eb4 <__aeabi_i2f_main+0x34>)
10004e86:	681b      	ldr	r3, [r3, #0]
10004e88:	4798      	blx	r3
10004e8a:	bc06      	pop	{r1, r2}
10004e8c:	4081      	lsls	r1, r0
10004e8e:	389e      	subs	r0, #158	@ 0x9e
10004e90:	4240      	negs	r0, r0
10004e92:	3180      	adds	r1, #128	@ 0x80
10004e94:	d207      	bcs.n	10004ea6 <__aeabi_i2f_main+0x26>
10004e96:	060b      	lsls	r3, r1, #24
10004e98:	d007      	beq.n	10004eaa <__aeabi_i2f_main+0x2a>
10004e9a:	0049      	lsls	r1, r1, #1
10004e9c:	0a49      	lsrs	r1, r1, #9
10004e9e:	05c0      	lsls	r0, r0, #23
10004ea0:	4310      	orrs	r0, r2
10004ea2:	4308      	orrs	r0, r1
10004ea4:	4760      	bx	ip
10004ea6:	3001      	adds	r0, #1
10004ea8:	e7f8      	b.n	10004e9c <__aeabi_i2f_main+0x1c>
10004eaa:	0a49      	lsrs	r1, r1, #9
10004eac:	0289      	lsls	r1, r1, #10
10004eae:	e7f5      	b.n	10004e9c <__aeabi_i2f_main+0x1c>
10004eb0:	4770      	bx	lr
10004eb2:	0000      	.short	0x0000
10004eb4:	2000bf30 	.word	0x2000bf30

10004eb8 <__wrap___aeabi_f2iz>:
10004eb8:	0041      	lsls	r1, r0, #1
10004eba:	0e0a      	lsrs	r2, r1, #24
10004ebc:	2380      	movs	r3, #128	@ 0x80
10004ebe:	061b      	lsls	r3, r3, #24
10004ec0:	2a7e      	cmp	r2, #126	@ 0x7e
10004ec2:	dd0b      	ble.n	10004edc <__wrap___aeabi_f2iz+0x24>
10004ec4:	3a9e      	subs	r2, #158	@ 0x9e
10004ec6:	da0b      	bge.n	10004ee0 <__wrap___aeabi_f2iz+0x28>
10004ec8:	17c1      	asrs	r1, r0, #31
10004eca:	0240      	lsls	r0, r0, #9
10004ecc:	0840      	lsrs	r0, r0, #1
10004ece:	4318      	orrs	r0, r3
10004ed0:	4252      	negs	r2, r2
10004ed2:	40d0      	lsrs	r0, r2
10004ed4:	0049      	lsls	r1, r1, #1
10004ed6:	3101      	adds	r1, #1
10004ed8:	4348      	muls	r0, r1
10004eda:	4770      	bx	lr
10004edc:	2000      	movs	r0, #0
10004ede:	4770      	bx	lr
10004ee0:	0fc0      	lsrs	r0, r0, #31
10004ee2:	18c0      	adds	r0, r0, r3
10004ee4:	3801      	subs	r0, #1
10004ee6:	4770      	bx	lr
10004ee8:	42c0      	cmn	r0, r0
10004eea:	d30d      	bcc.n	10004f08 <float2int>
10004eec:	b500      	push	{lr}
10004eee:	0040      	lsls	r0, r0, #1
10004ef0:	0840      	lsrs	r0, r0, #1
10004ef2:	2100      	movs	r1, #0
10004ef4:	f000 f812 	bl	10004f1c <__wrap___aeabi_f2uiz>
10004ef8:	2800      	cmp	r0, #0
10004efa:	d401      	bmi.n	10004f00 <__wrap___aeabi_f2iz+0x48>
10004efc:	4240      	negs	r0, r0
10004efe:	bd00      	pop	{pc}
10004f00:	2080      	movs	r0, #128	@ 0x80
10004f02:	0600      	lsls	r0, r0, #24
10004f04:	bd00      	pop	{pc}
	...

10004f08 <float2int>:
10004f08:	4b03      	ldr	r3, [pc, #12]	@ (10004f18 <float2int+0x10>)
10004f0a:	69db      	ldr	r3, [r3, #28]
10004f0c:	46fc      	mov	ip, pc
10004f0e:	4718      	bx	r3
10004f10:	4fcddf1c 	.word	0x4fcddf1c
10004f14:	00001000 	.word	0x00001000
10004f18:	200013b8 	.word	0x200013b8

10004f1c <__wrap___aeabi_f2uiz>:
10004f1c:	4b01      	ldr	r3, [pc, #4]	@ (10004f24 <__wrap___aeabi_f2uiz+0x8>)
10004f1e:	6a5b      	ldr	r3, [r3, #36]	@ 0x24
10004f20:	4718      	bx	r3
10004f22:	0000      	.short	0x0000
10004f24:	200013b8 	.word	0x200013b8

10004f28 <__wrap___aeabi_f2d>:
10004f28:	4b03      	ldr	r3, [pc, #12]	@ (10004f38 <__wrap___aeabi_f2d+0x10>)
10004f2a:	6fdb      	ldr	r3, [r3, #124]	@ 0x7c
10004f2c:	46fc      	mov	ip, pc
10004f2e:	4718      	bx	r3
10004f30:	4fe5df7c 	.word	0x4fe5df7c
10004f34:	00001000 	.word	0x00001000
10004f38:	200013b8 	.word	0x200013b8

10004f3c <__aeabi_float_init>:
10004f3c:	2313      	movs	r3, #19
10004f3e:	b510      	push	{r4, lr}
10004f40:	4812      	ldr	r0, [pc, #72]	@ (10004f8c <__aeabi_float_init+0x50>)
10004f42:	781c      	ldrb	r4, [r3, #0]
10004f44:	f7fe ff16 	bl	10003d74 <rom_data_lookup>
10004f48:	0001      	movs	r1, r0
10004f4a:	2c01      	cmp	r4, #1
10004f4c:	d00a      	beq.n	10004f64 <__aeabi_float_init+0x28>
10004f4e:	dd03      	ble.n	10004f58 <__aeabi_float_init+0x1c>
10004f50:	2280      	movs	r2, #128	@ 0x80
10004f52:	480f      	ldr	r0, [pc, #60]	@ (10004f90 <__aeabi_float_init+0x54>)
10004f54:	f000 f86c 	bl	10005030 <__wrap___aeabi_memcpy>
10004f58:	480e      	ldr	r0, [pc, #56]	@ (10004f94 <__aeabi_float_init+0x58>)
10004f5a:	f7fe ff03 	bl	10003d64 <rom_func_lookup>
10004f5e:	4b0e      	ldr	r3, [pc, #56]	@ (10004f98 <__aeabi_float_init+0x5c>)
10004f60:	6018      	str	r0, [r3, #0]
10004f62:	bd10      	pop	{r4, pc}
10004f64:	4c0a      	ldr	r4, [pc, #40]	@ (10004f90 <__aeabi_float_init+0x54>)
10004f66:	2254      	movs	r2, #84	@ 0x54
10004f68:	0020      	movs	r0, r4
10004f6a:	f000 f861 	bl	10005030 <__wrap___aeabi_memcpy>
10004f6e:	4b0b      	ldr	r3, [pc, #44]	@ (10004f9c <__aeabi_float_init+0x60>)
10004f70:	6563      	str	r3, [r4, #84]	@ 0x54
10004f72:	65a3      	str	r3, [r4, #88]	@ 0x58
10004f74:	65e3      	str	r3, [r4, #92]	@ 0x5c
10004f76:	6623      	str	r3, [r4, #96]	@ 0x60
10004f78:	6663      	str	r3, [r4, #100]	@ 0x64
10004f7a:	66a3      	str	r3, [r4, #104]	@ 0x68
10004f7c:	66e3      	str	r3, [r4, #108]	@ 0x6c
10004f7e:	6723      	str	r3, [r4, #112]	@ 0x70
10004f80:	6763      	str	r3, [r4, #116]	@ 0x74
10004f82:	67a3      	str	r3, [r4, #120]	@ 0x78
10004f84:	67e3      	str	r3, [r4, #124]	@ 0x7c
10004f86:	6223      	str	r3, [r4, #32]
10004f88:	61e3      	str	r3, [r4, #28]
10004f8a:	e7e5      	b.n	10004f58 <__aeabi_float_init+0x1c>
10004f8c:	00004653 	.word	0x00004653
10004f90:	200013b8 	.word	0x200013b8
10004f94:	0000334c 	.word	0x0000334c
10004f98:	2000bf30 	.word	0x2000bf30
10004f9c:	10004fa1 	.word	0x10004fa1

10004fa0 <float_table_shim_on_use_helper>:
10004fa0:	b507      	push	{r0, r1, r2, lr}
10004fa2:	4660      	mov	r0, ip
10004fa4:	8801      	ldrh	r1, [r0, #0]
10004fa6:	0a0a      	lsrs	r2, r1, #8
10004fa8:	3002      	adds	r0, #2
10004faa:	2adf      	cmp	r2, #223	@ 0xdf
10004fac:	d1fa      	bne.n	10004fa4 <float_table_shim_on_use_helper+0x4>
10004fae:	b2c9      	uxtb	r1, r1
10004fb0:	0882      	lsrs	r2, r0, #2
10004fb2:	d304      	bcc.n	10004fbe <float_table_shim_on_use_helper+0x1e>
10004fb4:	8802      	ldrh	r2, [r0, #0]
10004fb6:	8840      	ldrh	r0, [r0, #2]
10004fb8:	0400      	lsls	r0, r0, #16
10004fba:	4310      	orrs	r0, r2
10004fbc:	e000      	b.n	10004fc0 <float_table_shim_on_use_helper+0x20>
10004fbe:	6800      	ldr	r0, [r0, #0]
10004fc0:	4a01      	ldr	r2, [pc, #4]	@ (10004fc8 <float_table_shim_on_use_helper+0x28>)
10004fc2:	5050      	str	r0, [r2, r1]
10004fc4:	9003      	str	r0, [sp, #12]
10004fc6:	bd07      	pop	{r0, r1, r2, pc}
10004fc8:	200013b8 	.word	0x200013b8

10004fcc <float2int_shim>:
10004fcc:	2100      	movs	r1, #0

10004fce <float2fix_shim>:
10004fce:	15c2      	asrs	r2, r0, #23
10004fd0:	3280      	adds	r2, #128	@ 0x80
10004fd2:	3280      	adds	r2, #128	@ 0x80
10004fd4:	d001      	beq.n	10004fda <float2fix_shim+0xc>
10004fd6:	4a02      	ldr	r2, [pc, #8]	@ (10004fe0 <float2fix_shim+0x12>)
10004fd8:	4710      	bx	r2
10004fda:	2000      	movs	r0, #0
10004fdc:	4770      	bx	lr
10004fde:	0000      	.short	0x0000
10004fe0:	00002acd 	.word	0x00002acd

10004fe4 <float2double_shim>:
10004fe4:	0fc3      	lsrs	r3, r0, #31
10004fe6:	07db      	lsls	r3, r3, #31
10004fe8:	0041      	lsls	r1, r0, #1
10004fea:	0e0a      	lsrs	r2, r1, #24
10004fec:	d007      	beq.n	10004ffe <float2double_shim+0x1a>
10004fee:	2aff      	cmp	r2, #255	@ 0xff
10004ff0:	d008      	beq.n	10005004 <float2double_shim+0x20>
10004ff2:	0909      	lsrs	r1, r1, #4
10004ff4:	4a05      	ldr	r2, [pc, #20]	@ (1000500c <float2double_shim+0x28>)
10004ff6:	1889      	adds	r1, r1, r2
10004ff8:	4319      	orrs	r1, r3
10004ffa:	0740      	lsls	r0, r0, #29
10004ffc:	4770      	bx	lr
10004ffe:	0019      	movs	r1, r3
10005000:	2000      	movs	r0, #0
10005002:	4770      	bx	lr
10005004:	4902      	ldr	r1, [pc, #8]	@ (10005010 <float2double_shim+0x2c>)
10005006:	18c9      	adds	r1, r1, r3
10005008:	e7fa      	b.n	10005000 <float2double_shim+0x1c>
1000500a:	0000      	.short	0x0000
1000500c:	38000000 	.word	0x38000000
10005010:	7ff00000 	.word	0x7ff00000

10005014 <__aeabi_mem_init>:
10005014:	4801      	ldr	r0, [pc, #4]	@ (1000501c <__aeabi_mem_init+0x8>)
10005016:	2104      	movs	r1, #4
10005018:	4b01      	ldr	r3, [pc, #4]	@ (10005020 <__aeabi_mem_init+0xc>)
1000501a:	4718      	bx	r3
1000501c:	200010e0 	.word	0x200010e0
10005020:	10003d85 	.word	0x10003d85

10005024 <__wrap_memset>:
10005024:	4b01      	ldr	r3, [pc, #4]	@ (1000502c <__wrap_memset+0x8>)
10005026:	681b      	ldr	r3, [r3, #0]
10005028:	4718      	bx	r3
1000502a:	0000      	.short	0x0000
1000502c:	200010e0 	.word	0x200010e0

10005030 <__wrap___aeabi_memcpy>:
10005030:	4b01      	ldr	r3, [pc, #4]	@ (10005038 <__wrap___aeabi_memcpy+0x8>)
10005032:	685b      	ldr	r3, [r3, #4]
10005034:	4718      	bx	r3
10005036:	0000      	.short	0x0000
10005038:	200010e0 	.word	0x200010e0

1000503c <_out_buffer>:
1000503c:	429a      	cmp	r2, r3
1000503e:	d200      	bcs.n	10005042 <_out_buffer+0x6>
10005040:	5488      	strb	r0, [r1, r2]
10005042:	4770      	bx	lr

10005044 <_out_null>:
10005044:	4770      	bx	lr
10005046:	46c0      	nop			@ (mov r8, r8)

10005048 <_out_rev>:
10005048:	b5f8      	push	{r3, r4, r5, r6, r7, lr}
1000504a:	4657      	mov	r7, sl
1000504c:	46de      	mov	lr, fp
1000504e:	464e      	mov	r6, r9
10005050:	4645      	mov	r5, r8
10005052:	b5e0      	push	{r5, r6, r7, lr}
10005054:	4699      	mov	r9, r3
10005056:	9b0a      	ldr	r3, [sp, #40]	@ 0x28
10005058:	0007      	movs	r7, r0
1000505a:	469a      	mov	sl, r3
1000505c:	9b0d      	ldr	r3, [sp, #52]	@ 0x34
1000505e:	4688      	mov	r8, r1
10005060:	4693      	mov	fp, r2
10005062:	9c0b      	ldr	r4, [sp, #44]	@ 0x2c
10005064:	079b      	lsls	r3, r3, #30
10005066:	d13b      	bne.n	100050e0 <_out_rev+0x98>
10005068:	9b0c      	ldr	r3, [sp, #48]	@ 0x30
1000506a:	429c      	cmp	r4, r3
1000506c:	d23d      	bcs.n	100050ea <_out_rev+0xa2>
1000506e:	1b1e      	subs	r6, r3, r4
10005070:	940b      	str	r4, [sp, #44]	@ 0x2c
10005072:	0015      	movs	r5, r2
10005074:	000c      	movs	r4, r1
10005076:	445e      	add	r6, fp
10005078:	002a      	movs	r2, r5
1000507a:	464b      	mov	r3, r9
1000507c:	3501      	adds	r5, #1
1000507e:	0021      	movs	r1, r4
10005080:	2020      	movs	r0, #32
10005082:	47b8      	blx	r7
10005084:	42b5      	cmp	r5, r6
10005086:	d1f7      	bne.n	10005078 <_out_rev+0x30>
10005088:	46a0      	mov	r8, r4
1000508a:	9c0b      	ldr	r4, [sp, #44]	@ 0x2c
1000508c:	2c00      	cmp	r4, #0
1000508e:	d020      	beq.n	100050d2 <_out_rev+0x8a>
10005090:	4645      	mov	r5, r8
10005092:	1936      	adds	r6, r6, r4
10005094:	4653      	mov	r3, sl
10005096:	1b32      	subs	r2, r6, r4
10005098:	3c01      	subs	r4, #1
1000509a:	5d18      	ldrb	r0, [r3, r4]
1000509c:	0029      	movs	r1, r5
1000509e:	464b      	mov	r3, r9
100050a0:	47b8      	blx	r7
100050a2:	2c00      	cmp	r4, #0
100050a4:	d1f6      	bne.n	10005094 <_out_rev+0x4c>
100050a6:	002b      	movs	r3, r5
100050a8:	0035      	movs	r5, r6
100050aa:	4698      	mov	r8, r3
100050ac:	9b0d      	ldr	r3, [sp, #52]	@ 0x34
100050ae:	079b      	lsls	r3, r3, #30
100050b0:	d50f      	bpl.n	100050d2 <_out_rev+0x8a>
100050b2:	465b      	mov	r3, fp
100050b4:	1aec      	subs	r4, r5, r3
100050b6:	9b0c      	ldr	r3, [sp, #48]	@ 0x30
100050b8:	42a3      	cmp	r3, r4
100050ba:	d90a      	bls.n	100050d2 <_out_rev+0x8a>
100050bc:	4646      	mov	r6, r8
100050be:	4698      	mov	r8, r3
100050c0:	002a      	movs	r2, r5
100050c2:	464b      	mov	r3, r9
100050c4:	0031      	movs	r1, r6
100050c6:	2020      	movs	r0, #32
100050c8:	3401      	adds	r4, #1
100050ca:	47b8      	blx	r7
100050cc:	3501      	adds	r5, #1
100050ce:	4544      	cmp	r4, r8
100050d0:	d3f6      	bcc.n	100050c0 <_out_rev+0x78>
100050d2:	0028      	movs	r0, r5
100050d4:	bcf0      	pop	{r4, r5, r6, r7}
100050d6:	46bb      	mov	fp, r7
100050d8:	46b2      	mov	sl, r6
100050da:	46a9      	mov	r9, r5
100050dc:	46a0      	mov	r8, r4
100050de:	bdf8      	pop	{r3, r4, r5, r6, r7, pc}
100050e0:	0016      	movs	r6, r2
100050e2:	0015      	movs	r5, r2
100050e4:	2c00      	cmp	r4, #0
100050e6:	d1d3      	bne.n	10005090 <_out_rev+0x48>
100050e8:	e7e0      	b.n	100050ac <_out_rev+0x64>
100050ea:	0016      	movs	r6, r2
100050ec:	0015      	movs	r5, r2
100050ee:	2c00      	cmp	r4, #0
100050f0:	d1ce      	bne.n	10005090 <_out_rev+0x48>
100050f2:	e7ee      	b.n	100050d2 <_out_rev+0x8a>

100050f4 <_ntoa_format>:
100050f4:	b5f0      	push	{r4, r5, r6, r7, lr}
100050f6:	4645      	mov	r5, r8
100050f8:	46de      	mov	lr, fp
100050fa:	4657      	mov	r7, sl
100050fc:	464e      	mov	r6, r9
100050fe:	b5e0      	push	{r5, r6, r7, lr}
10005100:	b085      	sub	sp, #20
10005102:	469c      	mov	ip, r3
10005104:	ab10      	add	r3, sp, #64	@ 0x40
10005106:	781b      	ldrb	r3, [r3, #0]
10005108:	9f14      	ldr	r7, [sp, #80]	@ 0x50
1000510a:	4693      	mov	fp, r2
1000510c:	4698      	mov	r8, r3
1000510e:	9c0f      	ldr	r4, [sp, #60]	@ 0x3c
10005110:	9e12      	ldr	r6, [sp, #72]	@ 0x48
10005112:	9d13      	ldr	r5, [sp, #76]	@ 0x4c
10005114:	07bb      	lsls	r3, r7, #30
10005116:	d44c      	bmi.n	100051b2 <_ntoa_format+0xbe>
10005118:	2d00      	cmp	r5, #0
1000511a:	d142      	bne.n	100051a2 <_ntoa_format+0xae>
1000511c:	42b4      	cmp	r4, r6
1000511e:	d248      	bcs.n	100051b2 <_ntoa_format+0xbe>
10005120:	2301      	movs	r3, #1
10005122:	403b      	ands	r3, r7
10005124:	4699      	mov	r9, r3
10005126:	9b0e      	ldr	r3, [sp, #56]	@ 0x38
10005128:	3b01      	subs	r3, #1
1000512a:	469a      	mov	sl, r3
1000512c:	2330      	movs	r3, #48	@ 0x30
1000512e:	e004      	b.n	1000513a <_ntoa_format+0x46>
10005130:	4652      	mov	r2, sl
10005132:	3401      	adds	r4, #1
10005134:	5513      	strb	r3, [r2, r4]
10005136:	42a6      	cmp	r6, r4
10005138:	d901      	bls.n	1000513e <_ntoa_format+0x4a>
1000513a:	2c20      	cmp	r4, #32
1000513c:	d1f8      	bne.n	10005130 <_ntoa_format+0x3c>
1000513e:	464b      	mov	r3, r9
10005140:	2b00      	cmp	r3, #0
10005142:	d100      	bne.n	10005146 <_ntoa_format+0x52>
10005144:	e083      	b.n	1000524e <_ntoa_format+0x15a>
10005146:	9b0e      	ldr	r3, [sp, #56]	@ 0x38
10005148:	3b01      	subs	r3, #1
1000514a:	4699      	mov	r9, r3
1000514c:	2330      	movs	r3, #48	@ 0x30
1000514e:	42a5      	cmp	r5, r4
10005150:	d805      	bhi.n	1000515e <_ntoa_format+0x6a>
10005152:	e02e      	b.n	100051b2 <_ntoa_format+0xbe>
10005154:	464a      	mov	r2, r9
10005156:	3401      	adds	r4, #1
10005158:	5513      	strb	r3, [r2, r4]
1000515a:	42ac      	cmp	r4, r5
1000515c:	d029      	beq.n	100051b2 <_ntoa_format+0xbe>
1000515e:	2c20      	cmp	r4, #32
10005160:	d1f8      	bne.n	10005154 <_ntoa_format+0x60>
10005162:	06fb      	lsls	r3, r7, #27
10005164:	d50c      	bpl.n	10005180 <_ntoa_format+0x8c>
10005166:	057b      	lsls	r3, r7, #21
10005168:	d454      	bmi.n	10005214 <_ntoa_format+0x120>
1000516a:	42a6      	cmp	r6, r4
1000516c:	d063      	beq.n	10005236 <_ntoa_format+0x142>
1000516e:	42a5      	cmp	r5, r4
10005170:	d061      	beq.n	10005236 <_ntoa_format+0x142>
10005172:	9b11      	ldr	r3, [sp, #68]	@ 0x44
10005174:	2b10      	cmp	r3, #16
10005176:	d050      	beq.n	1000521a <_ntoa_format+0x126>
10005178:	2b02      	cmp	r3, #2
1000517a:	d057      	beq.n	1000522c <_ntoa_format+0x138>
1000517c:	2c20      	cmp	r4, #32
1000517e:	d132      	bne.n	100051e6 <_ntoa_format+0xf2>
10005180:	2320      	movs	r3, #32
10005182:	9301      	str	r3, [sp, #4]
10005184:	9b0e      	ldr	r3, [sp, #56]	@ 0x38
10005186:	465a      	mov	r2, fp
10005188:	9300      	str	r3, [sp, #0]
1000518a:	9703      	str	r7, [sp, #12]
1000518c:	4663      	mov	r3, ip
1000518e:	9502      	str	r5, [sp, #8]
10005190:	f7ff ff5a 	bl	10005048 <_out_rev>
10005194:	b005      	add	sp, #20
10005196:	bcf0      	pop	{r4, r5, r6, r7}
10005198:	46bb      	mov	fp, r7
1000519a:	46b2      	mov	sl, r6
1000519c:	46a9      	mov	r9, r5
1000519e:	46a0      	mov	r8, r4
100051a0:	bdf0      	pop	{r4, r5, r6, r7, pc}
100051a2:	2301      	movs	r3, #1
100051a4:	403b      	ands	r3, r7
100051a6:	4699      	mov	r9, r3
100051a8:	2301      	movs	r3, #1
100051aa:	423b      	tst	r3, r7
100051ac:	d12a      	bne.n	10005204 <_ntoa_format+0x110>
100051ae:	42b4      	cmp	r4, r6
100051b0:	d3b9      	bcc.n	10005126 <_ntoa_format+0x32>
100051b2:	06fb      	lsls	r3, r7, #27
100051b4:	d51c      	bpl.n	100051f0 <_ntoa_format+0xfc>
100051b6:	057b      	lsls	r3, r7, #21
100051b8:	d4db      	bmi.n	10005172 <_ntoa_format+0x7e>
100051ba:	2c00      	cmp	r4, #0
100051bc:	d1d5      	bne.n	1000516a <_ntoa_format+0x76>
100051be:	9b11      	ldr	r3, [sp, #68]	@ 0x44
100051c0:	2b10      	cmp	r3, #16
100051c2:	d05b      	beq.n	1000527c <_ntoa_format+0x188>
100051c4:	9b11      	ldr	r3, [sp, #68]	@ 0x44
100051c6:	2b02      	cmp	r3, #2
100051c8:	d06b      	beq.n	100052a2 <_ntoa_format+0x1ae>
100051ca:	2330      	movs	r3, #48	@ 0x30
100051cc:	2401      	movs	r4, #1
100051ce:	9a0e      	ldr	r2, [sp, #56]	@ 0x38
100051d0:	7013      	strb	r3, [r2, #0]
100051d2:	4643      	mov	r3, r8
100051d4:	2b00      	cmp	r3, #0
100051d6:	d110      	bne.n	100051fa <_ntoa_format+0x106>
100051d8:	077b      	lsls	r3, r7, #29
100051da:	d53e      	bpl.n	1000525a <_ntoa_format+0x166>
100051dc:	262b      	movs	r6, #43	@ 0x2b
100051de:	9a0e      	ldr	r2, [sp, #56]	@ 0x38
100051e0:	1c63      	adds	r3, r4, #1
100051e2:	5516      	strb	r6, [r2, r4]
100051e4:	e7cd      	b.n	10005182 <_ntoa_format+0x8e>
100051e6:	0023      	movs	r3, r4
100051e8:	3401      	adds	r4, #1
100051ea:	2630      	movs	r6, #48	@ 0x30
100051ec:	9a0e      	ldr	r2, [sp, #56]	@ 0x38
100051ee:	54d6      	strb	r6, [r2, r3]
100051f0:	2c20      	cmp	r4, #32
100051f2:	d0c5      	beq.n	10005180 <_ntoa_format+0x8c>
100051f4:	4643      	mov	r3, r8
100051f6:	2b00      	cmp	r3, #0
100051f8:	d0ee      	beq.n	100051d8 <_ntoa_format+0xe4>
100051fa:	262d      	movs	r6, #45	@ 0x2d
100051fc:	9a0e      	ldr	r2, [sp, #56]	@ 0x38
100051fe:	1c63      	adds	r3, r4, #1
10005200:	5516      	strb	r6, [r2, r4]
10005202:	e7be      	b.n	10005182 <_ntoa_format+0x8e>
10005204:	4643      	mov	r3, r8
10005206:	2b00      	cmp	r3, #0
10005208:	d02f      	beq.n	1000526a <_ntoa_format+0x176>
1000520a:	3d01      	subs	r5, #1
1000520c:	42b4      	cmp	r4, r6
1000520e:	d200      	bcs.n	10005212 <_ntoa_format+0x11e>
10005210:	e789      	b.n	10005126 <_ntoa_format+0x32>
10005212:	e798      	b.n	10005146 <_ntoa_format+0x52>
10005214:	9b11      	ldr	r3, [sp, #68]	@ 0x44
10005216:	2b10      	cmp	r3, #16
10005218:	d1b2      	bne.n	10005180 <_ntoa_format+0x8c>
1000521a:	06bb      	lsls	r3, r7, #26
1000521c:	d537      	bpl.n	1000528e <_ntoa_format+0x19a>
1000521e:	2c20      	cmp	r4, #32
10005220:	d0ae      	beq.n	10005180 <_ntoa_format+0x8c>
10005222:	2358      	movs	r3, #88	@ 0x58
10005224:	9a0e      	ldr	r2, [sp, #56]	@ 0x38
10005226:	5513      	strb	r3, [r2, r4]
10005228:	3401      	adds	r4, #1
1000522a:	e7a7      	b.n	1000517c <_ntoa_format+0x88>
1000522c:	2c20      	cmp	r4, #32
1000522e:	d0a7      	beq.n	10005180 <_ntoa_format+0x8c>
10005230:	0023      	movs	r3, r4
10005232:	3401      	adds	r4, #1
10005234:	e007      	b.n	10005246 <_ntoa_format+0x152>
10005236:	1e63      	subs	r3, r4, #1
10005238:	2c01      	cmp	r4, #1
1000523a:	d0c0      	beq.n	100051be <_ntoa_format+0xca>
1000523c:	9a11      	ldr	r2, [sp, #68]	@ 0x44
1000523e:	2a10      	cmp	r2, #16
10005240:	d031      	beq.n	100052a6 <_ntoa_format+0x1b2>
10005242:	2a02      	cmp	r2, #2
10005244:	d1d1      	bne.n	100051ea <_ntoa_format+0xf6>
10005246:	2662      	movs	r6, #98	@ 0x62
10005248:	9a0e      	ldr	r2, [sp, #56]	@ 0x38
1000524a:	54d6      	strb	r6, [r2, r3]
1000524c:	e796      	b.n	1000517c <_ntoa_format+0x88>
1000524e:	06fb      	lsls	r3, r7, #27
10005250:	d5ce      	bpl.n	100051f0 <_ntoa_format+0xfc>
10005252:	057b      	lsls	r3, r7, #21
10005254:	d400      	bmi.n	10005258 <_ntoa_format+0x164>
10005256:	e788      	b.n	1000516a <_ntoa_format+0x76>
10005258:	e78b      	b.n	10005172 <_ntoa_format+0x7e>
1000525a:	0023      	movs	r3, r4
1000525c:	073e      	lsls	r6, r7, #28
1000525e:	d590      	bpl.n	10005182 <_ntoa_format+0x8e>
10005260:	2620      	movs	r6, #32
10005262:	9a0e      	ldr	r2, [sp, #56]	@ 0x38
10005264:	3301      	adds	r3, #1
10005266:	5516      	strb	r6, [r2, r4]
10005268:	e78b      	b.n	10005182 <_ntoa_format+0x8e>
1000526a:	230c      	movs	r3, #12
1000526c:	403b      	ands	r3, r7
1000526e:	1e5a      	subs	r2, r3, #1
10005270:	4193      	sbcs	r3, r2
10005272:	1aed      	subs	r5, r5, r3
10005274:	42b4      	cmp	r4, r6
10005276:	d200      	bcs.n	1000527a <_ntoa_format+0x186>
10005278:	e755      	b.n	10005126 <_ntoa_format+0x32>
1000527a:	e764      	b.n	10005146 <_ntoa_format+0x52>
1000527c:	06bb      	lsls	r3, r7, #26
1000527e:	d40e      	bmi.n	1000529e <_ntoa_format+0x1aa>
10005280:	2378      	movs	r3, #120	@ 0x78
10005282:	9a0e      	ldr	r2, [sp, #56]	@ 0x38
10005284:	2402      	movs	r4, #2
10005286:	7013      	strb	r3, [r2, #0]
10005288:	2330      	movs	r3, #48	@ 0x30
1000528a:	7053      	strb	r3, [r2, #1]
1000528c:	e7a1      	b.n	100051d2 <_ntoa_format+0xde>
1000528e:	2c20      	cmp	r4, #32
10005290:	d100      	bne.n	10005294 <_ntoa_format+0x1a0>
10005292:	e775      	b.n	10005180 <_ntoa_format+0x8c>
10005294:	2378      	movs	r3, #120	@ 0x78
10005296:	9a0e      	ldr	r2, [sp, #56]	@ 0x38
10005298:	5513      	strb	r3, [r2, r4]
1000529a:	3401      	adds	r4, #1
1000529c:	e76e      	b.n	1000517c <_ntoa_format+0x88>
1000529e:	2358      	movs	r3, #88	@ 0x58
100052a0:	e7ef      	b.n	10005282 <_ntoa_format+0x18e>
100052a2:	3360      	adds	r3, #96	@ 0x60
100052a4:	e7ed      	b.n	10005282 <_ntoa_format+0x18e>
100052a6:	9a0e      	ldr	r2, [sp, #56]	@ 0x38
100052a8:	1ea6      	subs	r6, r4, #2
100052aa:	4691      	mov	r9, r2
100052ac:	444e      	add	r6, r9
100052ae:	06ba      	lsls	r2, r7, #26
100052b0:	d502      	bpl.n	100052b8 <_ntoa_format+0x1c4>
100052b2:	2258      	movs	r2, #88	@ 0x58
100052b4:	7032      	strb	r2, [r6, #0]
100052b6:	e798      	b.n	100051ea <_ntoa_format+0xf6>
100052b8:	2278      	movs	r2, #120	@ 0x78
100052ba:	7032      	strb	r2, [r6, #0]
100052bc:	e795      	b.n	100051ea <_ntoa_format+0xf6>
100052be:	46c0      	nop			@ (mov r8, r8)

100052c0 <_out_char>:
100052c0:	b510      	push	{r4, lr}
100052c2:	2800      	cmp	r0, #0
100052c4:	d100      	bne.n	100052c8 <_out_char+0x8>
100052c6:	bd10      	pop	{r4, pc}
100052c8:	f001 fc46 	bl	10006b58 <__wrap_putchar>
100052cc:	e7fb      	b.n	100052c6 <_out_char+0x6>
100052ce:	46c0      	nop			@ (mov r8, r8)

100052d0 <_ftoa>:
100052d0:	b5f0      	push	{r4, r5, r6, r7, lr}
100052d2:	4657      	mov	r7, sl
100052d4:	46de      	mov	lr, fp
100052d6:	464e      	mov	r6, r9
100052d8:	4645      	mov	r5, r8
100052da:	b5e0      	push	{r5, r6, r7, lr}
100052dc:	b095      	sub	sp, #84	@ 0x54
100052de:	4683      	mov	fp, r0
100052e0:	000f      	movs	r7, r1
100052e2:	4692      	mov	sl, r2
100052e4:	4698      	mov	r8, r3
100052e6:	9a1e      	ldr	r2, [sp, #120]	@ 0x78
100052e8:	9b1f      	ldr	r3, [sp, #124]	@ 0x7c
100052ea:	0010      	movs	r0, r2
100052ec:	0019      	movs	r1, r3
100052ee:	9e20      	ldr	r6, [sp, #128]	@ 0x80
100052f0:	f7ff f9ad 	bl	1000464e <__wrap___aeabi_dcmpun>
100052f4:	2800      	cmp	r0, #0
100052f6:	d000      	beq.n	100052fa <_ftoa+0x2a>
100052f8:	e1ea      	b.n	100056d0 <_ftoa+0x400>
100052fa:	981e      	ldr	r0, [sp, #120]	@ 0x78
100052fc:	991f      	ldr	r1, [sp, #124]	@ 0x7c
100052fe:	2201      	movs	r2, #1
10005300:	4bc5      	ldr	r3, [pc, #788]	@ (10005618 <_ftoa+0x348>)
10005302:	4252      	negs	r2, r2
10005304:	f7ff f988 	bl	10004618 <__wrap___aeabi_dcmplt>
10005308:	2800      	cmp	r0, #0
1000530a:	d000      	beq.n	1000530e <_ftoa+0x3e>
1000530c:	e114      	b.n	10005538 <_ftoa+0x268>
1000530e:	981e      	ldr	r0, [sp, #120]	@ 0x78
10005310:	991f      	ldr	r1, [sp, #124]	@ 0x7c
10005312:	2201      	movs	r2, #1
10005314:	4bc1      	ldr	r3, [pc, #772]	@ (1000561c <_ftoa+0x34c>)
10005316:	4252      	negs	r2, r2
10005318:	f7ff f994 	bl	10004644 <__wrap___aeabi_dcmpgt>
1000531c:	2800      	cmp	r0, #0
1000531e:	d000      	beq.n	10005322 <_ftoa+0x52>
10005320:	e0e9      	b.n	100054f6 <_ftoa+0x226>
10005322:	981e      	ldr	r0, [sp, #120]	@ 0x78
10005324:	991f      	ldr	r1, [sp, #124]	@ 0x7c
10005326:	2200      	movs	r2, #0
10005328:	4bbd      	ldr	r3, [pc, #756]	@ (10005620 <_ftoa+0x350>)
1000532a:	f7ff f98b 	bl	10004644 <__wrap___aeabi_dcmpgt>
1000532e:	2800      	cmp	r0, #0
10005330:	d000      	beq.n	10005334 <_ftoa+0x64>
10005332:	e0c8      	b.n	100054c6 <_ftoa+0x1f6>
10005334:	981e      	ldr	r0, [sp, #120]	@ 0x78
10005336:	991f      	ldr	r1, [sp, #124]	@ 0x7c
10005338:	2200      	movs	r2, #0
1000533a:	4bba      	ldr	r3, [pc, #744]	@ (10005624 <_ftoa+0x354>)
1000533c:	f7ff f96c 	bl	10004618 <__wrap___aeabi_dcmplt>
10005340:	2800      	cmp	r0, #0
10005342:	d000      	beq.n	10005346 <_ftoa+0x76>
10005344:	e0bf      	b.n	100054c6 <_ftoa+0x1f6>
10005346:	981e      	ldr	r0, [sp, #120]	@ 0x78
10005348:	991f      	ldr	r1, [sp, #124]	@ 0x7c
1000534a:	2200      	movs	r2, #0
1000534c:	2300      	movs	r3, #0
1000534e:	f7ff f963 	bl	10004618 <__wrap___aeabi_dcmplt>
10005352:	2800      	cmp	r0, #0
10005354:	d000      	beq.n	10005358 <_ftoa+0x88>
10005356:	e0e4      	b.n	10005522 <_ftoa+0x252>
10005358:	2300      	movs	r3, #0
1000535a:	930b      	str	r3, [sp, #44]	@ 0x2c
1000535c:	9b22      	ldr	r3, [sp, #136]	@ 0x88
1000535e:	055b      	lsls	r3, r3, #21
10005360:	d400      	bmi.n	10005364 <_ftoa+0x94>
10005362:	2606      	movs	r6, #6
10005364:	2400      	movs	r4, #0
10005366:	2330      	movs	r3, #48	@ 0x30
10005368:	e007      	b.n	1000537a <_ftoa+0xaa>
1000536a:	2117      	movs	r1, #23
1000536c:	aa06      	add	r2, sp, #24
1000536e:	3401      	adds	r4, #1
10005370:	1852      	adds	r2, r2, r1
10005372:	5513      	strb	r3, [r2, r4]
10005374:	3e01      	subs	r6, #1
10005376:	2c20      	cmp	r4, #32
10005378:	d001      	beq.n	1000537e <_ftoa+0xae>
1000537a:	2e09      	cmp	r6, #9
1000537c:	d8f5      	bhi.n	1000536a <_ftoa+0x9a>
1000537e:	981e      	ldr	r0, [sp, #120]	@ 0x78
10005380:	991f      	ldr	r1, [sp, #124]	@ 0x7c
10005382:	f7ff f98d 	bl	100046a0 <__wrap___aeabi_d2iz>
10005386:	4ba8      	ldr	r3, [pc, #672]	@ (10005628 <_ftoa+0x358>)
10005388:	00f2      	lsls	r2, r6, #3
1000538a:	189b      	adds	r3, r3, r2
1000538c:	681a      	ldr	r2, [r3, #0]
1000538e:	685b      	ldr	r3, [r3, #4]
10005390:	0005      	movs	r5, r0
10005392:	9208      	str	r2, [sp, #32]
10005394:	9309      	str	r3, [sp, #36]	@ 0x24
10005396:	f7ff f96b 	bl	10004670 <__wrap___aeabi_i2d>
1000539a:	0002      	movs	r2, r0
1000539c:	000b      	movs	r3, r1
1000539e:	981e      	ldr	r0, [sp, #120]	@ 0x78
100053a0:	991f      	ldr	r1, [sp, #124]	@ 0x7c
100053a2:	f7ff f8c6 	bl	10004532 <__wrap___aeabi_dsub>
100053a6:	9a08      	ldr	r2, [sp, #32]
100053a8:	9b09      	ldr	r3, [sp, #36]	@ 0x24
100053aa:	f7ff f8f2 	bl	10004592 <__wrap___aeabi_dmul>
100053ae:	9006      	str	r0, [sp, #24]
100053b0:	9107      	str	r1, [sp, #28]
100053b2:	f7ff f999 	bl	100046e8 <__wrap___aeabi_d2uiz>
100053b6:	4681      	mov	r9, r0
100053b8:	f7ff f956 	bl	10004668 <__wrap___aeabi_ui2d>
100053bc:	0002      	movs	r2, r0
100053be:	000b      	movs	r3, r1
100053c0:	9806      	ldr	r0, [sp, #24]
100053c2:	9907      	ldr	r1, [sp, #28]
100053c4:	f7ff f8b5 	bl	10004532 <__wrap___aeabi_dsub>
100053c8:	2200      	movs	r2, #0
100053ca:	4b98      	ldr	r3, [pc, #608]	@ (1000562c <_ftoa+0x35c>)
100053cc:	9006      	str	r0, [sp, #24]
100053ce:	9107      	str	r1, [sp, #28]
100053d0:	f7ff f938 	bl	10004644 <__wrap___aeabi_dcmpgt>
100053d4:	2800      	cmp	r0, #0
100053d6:	d100      	bne.n	100053da <_ftoa+0x10a>
100053d8:	e10d      	b.n	100055f6 <_ftoa+0x326>
100053da:	2301      	movs	r3, #1
100053dc:	469c      	mov	ip, r3
100053de:	44e1      	add	r9, ip
100053e0:	4648      	mov	r0, r9
100053e2:	f7ff f941 	bl	10004668 <__wrap___aeabi_ui2d>
100053e6:	0002      	movs	r2, r0
100053e8:	000b      	movs	r3, r1
100053ea:	9808      	ldr	r0, [sp, #32]
100053ec:	9909      	ldr	r1, [sp, #36]	@ 0x24
100053ee:	f7ff f919 	bl	10004624 <__wrap___aeabi_dcmple>
100053f2:	2800      	cmp	r0, #0
100053f4:	d002      	beq.n	100053fc <_ftoa+0x12c>
100053f6:	2300      	movs	r3, #0
100053f8:	4699      	mov	r9, r3
100053fa:	3501      	adds	r5, #1
100053fc:	2e00      	cmp	r6, #0
100053fe:	d100      	bne.n	10005402 <_ftoa+0x132>
10005400:	e0d9      	b.n	100055b6 <_ftoa+0x2e6>
10005402:	9506      	str	r5, [sp, #24]
10005404:	464d      	mov	r5, r9
10005406:	46b9      	mov	r9, r7
10005408:	e014      	b.n	10005434 <_ftoa+0x164>
1000540a:	aa06      	add	r2, sp, #24
1000540c:	4694      	mov	ip, r2
1000540e:	2317      	movs	r3, #23
10005410:	210a      	movs	r1, #10
10005412:	4463      	add	r3, ip
10005414:	0028      	movs	r0, r5
10005416:	3401      	adds	r4, #1
10005418:	191f      	adds	r7, r3, r4
1000541a:	f7fe fe4f 	bl	100040bc <__wrap___aeabi_uidiv>
1000541e:	3130      	adds	r1, #48	@ 0x30
10005420:	7039      	strb	r1, [r7, #0]
10005422:	0028      	movs	r0, r5
10005424:	210a      	movs	r1, #10
10005426:	3e01      	subs	r6, #1
10005428:	f7fe fe48 	bl	100040bc <__wrap___aeabi_uidiv>
1000542c:	2d09      	cmp	r5, #9
1000542e:	d800      	bhi.n	10005432 <_ftoa+0x162>
10005430:	e117      	b.n	10005662 <_ftoa+0x392>
10005432:	0005      	movs	r5, r0
10005434:	2c20      	cmp	r4, #32
10005436:	d1e8      	bne.n	1000540a <_ftoa+0x13a>
10005438:	464f      	mov	r7, r9
1000543a:	9d06      	ldr	r5, [sp, #24]
1000543c:	2420      	movs	r4, #32
1000543e:	ae0c      	add	r6, sp, #48	@ 0x30
10005440:	aa06      	add	r2, sp, #24
10005442:	2317      	movs	r3, #23
10005444:	4694      	mov	ip, r2
10005446:	4463      	add	r3, ip
10005448:	4699      	mov	r9, r3
1000544a:	465b      	mov	r3, fp
1000544c:	46b3      	mov	fp, r6
1000544e:	9306      	str	r3, [sp, #24]
10005450:	e00f      	b.n	10005472 <_ftoa+0x1a2>
10005452:	464b      	mov	r3, r9
10005454:	0028      	movs	r0, r5
10005456:	210a      	movs	r1, #10
10005458:	3401      	adds	r4, #1
1000545a:	18e6      	adds	r6, r4, r3
1000545c:	f7fe fe06 	bl	1000406c <__wrap___aeabi_idiv>
10005460:	3130      	adds	r1, #48	@ 0x30
10005462:	0028      	movs	r0, r5
10005464:	7031      	strb	r1, [r6, #0]
10005466:	210a      	movs	r1, #10
10005468:	f7fe fe00 	bl	1000406c <__wrap___aeabi_idiv>
1000546c:	1e05      	subs	r5, r0, #0
1000546e:	d100      	bne.n	10005472 <_ftoa+0x1a2>
10005470:	e0e4      	b.n	1000563c <_ftoa+0x36c>
10005472:	2c20      	cmp	r4, #32
10005474:	d1ed      	bne.n	10005452 <_ftoa+0x182>
10005476:	9b06      	ldr	r3, [sp, #24]
10005478:	465e      	mov	r6, fp
1000547a:	469b      	mov	fp, r3
1000547c:	2303      	movs	r3, #3
1000547e:	9a22      	ldr	r2, [sp, #136]	@ 0x88
10005480:	4013      	ands	r3, r2
10005482:	2b01      	cmp	r3, #1
10005484:	d118      	bne.n	100054b8 <_ftoa+0x1e8>
10005486:	9b21      	ldr	r3, [sp, #132]	@ 0x84
10005488:	2b00      	cmp	r3, #0
1000548a:	d015      	beq.n	100054b8 <_ftoa+0x1e8>
1000548c:	9b0b      	ldr	r3, [sp, #44]	@ 0x2c
1000548e:	2b00      	cmp	r3, #0
10005490:	d100      	bne.n	10005494 <_ftoa+0x1c4>
10005492:	e0fd      	b.n	10005690 <_ftoa+0x3c0>
10005494:	9b21      	ldr	r3, [sp, #132]	@ 0x84
10005496:	3b01      	subs	r3, #1
10005498:	9321      	str	r3, [sp, #132]	@ 0x84
1000549a:	2b20      	cmp	r3, #32
1000549c:	d90c      	bls.n	100054b8 <_ftoa+0x1e8>
1000549e:	2330      	movs	r3, #48	@ 0x30
100054a0:	9a21      	ldr	r2, [sp, #132]	@ 0x84
100054a2:	e007      	b.n	100054b4 <_ftoa+0x1e4>
100054a4:	2017      	movs	r0, #23
100054a6:	a906      	add	r1, sp, #24
100054a8:	3401      	adds	r4, #1
100054aa:	1809      	adds	r1, r1, r0
100054ac:	550b      	strb	r3, [r1, r4]
100054ae:	4294      	cmp	r4, r2
100054b0:	d300      	bcc.n	100054b4 <_ftoa+0x1e4>
100054b2:	e0cc      	b.n	1000564e <_ftoa+0x37e>
100054b4:	2c20      	cmp	r4, #32
100054b6:	d1f5      	bne.n	100054a4 <_ftoa+0x1d4>
100054b8:	9b22      	ldr	r3, [sp, #136]	@ 0x88
100054ba:	9401      	str	r4, [sp, #4]
100054bc:	9303      	str	r3, [sp, #12]
100054be:	9b21      	ldr	r3, [sp, #132]	@ 0x84
100054c0:	9600      	str	r6, [sp, #0]
100054c2:	9302      	str	r3, [sp, #8]
100054c4:	e022      	b.n	1000550c <_ftoa+0x23c>
100054c6:	9b22      	ldr	r3, [sp, #136]	@ 0x88
100054c8:	4652      	mov	r2, sl
100054ca:	9304      	str	r3, [sp, #16]
100054cc:	9b21      	ldr	r3, [sp, #132]	@ 0x84
100054ce:	0039      	movs	r1, r7
100054d0:	9303      	str	r3, [sp, #12]
100054d2:	4658      	mov	r0, fp
100054d4:	9b1e      	ldr	r3, [sp, #120]	@ 0x78
100054d6:	9c1f      	ldr	r4, [sp, #124]	@ 0x7c
100054d8:	9602      	str	r6, [sp, #8]
100054da:	9300      	str	r3, [sp, #0]
100054dc:	9401      	str	r4, [sp, #4]
100054de:	4643      	mov	r3, r8
100054e0:	f000 f94a 	bl	10005778 <_etoa>
100054e4:	0004      	movs	r4, r0
100054e6:	0020      	movs	r0, r4
100054e8:	b015      	add	sp, #84	@ 0x54
100054ea:	bcf0      	pop	{r4, r5, r6, r7}
100054ec:	46bb      	mov	fp, r7
100054ee:	46b2      	mov	sl, r6
100054f0:	46a9      	mov	r9, r5
100054f2:	46a0      	mov	r8, r4
100054f4:	bdf0      	pop	{r4, r5, r6, r7, pc}
100054f6:	9b22      	ldr	r3, [sp, #136]	@ 0x88
100054f8:	075b      	lsls	r3, r3, #29
100054fa:	d40f      	bmi.n	1000551c <_ftoa+0x24c>
100054fc:	2203      	movs	r2, #3
100054fe:	4b4c      	ldr	r3, [pc, #304]	@ (10005630 <_ftoa+0x360>)
10005500:	9922      	ldr	r1, [sp, #136]	@ 0x88
10005502:	9201      	str	r2, [sp, #4]
10005504:	9103      	str	r1, [sp, #12]
10005506:	9921      	ldr	r1, [sp, #132]	@ 0x84
10005508:	9300      	str	r3, [sp, #0]
1000550a:	9102      	str	r1, [sp, #8]
1000550c:	4643      	mov	r3, r8
1000550e:	4652      	mov	r2, sl
10005510:	0039      	movs	r1, r7
10005512:	4658      	mov	r0, fp
10005514:	f7ff fd98 	bl	10005048 <_out_rev>
10005518:	0004      	movs	r4, r0
1000551a:	e7e4      	b.n	100054e6 <_ftoa+0x216>
1000551c:	2204      	movs	r2, #4
1000551e:	4b45      	ldr	r3, [pc, #276]	@ (10005634 <_ftoa+0x364>)
10005520:	e7ee      	b.n	10005500 <_ftoa+0x230>
10005522:	9a1e      	ldr	r2, [sp, #120]	@ 0x78
10005524:	9b1f      	ldr	r3, [sp, #124]	@ 0x7c
10005526:	2000      	movs	r0, #0
10005528:	2100      	movs	r1, #0
1000552a:	f7ff f802 	bl	10004532 <__wrap___aeabi_dsub>
1000552e:	2301      	movs	r3, #1
10005530:	901e      	str	r0, [sp, #120]	@ 0x78
10005532:	911f      	str	r1, [sp, #124]	@ 0x7c
10005534:	930b      	str	r3, [sp, #44]	@ 0x2c
10005536:	e711      	b.n	1000535c <_ftoa+0x8c>
10005538:	9b22      	ldr	r3, [sp, #136]	@ 0x88
1000553a:	4654      	mov	r4, sl
1000553c:	079b      	lsls	r3, r3, #30
1000553e:	d111      	bne.n	10005564 <_ftoa+0x294>
10005540:	9b21      	ldr	r3, [sp, #132]	@ 0x84
10005542:	2b04      	cmp	r3, #4
10005544:	d90e      	bls.n	10005564 <_ftoa+0x294>
10005546:	9b21      	ldr	r3, [sp, #132]	@ 0x84
10005548:	4655      	mov	r5, sl
1000554a:	469c      	mov	ip, r3
1000554c:	465e      	mov	r6, fp
1000554e:	3c04      	subs	r4, #4
10005550:	4464      	add	r4, ip
10005552:	002a      	movs	r2, r5
10005554:	4643      	mov	r3, r8
10005556:	3501      	adds	r5, #1
10005558:	0039      	movs	r1, r7
1000555a:	2020      	movs	r0, #32
1000555c:	47b0      	blx	r6
1000555e:	42a5      	cmp	r5, r4
10005560:	d1f7      	bne.n	10005552 <_ftoa+0x282>
10005562:	46b3      	mov	fp, r6
10005564:	4d34      	ldr	r5, [pc, #208]	@ (10005638 <_ftoa+0x368>)
10005566:	0026      	movs	r6, r4
10005568:	1f2b      	subs	r3, r5, #4
1000556a:	4699      	mov	r9, r3
1000556c:	465b      	mov	r3, fp
1000556e:	46a3      	mov	fp, r4
10005570:	001c      	movs	r4, r3
10005572:	0032      	movs	r2, r6
10005574:	78e8      	ldrb	r0, [r5, #3]
10005576:	4643      	mov	r3, r8
10005578:	0039      	movs	r1, r7
1000557a:	3d01      	subs	r5, #1
1000557c:	47a0      	blx	r4
1000557e:	3601      	adds	r6, #1
10005580:	454d      	cmp	r5, r9
10005582:	d1f6      	bne.n	10005572 <_ftoa+0x2a2>
10005584:	0023      	movs	r3, r4
10005586:	465c      	mov	r4, fp
10005588:	469b      	mov	fp, r3
1000558a:	9b22      	ldr	r3, [sp, #136]	@ 0x88
1000558c:	3404      	adds	r4, #4
1000558e:	079b      	lsls	r3, r3, #30
10005590:	d5a9      	bpl.n	100054e6 <_ftoa+0x216>
10005592:	4653      	mov	r3, sl
10005594:	9a21      	ldr	r2, [sp, #132]	@ 0x84
10005596:	1ae3      	subs	r3, r4, r3
10005598:	429a      	cmp	r2, r3
1000559a:	d9a4      	bls.n	100054e6 <_ftoa+0x216>
1000559c:	465e      	mov	r6, fp
1000559e:	0015      	movs	r5, r2
100055a0:	0022      	movs	r2, r4
100055a2:	4643      	mov	r3, r8
100055a4:	0039      	movs	r1, r7
100055a6:	2020      	movs	r0, #32
100055a8:	47b0      	blx	r6
100055aa:	4653      	mov	r3, sl
100055ac:	3401      	adds	r4, #1
100055ae:	1ae3      	subs	r3, r4, r3
100055b0:	429d      	cmp	r5, r3
100055b2:	d8f5      	bhi.n	100055a0 <_ftoa+0x2d0>
100055b4:	e797      	b.n	100054e6 <_ftoa+0x216>
100055b6:	0028      	movs	r0, r5
100055b8:	f7ff f85a 	bl	10004670 <__wrap___aeabi_i2d>
100055bc:	0002      	movs	r2, r0
100055be:	000b      	movs	r3, r1
100055c0:	981e      	ldr	r0, [sp, #120]	@ 0x78
100055c2:	991f      	ldr	r1, [sp, #124]	@ 0x7c
100055c4:	f7fe ffb5 	bl	10004532 <__wrap___aeabi_dsub>
100055c8:	2200      	movs	r2, #0
100055ca:	4b18      	ldr	r3, [pc, #96]	@ (1000562c <_ftoa+0x35c>)
100055cc:	9006      	str	r0, [sp, #24]
100055ce:	9107      	str	r1, [sp, #28]
100055d0:	f7ff f822 	bl	10004618 <__wrap___aeabi_dcmplt>
100055d4:	ae0c      	add	r6, sp, #48	@ 0x30
100055d6:	2800      	cmp	r0, #0
100055d8:	d000      	beq.n	100055dc <_ftoa+0x30c>
100055da:	e731      	b.n	10005440 <_ftoa+0x170>
100055dc:	9806      	ldr	r0, [sp, #24]
100055de:	9907      	ldr	r1, [sp, #28]
100055e0:	2200      	movs	r2, #0
100055e2:	4b12      	ldr	r3, [pc, #72]	@ (1000562c <_ftoa+0x35c>)
100055e4:	f7ff f82e 	bl	10004644 <__wrap___aeabi_dcmpgt>
100055e8:	2800      	cmp	r0, #0
100055ea:	d000      	beq.n	100055ee <_ftoa+0x31e>
100055ec:	e728      	b.n	10005440 <_ftoa+0x170>
100055ee:	2301      	movs	r3, #1
100055f0:	3501      	adds	r5, #1
100055f2:	439d      	bics	r5, r3
100055f4:	e724      	b.n	10005440 <_ftoa+0x170>
100055f6:	2200      	movs	r2, #0
100055f8:	9806      	ldr	r0, [sp, #24]
100055fa:	9907      	ldr	r1, [sp, #28]
100055fc:	4b0b      	ldr	r3, [pc, #44]	@ (1000562c <_ftoa+0x35c>)
100055fe:	f7ff f80b 	bl	10004618 <__wrap___aeabi_dcmplt>
10005602:	2800      	cmp	r0, #0
10005604:	d000      	beq.n	10005608 <_ftoa+0x338>
10005606:	e6f9      	b.n	100053fc <_ftoa+0x12c>
10005608:	464b      	mov	r3, r9
1000560a:	2b00      	cmp	r3, #0
1000560c:	d15c      	bne.n	100056c8 <_ftoa+0x3f8>
1000560e:	2301      	movs	r3, #1
10005610:	469c      	mov	ip, r3
10005612:	44e1      	add	r9, ip
10005614:	e6f2      	b.n	100053fc <_ftoa+0x12c>
10005616:	46c0      	nop			@ (mov r8, r8)
10005618:	ffefffff 	.word	0xffefffff
1000561c:	7fefffff 	.word	0x7fefffff
10005620:	41cdcd65 	.word	0x41cdcd65
10005624:	c1cdcd65 	.word	0xc1cdcd65
10005628:	10013d48 	.word	0x10013d48
1000562c:	3fe00000 	.word	0x3fe00000
10005630:	1000950c 	.word	0x1000950c
10005634:	10009504 	.word	0x10009504
10005638:	10009514 	.word	0x10009514
1000563c:	9b06      	ldr	r3, [sp, #24]
1000563e:	465e      	mov	r6, fp
10005640:	469b      	mov	fp, r3
10005642:	2303      	movs	r3, #3
10005644:	9a22      	ldr	r2, [sp, #136]	@ 0x88
10005646:	4013      	ands	r3, r2
10005648:	2b01      	cmp	r3, #1
1000564a:	d100      	bne.n	1000564e <_ftoa+0x37e>
1000564c:	e081      	b.n	10005752 <_ftoa+0x482>
1000564e:	2c20      	cmp	r4, #32
10005650:	d100      	bne.n	10005654 <_ftoa+0x384>
10005652:	e731      	b.n	100054b8 <_ftoa+0x1e8>
10005654:	9b0b      	ldr	r3, [sp, #44]	@ 0x2c
10005656:	2b00      	cmp	r3, #0
10005658:	d027      	beq.n	100056aa <_ftoa+0x3da>
1000565a:	232d      	movs	r3, #45	@ 0x2d
1000565c:	5533      	strb	r3, [r6, r4]
1000565e:	3401      	adds	r4, #1
10005660:	e72a      	b.n	100054b8 <_ftoa+0x1e8>
10005662:	464f      	mov	r7, r9
10005664:	9d06      	ldr	r5, [sp, #24]
10005666:	2c20      	cmp	r4, #32
10005668:	d100      	bne.n	1000566c <_ftoa+0x39c>
1000566a:	e6e7      	b.n	1000543c <_ftoa+0x16c>
1000566c:	2230      	movs	r2, #48	@ 0x30
1000566e:	1933      	adds	r3, r6, r4
10005670:	e007      	b.n	10005682 <_ftoa+0x3b2>
10005672:	2017      	movs	r0, #23
10005674:	a906      	add	r1, sp, #24
10005676:	3401      	adds	r4, #1
10005678:	1809      	adds	r1, r1, r0
1000567a:	550a      	strb	r2, [r1, r4]
1000567c:	2c20      	cmp	r4, #32
1000567e:	d100      	bne.n	10005682 <_ftoa+0x3b2>
10005680:	e6dc      	b.n	1000543c <_ftoa+0x16c>
10005682:	42a3      	cmp	r3, r4
10005684:	d1f5      	bne.n	10005672 <_ftoa+0x3a2>
10005686:	222e      	movs	r2, #46	@ 0x2e
10005688:	ae0c      	add	r6, sp, #48	@ 0x30
1000568a:	3401      	adds	r4, #1
1000568c:	54f2      	strb	r2, [r6, r3]
1000568e:	e6d7      	b.n	10005440 <_ftoa+0x170>
10005690:	230c      	movs	r3, #12
10005692:	9a22      	ldr	r2, [sp, #136]	@ 0x88
10005694:	4213      	tst	r3, r2
10005696:	d057      	beq.n	10005748 <_ftoa+0x478>
10005698:	9b21      	ldr	r3, [sp, #132]	@ 0x84
1000569a:	3b01      	subs	r3, #1
1000569c:	9321      	str	r3, [sp, #132]	@ 0x84
1000569e:	42a3      	cmp	r3, r4
100056a0:	d900      	bls.n	100056a4 <_ftoa+0x3d4>
100056a2:	e6fc      	b.n	1000549e <_ftoa+0x1ce>
100056a4:	2c20      	cmp	r4, #32
100056a6:	d100      	bne.n	100056aa <_ftoa+0x3da>
100056a8:	e706      	b.n	100054b8 <_ftoa+0x1e8>
100056aa:	9b22      	ldr	r3, [sp, #136]	@ 0x88
100056ac:	075b      	lsls	r3, r3, #29
100056ae:	d503      	bpl.n	100056b8 <_ftoa+0x3e8>
100056b0:	232b      	movs	r3, #43	@ 0x2b
100056b2:	5533      	strb	r3, [r6, r4]
100056b4:	3401      	adds	r4, #1
100056b6:	e6ff      	b.n	100054b8 <_ftoa+0x1e8>
100056b8:	9b22      	ldr	r3, [sp, #136]	@ 0x88
100056ba:	071b      	lsls	r3, r3, #28
100056bc:	d400      	bmi.n	100056c0 <_ftoa+0x3f0>
100056be:	e6fb      	b.n	100054b8 <_ftoa+0x1e8>
100056c0:	2320      	movs	r3, #32
100056c2:	5533      	strb	r3, [r6, r4]
100056c4:	3401      	adds	r4, #1
100056c6:	e6f7      	b.n	100054b8 <_ftoa+0x1e8>
100056c8:	07db      	lsls	r3, r3, #31
100056ca:	d400      	bmi.n	100056ce <_ftoa+0x3fe>
100056cc:	e696      	b.n	100053fc <_ftoa+0x12c>
100056ce:	e79e      	b.n	1000560e <_ftoa+0x33e>
100056d0:	9b22      	ldr	r3, [sp, #136]	@ 0x88
100056d2:	4655      	mov	r5, sl
100056d4:	079b      	lsls	r3, r3, #30
100056d6:	d111      	bne.n	100056fc <_ftoa+0x42c>
100056d8:	9b21      	ldr	r3, [sp, #132]	@ 0x84
100056da:	2b03      	cmp	r3, #3
100056dc:	d90e      	bls.n	100056fc <_ftoa+0x42c>
100056de:	9b21      	ldr	r3, [sp, #132]	@ 0x84
100056e0:	4654      	mov	r4, sl
100056e2:	469c      	mov	ip, r3
100056e4:	465e      	mov	r6, fp
100056e6:	3d03      	subs	r5, #3
100056e8:	4465      	add	r5, ip
100056ea:	0022      	movs	r2, r4
100056ec:	4643      	mov	r3, r8
100056ee:	3401      	adds	r4, #1
100056f0:	0039      	movs	r1, r7
100056f2:	2020      	movs	r0, #32
100056f4:	47b0      	blx	r6
100056f6:	42ac      	cmp	r4, r5
100056f8:	d1f7      	bne.n	100056ea <_ftoa+0x41a>
100056fa:	46b3      	mov	fp, r6
100056fc:	46b9      	mov	r9, r7
100056fe:	465f      	mov	r7, fp
10005700:	4e1c      	ldr	r6, [pc, #112]	@ (10005774 <_ftoa+0x4a4>)
10005702:	1cec      	adds	r4, r5, #3
10005704:	002a      	movs	r2, r5
10005706:	78b0      	ldrb	r0, [r6, #2]
10005708:	4643      	mov	r3, r8
1000570a:	4649      	mov	r1, r9
1000570c:	3501      	adds	r5, #1
1000570e:	47b8      	blx	r7
10005710:	3e01      	subs	r6, #1
10005712:	42ac      	cmp	r4, r5
10005714:	d1f6      	bne.n	10005704 <_ftoa+0x434>
10005716:	9b22      	ldr	r3, [sp, #136]	@ 0x88
10005718:	46bb      	mov	fp, r7
1000571a:	464f      	mov	r7, r9
1000571c:	079b      	lsls	r3, r3, #30
1000571e:	d400      	bmi.n	10005722 <_ftoa+0x452>
10005720:	e6e1      	b.n	100054e6 <_ftoa+0x216>
10005722:	4653      	mov	r3, sl
10005724:	9a21      	ldr	r2, [sp, #132]	@ 0x84
10005726:	1ae3      	subs	r3, r4, r3
10005728:	429a      	cmp	r2, r3
1000572a:	d800      	bhi.n	1000572e <_ftoa+0x45e>
1000572c:	e6db      	b.n	100054e6 <_ftoa+0x216>
1000572e:	465e      	mov	r6, fp
10005730:	0015      	movs	r5, r2
10005732:	0022      	movs	r2, r4
10005734:	4643      	mov	r3, r8
10005736:	0039      	movs	r1, r7
10005738:	2020      	movs	r0, #32
1000573a:	47b0      	blx	r6
1000573c:	4653      	mov	r3, sl
1000573e:	3401      	adds	r4, #1
10005740:	1ae3      	subs	r3, r4, r3
10005742:	42ab      	cmp	r3, r5
10005744:	d3f5      	bcc.n	10005732 <_ftoa+0x462>
10005746:	e6ce      	b.n	100054e6 <_ftoa+0x216>
10005748:	9b21      	ldr	r3, [sp, #132]	@ 0x84
1000574a:	42a3      	cmp	r3, r4
1000574c:	d900      	bls.n	10005750 <_ftoa+0x480>
1000574e:	e6a6      	b.n	1000549e <_ftoa+0x1ce>
10005750:	e6b2      	b.n	100054b8 <_ftoa+0x1e8>
10005752:	9b21      	ldr	r3, [sp, #132]	@ 0x84
10005754:	2b00      	cmp	r3, #0
10005756:	d100      	bne.n	1000575a <_ftoa+0x48a>
10005758:	e779      	b.n	1000564e <_ftoa+0x37e>
1000575a:	9b0b      	ldr	r3, [sp, #44]	@ 0x2c
1000575c:	2b00      	cmp	r3, #0
1000575e:	d097      	beq.n	10005690 <_ftoa+0x3c0>
10005760:	9b21      	ldr	r3, [sp, #132]	@ 0x84
10005762:	3b01      	subs	r3, #1
10005764:	9321      	str	r3, [sp, #132]	@ 0x84
10005766:	429c      	cmp	r4, r3
10005768:	d200      	bcs.n	1000576c <_ftoa+0x49c>
1000576a:	e698      	b.n	1000549e <_ftoa+0x1ce>
1000576c:	2c20      	cmp	r4, #32
1000576e:	d000      	beq.n	10005772 <_ftoa+0x4a2>
10005770:	e773      	b.n	1000565a <_ftoa+0x38a>
10005772:	e6a1      	b.n	100054b8 <_ftoa+0x1e8>
10005774:	10009510 	.word	0x10009510

10005778 <_etoa>:
10005778:	b5f0      	push	{r4, r5, r6, r7, lr}
1000577a:	46de      	mov	lr, fp
1000577c:	4657      	mov	r7, sl
1000577e:	464e      	mov	r6, r9
10005780:	4645      	mov	r5, r8
10005782:	b5e0      	push	{r5, r6, r7, lr}
10005784:	b099      	sub	sp, #100	@ 0x64
10005786:	4681      	mov	r9, r0
10005788:	468b      	mov	fp, r1
1000578a:	4692      	mov	sl, r2
1000578c:	4698      	mov	r8, r3
1000578e:	9a22      	ldr	r2, [sp, #136]	@ 0x88
10005790:	9b23      	ldr	r3, [sp, #140]	@ 0x8c
10005792:	0010      	movs	r0, r2
10005794:	0019      	movs	r1, r3
10005796:	f7fe ff5a 	bl	1000464e <__wrap___aeabi_dcmpun>
1000579a:	2800      	cmp	r0, #0
1000579c:	d000      	beq.n	100057a0 <_etoa+0x28>
1000579e:	e0ca      	b.n	10005936 <_etoa+0x1be>
100057a0:	9822      	ldr	r0, [sp, #136]	@ 0x88
100057a2:	9923      	ldr	r1, [sp, #140]	@ 0x8c
100057a4:	2201      	movs	r2, #1
100057a6:	4b82      	ldr	r3, [pc, #520]	@ (100059b0 <_etoa+0x238>)
100057a8:	4252      	negs	r2, r2
100057aa:	f7fe ff4b 	bl	10004644 <__wrap___aeabi_dcmpgt>
100057ae:	2800      	cmp	r0, #0
100057b0:	d000      	beq.n	100057b4 <_etoa+0x3c>
100057b2:	e0c0      	b.n	10005936 <_etoa+0x1be>
100057b4:	9822      	ldr	r0, [sp, #136]	@ 0x88
100057b6:	9923      	ldr	r1, [sp, #140]	@ 0x8c
100057b8:	2201      	movs	r2, #1
100057ba:	4b7e      	ldr	r3, [pc, #504]	@ (100059b4 <_etoa+0x23c>)
100057bc:	4252      	negs	r2, r2
100057be:	f7fe ff2b 	bl	10004618 <__wrap___aeabi_dcmplt>
100057c2:	2800      	cmp	r0, #0
100057c4:	d000      	beq.n	100057c8 <_etoa+0x50>
100057c6:	e0b6      	b.n	10005936 <_etoa+0x1be>
100057c8:	9822      	ldr	r0, [sp, #136]	@ 0x88
100057ca:	9923      	ldr	r1, [sp, #140]	@ 0x8c
100057cc:	2200      	movs	r2, #0
100057ce:	2300      	movs	r3, #0
100057d0:	f7fe ff22 	bl	10004618 <__wrap___aeabi_dcmplt>
100057d4:	2800      	cmp	r0, #0
100057d6:	d000      	beq.n	100057da <_etoa+0x62>
100057d8:	e1c9      	b.n	10005b6e <_etoa+0x3f6>
100057da:	9b22      	ldr	r3, [sp, #136]	@ 0x88
100057dc:	9c23      	ldr	r4, [sp, #140]	@ 0x8c
100057de:	9308      	str	r3, [sp, #32]
100057e0:	9409      	str	r4, [sp, #36]	@ 0x24
100057e2:	9808      	ldr	r0, [sp, #32]
100057e4:	9909      	ldr	r1, [sp, #36]	@ 0x24
100057e6:	2380      	movs	r3, #128	@ 0x80
100057e8:	9a26      	ldr	r2, [sp, #152]	@ 0x98
100057ea:	00db      	lsls	r3, r3, #3
100057ec:	401a      	ands	r2, r3
100057ee:	920d      	str	r2, [sp, #52]	@ 0x34
100057f0:	2280      	movs	r2, #128	@ 0x80
100057f2:	9c26      	ldr	r4, [sp, #152]	@ 0x98
100057f4:	0112      	lsls	r2, r2, #4
100057f6:	4014      	ands	r4, r2
100057f8:	0022      	movs	r2, r4
100057fa:	940b      	str	r4, [sp, #44]	@ 0x2c
100057fc:	9c26      	ldr	r4, [sp, #152]	@ 0x98
100057fe:	0007      	movs	r7, r0
10005800:	000e      	movs	r6, r1
10005802:	421c      	tst	r4, r3
10005804:	d000      	beq.n	10005808 <_etoa+0x90>
10005806:	e0ad      	b.n	10005964 <_etoa+0x1ec>
10005808:	000b      	movs	r3, r1
1000580a:	4303      	orrs	r3, r0
1000580c:	d000      	beq.n	10005810 <_etoa+0x98>
1000580e:	e0d5      	b.n	100059bc <_etoa+0x244>
10005810:	2a00      	cmp	r2, #0
10005812:	d000      	beq.n	10005816 <_etoa+0x9e>
10005814:	e20a      	b.n	10005c2c <_etoa+0x4b4>
10005816:	0022      	movs	r2, r4
10005818:	3306      	adds	r3, #6
1000581a:	9324      	str	r3, [sp, #144]	@ 0x90
1000581c:	2302      	movs	r3, #2
1000581e:	4013      	ands	r3, r2
10005820:	930c      	str	r3, [sp, #48]	@ 0x30
10005822:	2302      	movs	r3, #2
10005824:	4213      	tst	r3, r2
10005826:	d000      	beq.n	1000582a <_etoa+0xb2>
10005828:	e202      	b.n	10005c30 <_etoa+0x4b8>
1000582a:	9b25      	ldr	r3, [sp, #148]	@ 0x94
1000582c:	2b04      	cmp	r3, #4
1000582e:	d200      	bcs.n	10005832 <_etoa+0xba>
10005830:	e20f      	b.n	10005c52 <_etoa+0x4da>
10005832:	3b04      	subs	r3, #4
10005834:	930b      	str	r3, [sp, #44]	@ 0x2c
10005836:	2300      	movs	r3, #0
10005838:	2504      	movs	r5, #4
1000583a:	930a      	str	r3, [sp, #40]	@ 0x28
1000583c:	2200      	movs	r2, #0
1000583e:	9822      	ldr	r0, [sp, #136]	@ 0x88
10005840:	9923      	ldr	r1, [sp, #140]	@ 0x8c
10005842:	2300      	movs	r3, #0
10005844:	f7fe fee8 	bl	10004618 <__wrap___aeabi_dcmplt>
10005848:	2800      	cmp	r0, #0
1000584a:	d000      	beq.n	1000584e <_etoa+0xd6>
1000584c:	e203      	b.n	10005c56 <_etoa+0x4de>
1000584e:	4b5a      	ldr	r3, [pc, #360]	@ (100059b8 <_etoa+0x240>)
10005850:	9a26      	ldr	r2, [sp, #152]	@ 0x98
10005852:	4013      	ands	r3, r2
10005854:	9304      	str	r3, [sp, #16]
10005856:	9b0b      	ldr	r3, [sp, #44]	@ 0x2c
10005858:	9303      	str	r3, [sp, #12]
1000585a:	9b24      	ldr	r3, [sp, #144]	@ 0x90
1000585c:	9302      	str	r3, [sp, #8]
1000585e:	9b08      	ldr	r3, [sp, #32]
10005860:	9c09      	ldr	r4, [sp, #36]	@ 0x24
10005862:	9300      	str	r3, [sp, #0]
10005864:	9401      	str	r4, [sp, #4]
10005866:	4659      	mov	r1, fp
10005868:	4643      	mov	r3, r8
1000586a:	4652      	mov	r2, sl
1000586c:	4648      	mov	r0, r9
1000586e:	f7ff fd2f 	bl	100052d0 <_ftoa>
10005872:	0002      	movs	r2, r0
10005874:	2020      	movs	r0, #32
10005876:	9b26      	ldr	r3, [sp, #152]	@ 0x98
10005878:	271f      	movs	r7, #31
1000587a:	4003      	ands	r3, r0
1000587c:	4259      	negs	r1, r3
1000587e:	414b      	adcs	r3, r1
10005880:	425b      	negs	r3, r3
10005882:	4018      	ands	r0, r3
10005884:	1c53      	adds	r3, r2, #1
10005886:	9308      	str	r3, [sp, #32]
10005888:	4659      	mov	r1, fp
1000588a:	4643      	mov	r3, r8
1000588c:	3045      	adds	r0, #69	@ 0x45
1000588e:	47c8      	blx	r9
10005890:	9a0a      	ldr	r2, [sp, #40]	@ 0x28
10005892:	17d3      	asrs	r3, r2, #31
10005894:	18d4      	adds	r4, r2, r3
10005896:	405c      	eors	r4, r3
10005898:	0fd3      	lsrs	r3, r2, #31
1000589a:	930a      	str	r3, [sp, #40]	@ 0x28
1000589c:	1e6b      	subs	r3, r5, #1
1000589e:	930b      	str	r3, [sp, #44]	@ 0x2c
100058a0:	ab08      	add	r3, sp, #32
100058a2:	469c      	mov	ip, r3
100058a4:	2500      	movs	r5, #0
100058a6:	4467      	add	r7, ip
100058a8:	e001      	b.n	100058ae <_etoa+0x136>
100058aa:	2d20      	cmp	r5, #32
100058ac:	d00f      	beq.n	100058ce <_etoa+0x156>
100058ae:	0020      	movs	r0, r4
100058b0:	210a      	movs	r1, #10
100058b2:	f7fe fc03 	bl	100040bc <__wrap___aeabi_uidiv>
100058b6:	3501      	adds	r5, #1
100058b8:	197e      	adds	r6, r7, r5
100058ba:	3130      	adds	r1, #48	@ 0x30
100058bc:	7031      	strb	r1, [r6, #0]
100058be:	0020      	movs	r0, r4
100058c0:	210a      	movs	r1, #10
100058c2:	f7fe fbfb 	bl	100040bc <__wrap___aeabi_uidiv>
100058c6:	0026      	movs	r6, r4
100058c8:	0004      	movs	r4, r0
100058ca:	2e09      	cmp	r6, #9
100058cc:	d8ed      	bhi.n	100058aa <_etoa+0x132>
100058ce:	2305      	movs	r3, #5
100058d0:	9306      	str	r3, [sp, #24]
100058d2:	9b0b      	ldr	r3, [sp, #44]	@ 0x2c
100058d4:	4659      	mov	r1, fp
100058d6:	9305      	str	r3, [sp, #20]
100058d8:	2300      	movs	r3, #0
100058da:	9304      	str	r3, [sp, #16]
100058dc:	330a      	adds	r3, #10
100058de:	9303      	str	r3, [sp, #12]
100058e0:	9b0a      	ldr	r3, [sp, #40]	@ 0x28
100058e2:	4648      	mov	r0, r9
100058e4:	9302      	str	r3, [sp, #8]
100058e6:	ab10      	add	r3, sp, #64	@ 0x40
100058e8:	9300      	str	r3, [sp, #0]
100058ea:	9a08      	ldr	r2, [sp, #32]
100058ec:	4643      	mov	r3, r8
100058ee:	9501      	str	r5, [sp, #4]
100058f0:	f7ff fc00 	bl	100050f4 <_ntoa_format>
100058f4:	9b0c      	ldr	r3, [sp, #48]	@ 0x30
100058f6:	2b00      	cmp	r3, #0
100058f8:	d02d      	beq.n	10005956 <_etoa+0x1de>
100058fa:	4653      	mov	r3, sl
100058fc:	1ac4      	subs	r4, r0, r3
100058fe:	9b25      	ldr	r3, [sp, #148]	@ 0x94
10005900:	42a3      	cmp	r3, r4
10005902:	d928      	bls.n	10005956 <_etoa+0x1de>
10005904:	464d      	mov	r5, r9
10005906:	465f      	mov	r7, fp
10005908:	4681      	mov	r9, r0
1000590a:	001e      	movs	r6, r3
1000590c:	4653      	mov	r3, sl
1000590e:	0039      	movs	r1, r7
10005910:	191a      	adds	r2, r3, r4
10005912:	2020      	movs	r0, #32
10005914:	4643      	mov	r3, r8
10005916:	3401      	adds	r4, #1
10005918:	47a8      	blx	r5
1000591a:	42a6      	cmp	r6, r4
1000591c:	d8f6      	bhi.n	1000590c <_etoa+0x194>
1000591e:	4653      	mov	r3, sl
10005920:	4648      	mov	r0, r9
10005922:	9925      	ldr	r1, [sp, #148]	@ 0x94
10005924:	1ac2      	subs	r2, r0, r3
10005926:	3201      	adds	r2, #1
10005928:	2300      	movs	r3, #0
1000592a:	4291      	cmp	r1, r2
1000592c:	d300      	bcc.n	10005930 <_etoa+0x1b8>
1000592e:	e186      	b.n	10005c3e <_etoa+0x4c6>
10005930:	3001      	adds	r0, #1
10005932:	1818      	adds	r0, r3, r0
10005934:	e00f      	b.n	10005956 <_etoa+0x1de>
10005936:	9b26      	ldr	r3, [sp, #152]	@ 0x98
10005938:	9304      	str	r3, [sp, #16]
1000593a:	9b25      	ldr	r3, [sp, #148]	@ 0x94
1000593c:	9303      	str	r3, [sp, #12]
1000593e:	9b24      	ldr	r3, [sp, #144]	@ 0x90
10005940:	9302      	str	r3, [sp, #8]
10005942:	9b22      	ldr	r3, [sp, #136]	@ 0x88
10005944:	9c23      	ldr	r4, [sp, #140]	@ 0x8c
10005946:	9300      	str	r3, [sp, #0]
10005948:	9401      	str	r4, [sp, #4]
1000594a:	4643      	mov	r3, r8
1000594c:	4652      	mov	r2, sl
1000594e:	4659      	mov	r1, fp
10005950:	4648      	mov	r0, r9
10005952:	f7ff fcbd 	bl	100052d0 <_ftoa>
10005956:	b019      	add	sp, #100	@ 0x64
10005958:	bcf0      	pop	{r4, r5, r6, r7}
1000595a:	46bb      	mov	fp, r7
1000595c:	46b2      	mov	sl, r6
1000595e:	46a9      	mov	r9, r5
10005960:	46a0      	mov	r8, r4
10005962:	bdf0      	pop	{r4, r5, r6, r7, pc}
10005964:	4301      	orrs	r1, r0
10005966:	d12b      	bne.n	100059c0 <_etoa+0x248>
10005968:	9b0b      	ldr	r3, [sp, #44]	@ 0x2c
1000596a:	0022      	movs	r2, r4
1000596c:	2b00      	cmp	r3, #0
1000596e:	d100      	bne.n	10005972 <_etoa+0x1fa>
10005970:	e754      	b.n	1000581c <_etoa+0xa4>
10005972:	2300      	movs	r3, #0
10005974:	930a      	str	r3, [sp, #40]	@ 0x28
10005976:	9b24      	ldr	r3, [sp, #144]	@ 0x90
10005978:	9a0a      	ldr	r2, [sp, #40]	@ 0x28
1000597a:	2400      	movs	r4, #0
1000597c:	4293      	cmp	r3, r2
1000597e:	dd00      	ble.n	10005982 <_etoa+0x20a>
10005980:	e185      	b.n	10005c8e <_etoa+0x516>
10005982:	9822      	ldr	r0, [sp, #136]	@ 0x88
10005984:	9923      	ldr	r1, [sp, #140]	@ 0x8c
10005986:	2200      	movs	r2, #0
10005988:	2300      	movs	r3, #0
1000598a:	f7fe fe45 	bl	10004618 <__wrap___aeabi_dcmplt>
1000598e:	2800      	cmp	r0, #0
10005990:	d000      	beq.n	10005994 <_etoa+0x21c>
10005992:	e135      	b.n	10005c00 <_etoa+0x488>
10005994:	9b26      	ldr	r3, [sp, #152]	@ 0x98
10005996:	4a08      	ldr	r2, [pc, #32]	@ (100059b8 <_etoa+0x240>)
10005998:	9402      	str	r4, [sp, #8]
1000599a:	401a      	ands	r2, r3
1000599c:	2380      	movs	r3, #128	@ 0x80
1000599e:	00db      	lsls	r3, r3, #3
100059a0:	4313      	orrs	r3, r2
100059a2:	9304      	str	r3, [sp, #16]
100059a4:	9b25      	ldr	r3, [sp, #148]	@ 0x94
100059a6:	9303      	str	r3, [sp, #12]
100059a8:	9b08      	ldr	r3, [sp, #32]
100059aa:	9c09      	ldr	r4, [sp, #36]	@ 0x24
100059ac:	e7cb      	b.n	10005946 <_etoa+0x1ce>
100059ae:	46c0      	nop			@ (mov r8, r8)
100059b0:	7fefffff 	.word	0x7fefffff
100059b4:	ffefffff 	.word	0xffefffff
100059b8:	fffff7ff 	.word	0xfffff7ff
100059bc:	2306      	movs	r3, #6
100059be:	9324      	str	r3, [sp, #144]	@ 0x90
100059c0:	4bb4      	ldr	r3, [pc, #720]	@ (10005c94 <_etoa+0x51c>)
100059c2:	0070      	lsls	r0, r6, #1
100059c4:	469c      	mov	ip, r3
100059c6:	0d40      	lsrs	r0, r0, #21
100059c8:	4460      	add	r0, ip
100059ca:	f7fe fe51 	bl	10004670 <__wrap___aeabi_i2d>
100059ce:	4ab2      	ldr	r2, [pc, #712]	@ (10005c98 <_etoa+0x520>)
100059d0:	4bb2      	ldr	r3, [pc, #712]	@ (10005c9c <_etoa+0x524>)
100059d2:	f7fe fdde 	bl	10004592 <__wrap___aeabi_dmul>
100059d6:	4ab2      	ldr	r2, [pc, #712]	@ (10005ca0 <_etoa+0x528>)
100059d8:	4bb2      	ldr	r3, [pc, #712]	@ (10005ca4 <_etoa+0x52c>)
100059da:	f7fe fdb3 	bl	10004544 <__wrap___aeabi_dadd>
100059de:	0336      	lsls	r6, r6, #12
100059e0:	4bb1      	ldr	r3, [pc, #708]	@ (10005ca8 <_etoa+0x530>)
100059e2:	0b36      	lsrs	r6, r6, #12
100059e4:	4333      	orrs	r3, r6
100059e6:	0004      	movs	r4, r0
100059e8:	000d      	movs	r5, r1
100059ea:	0038      	movs	r0, r7
100059ec:	0019      	movs	r1, r3
100059ee:	2200      	movs	r2, #0
100059f0:	4bae      	ldr	r3, [pc, #696]	@ (10005cac <_etoa+0x534>)
100059f2:	f7fe fd9e 	bl	10004532 <__wrap___aeabi_dsub>
100059f6:	4aae      	ldr	r2, [pc, #696]	@ (10005cb0 <_etoa+0x538>)
100059f8:	4bae      	ldr	r3, [pc, #696]	@ (10005cb4 <_etoa+0x53c>)
100059fa:	f7fe fdca 	bl	10004592 <__wrap___aeabi_dmul>
100059fe:	0002      	movs	r2, r0
10005a00:	000b      	movs	r3, r1
10005a02:	0020      	movs	r0, r4
10005a04:	0029      	movs	r1, r5
10005a06:	f7fe fd9d 	bl	10004544 <__wrap___aeabi_dadd>
10005a0a:	f7fe fe49 	bl	100046a0 <__wrap___aeabi_d2iz>
10005a0e:	900a      	str	r0, [sp, #40]	@ 0x28
10005a10:	f7fe fe2e 	bl	10004670 <__wrap___aeabi_i2d>
10005a14:	4aa8      	ldr	r2, [pc, #672]	@ (10005cb8 <_etoa+0x540>)
10005a16:	4ba9      	ldr	r3, [pc, #676]	@ (10005cbc <_etoa+0x544>)
10005a18:	0004      	movs	r4, r0
10005a1a:	000d      	movs	r5, r1
10005a1c:	f7fe fdb9 	bl	10004592 <__wrap___aeabi_dmul>
10005a20:	2200      	movs	r2, #0
10005a22:	4ba7      	ldr	r3, [pc, #668]	@ (10005cc0 <_etoa+0x548>)
10005a24:	f7fe fd8e 	bl	10004544 <__wrap___aeabi_dadd>
10005a28:	f7fe fe3a 	bl	100046a0 <__wrap___aeabi_d2iz>
10005a2c:	4aa5      	ldr	r2, [pc, #660]	@ (10005cc4 <_etoa+0x54c>)
10005a2e:	0006      	movs	r6, r0
10005a30:	4ba5      	ldr	r3, [pc, #660]	@ (10005cc8 <_etoa+0x550>)
10005a32:	0020      	movs	r0, r4
10005a34:	0029      	movs	r1, r5
10005a36:	f7fe fdac 	bl	10004592 <__wrap___aeabi_dmul>
10005a3a:	0004      	movs	r4, r0
10005a3c:	0030      	movs	r0, r6
10005a3e:	000d      	movs	r5, r1
10005a40:	960c      	str	r6, [sp, #48]	@ 0x30
10005a42:	f7fe fe15 	bl	10004670 <__wrap___aeabi_i2d>
10005a46:	4aa1      	ldr	r2, [pc, #644]	@ (10005ccc <_etoa+0x554>)
10005a48:	4ba1      	ldr	r3, [pc, #644]	@ (10005cd0 <_etoa+0x558>)
10005a4a:	f7fe fda2 	bl	10004592 <__wrap___aeabi_dmul>
10005a4e:	0002      	movs	r2, r0
10005a50:	000b      	movs	r3, r1
10005a52:	0020      	movs	r0, r4
10005a54:	0029      	movs	r1, r5
10005a56:	f7fe fd6c 	bl	10004532 <__wrap___aeabi_dsub>
10005a5a:	0002      	movs	r2, r0
10005a5c:	000b      	movs	r3, r1
10005a5e:	0006      	movs	r6, r0
10005a60:	000f      	movs	r7, r1
10005a62:	f7fe fd96 	bl	10004592 <__wrap___aeabi_dmul>
10005a66:	0032      	movs	r2, r6
10005a68:	0004      	movs	r4, r0
10005a6a:	000d      	movs	r5, r1
10005a6c:	003b      	movs	r3, r7
10005a6e:	0030      	movs	r0, r6
10005a70:	0039      	movs	r1, r7
10005a72:	f7fe fd67 	bl	10004544 <__wrap___aeabi_dadd>
10005a76:	2200      	movs	r2, #0
10005a78:	900e      	str	r0, [sp, #56]	@ 0x38
10005a7a:	910f      	str	r1, [sp, #60]	@ 0x3c
10005a7c:	4b95      	ldr	r3, [pc, #596]	@ (10005cd4 <_etoa+0x55c>)
10005a7e:	0020      	movs	r0, r4
10005a80:	0029      	movs	r1, r5
10005a82:	f7fe fd68 	bl	10004556 <__wrap___aeabi_ddiv>
10005a86:	2200      	movs	r2, #0
10005a88:	4b93      	ldr	r3, [pc, #588]	@ (10005cd8 <_etoa+0x560>)
10005a8a:	f7fe fd5b 	bl	10004544 <__wrap___aeabi_dadd>
10005a8e:	0002      	movs	r2, r0
10005a90:	000b      	movs	r3, r1
10005a92:	0020      	movs	r0, r4
10005a94:	0029      	movs	r1, r5
10005a96:	f7fe fd5e 	bl	10004556 <__wrap___aeabi_ddiv>
10005a9a:	2200      	movs	r2, #0
10005a9c:	4b8f      	ldr	r3, [pc, #572]	@ (10005cdc <_etoa+0x564>)
10005a9e:	f7fe fd51 	bl	10004544 <__wrap___aeabi_dadd>
10005aa2:	0002      	movs	r2, r0
10005aa4:	000b      	movs	r3, r1
10005aa6:	0020      	movs	r0, r4
10005aa8:	0029      	movs	r1, r5
10005aaa:	f7fe fd54 	bl	10004556 <__wrap___aeabi_ddiv>
10005aae:	000d      	movs	r5, r1
10005ab0:	2180      	movs	r1, #128	@ 0x80
10005ab2:	0004      	movs	r4, r0
10005ab4:	0032      	movs	r2, r6
10005ab6:	003b      	movs	r3, r7
10005ab8:	2000      	movs	r0, #0
10005aba:	05c9      	lsls	r1, r1, #23
10005abc:	f7fe fd39 	bl	10004532 <__wrap___aeabi_dsub>
10005ac0:	0002      	movs	r2, r0
10005ac2:	000b      	movs	r3, r1
10005ac4:	0020      	movs	r0, r4
10005ac6:	0029      	movs	r1, r5
10005ac8:	f7fe fd3c 	bl	10004544 <__wrap___aeabi_dadd>
10005acc:	0002      	movs	r2, r0
10005ace:	000b      	movs	r3, r1
10005ad0:	980e      	ldr	r0, [sp, #56]	@ 0x38
10005ad2:	990f      	ldr	r1, [sp, #60]	@ 0x3c
10005ad4:	f7fe fd3f 	bl	10004556 <__wrap___aeabi_ddiv>
10005ad8:	2200      	movs	r2, #0
10005ada:	4b73      	ldr	r3, [pc, #460]	@ (10005ca8 <_etoa+0x530>)
10005adc:	f7fe fd32 	bl	10004544 <__wrap___aeabi_dadd>
10005ae0:	4b7f      	ldr	r3, [pc, #508]	@ (10005ce0 <_etoa+0x568>)
10005ae2:	9c0c      	ldr	r4, [sp, #48]	@ 0x30
10005ae4:	469c      	mov	ip, r3
10005ae6:	4464      	add	r4, ip
10005ae8:	2200      	movs	r2, #0
10005aea:	0523      	lsls	r3, r4, #20
10005aec:	f7fe fd51 	bl	10004592 <__wrap___aeabi_dmul>
10005af0:	0006      	movs	r6, r0
10005af2:	000f      	movs	r7, r1
10005af4:	0002      	movs	r2, r0
10005af6:	000b      	movs	r3, r1
10005af8:	9808      	ldr	r0, [sp, #32]
10005afa:	9909      	ldr	r1, [sp, #36]	@ 0x24
10005afc:	f7fe fd8c 	bl	10004618 <__wrap___aeabi_dcmplt>
10005b00:	2800      	cmp	r0, #0
10005b02:	d00a      	beq.n	10005b1a <_etoa+0x3a2>
10005b04:	9b0a      	ldr	r3, [sp, #40]	@ 0x28
10005b06:	0030      	movs	r0, r6
10005b08:	3b01      	subs	r3, #1
10005b0a:	0039      	movs	r1, r7
10005b0c:	930a      	str	r3, [sp, #40]	@ 0x28
10005b0e:	2200      	movs	r2, #0
10005b10:	4b71      	ldr	r3, [pc, #452]	@ (10005cd8 <_etoa+0x560>)
10005b12:	f7fe fd20 	bl	10004556 <__wrap___aeabi_ddiv>
10005b16:	0006      	movs	r6, r0
10005b18:	000f      	movs	r7, r1
10005b1a:	9a0a      	ldr	r2, [sp, #40]	@ 0x28
10005b1c:	0033      	movs	r3, r6
10005b1e:	3263      	adds	r2, #99	@ 0x63
10005b20:	0039      	movs	r1, r7
10005b22:	2ac6      	cmp	r2, #198	@ 0xc6
10005b24:	d812      	bhi.n	10005b4c <_etoa+0x3d4>
10005b26:	2202      	movs	r2, #2
10005b28:	9826      	ldr	r0, [sp, #152]	@ 0x98
10005b2a:	2504      	movs	r5, #4
10005b2c:	4010      	ands	r0, r2
10005b2e:	9a0b      	ldr	r2, [sp, #44]	@ 0x2c
10005b30:	900c      	str	r0, [sp, #48]	@ 0x30
10005b32:	2a00      	cmp	r2, #0
10005b34:	d125      	bne.n	10005b82 <_etoa+0x40a>
10005b36:	9b25      	ldr	r3, [sp, #148]	@ 0x94
10005b38:	2b04      	cmp	r3, #4
10005b3a:	d905      	bls.n	10005b48 <_etoa+0x3d0>
10005b3c:	2800      	cmp	r0, #0
10005b3e:	d000      	beq.n	10005b42 <_etoa+0x3ca>
10005b40:	e0a1      	b.n	10005c86 <_etoa+0x50e>
10005b42:	9b25      	ldr	r3, [sp, #148]	@ 0x94
10005b44:	3b04      	subs	r3, #4
10005b46:	930b      	str	r3, [sp, #44]	@ 0x2c
10005b48:	2504      	movs	r5, #4
10005b4a:	e041      	b.n	10005bd0 <_etoa+0x458>
10005b4c:	2202      	movs	r2, #2
10005b4e:	9826      	ldr	r0, [sp, #152]	@ 0x98
10005b50:	4010      	ands	r0, r2
10005b52:	9a0b      	ldr	r2, [sp, #44]	@ 0x2c
10005b54:	900c      	str	r0, [sp, #48]	@ 0x30
10005b56:	2a00      	cmp	r2, #0
10005b58:	d112      	bne.n	10005b80 <_etoa+0x408>
10005b5a:	9b25      	ldr	r3, [sp, #148]	@ 0x94
10005b5c:	2b05      	cmp	r3, #5
10005b5e:	d976      	bls.n	10005c4e <_etoa+0x4d6>
10005b60:	2800      	cmp	r0, #0
10005b62:	d172      	bne.n	10005c4a <_etoa+0x4d2>
10005b64:	9b25      	ldr	r3, [sp, #148]	@ 0x94
10005b66:	2505      	movs	r5, #5
10005b68:	3b05      	subs	r3, #5
10005b6a:	930b      	str	r3, [sp, #44]	@ 0x2c
10005b6c:	e034      	b.n	10005bd8 <_etoa+0x460>
10005b6e:	2280      	movs	r2, #128	@ 0x80
10005b70:	0612      	lsls	r2, r2, #24
10005b72:	4694      	mov	ip, r2
10005b74:	9b22      	ldr	r3, [sp, #136]	@ 0x88
10005b76:	9308      	str	r3, [sp, #32]
10005b78:	9b23      	ldr	r3, [sp, #140]	@ 0x8c
10005b7a:	4463      	add	r3, ip
10005b7c:	9309      	str	r3, [sp, #36]	@ 0x24
10005b7e:	e630      	b.n	100057e2 <_etoa+0x6a>
10005b80:	2505      	movs	r5, #5
10005b82:	430b      	orrs	r3, r1
10005b84:	d100      	bne.n	10005b88 <_etoa+0x410>
10005b86:	e6f6      	b.n	10005976 <_etoa+0x1fe>
10005b88:	9808      	ldr	r0, [sp, #32]
10005b8a:	9909      	ldr	r1, [sp, #36]	@ 0x24
10005b8c:	4a55      	ldr	r2, [pc, #340]	@ (10005ce4 <_etoa+0x56c>)
10005b8e:	4b56      	ldr	r3, [pc, #344]	@ (10005ce8 <_etoa+0x570>)
10005b90:	f7fe fd50 	bl	10004634 <__wrap___aeabi_dcmpge>
10005b94:	2800      	cmp	r0, #0
10005b96:	d008      	beq.n	10005baa <_etoa+0x432>
10005b98:	9808      	ldr	r0, [sp, #32]
10005b9a:	9909      	ldr	r1, [sp, #36]	@ 0x24
10005b9c:	2200      	movs	r2, #0
10005b9e:	4b53      	ldr	r3, [pc, #332]	@ (10005cec <_etoa+0x574>)
10005ba0:	f7fe fd3a 	bl	10004618 <__wrap___aeabi_dcmplt>
10005ba4:	2800      	cmp	r0, #0
10005ba6:	d000      	beq.n	10005baa <_etoa+0x432>
10005ba8:	e6e5      	b.n	10005976 <_etoa+0x1fe>
10005baa:	9b24      	ldr	r3, [sp, #144]	@ 0x90
10005bac:	2b00      	cmp	r3, #0
10005bae:	d01c      	beq.n	10005bea <_etoa+0x472>
10005bb0:	9b0d      	ldr	r3, [sp, #52]	@ 0x34
10005bb2:	2b00      	cmp	r3, #0
10005bb4:	d019      	beq.n	10005bea <_etoa+0x472>
10005bb6:	9b24      	ldr	r3, [sp, #144]	@ 0x90
10005bb8:	3b01      	subs	r3, #1
10005bba:	9324      	str	r3, [sp, #144]	@ 0x90
10005bbc:	9b25      	ldr	r3, [sp, #148]	@ 0x94
10005bbe:	42ab      	cmp	r3, r5
10005bc0:	d904      	bls.n	10005bcc <_etoa+0x454>
10005bc2:	9b0c      	ldr	r3, [sp, #48]	@ 0x30
10005bc4:	2b00      	cmp	r3, #0
10005bc6:	d05a      	beq.n	10005c7e <_etoa+0x506>
10005bc8:	2302      	movs	r3, #2
10005bca:	930c      	str	r3, [sp, #48]	@ 0x30
10005bcc:	2300      	movs	r3, #0
10005bce:	930b      	str	r3, [sp, #44]	@ 0x2c
10005bd0:	9b0a      	ldr	r3, [sp, #40]	@ 0x28
10005bd2:	2b00      	cmp	r3, #0
10005bd4:	d100      	bne.n	10005bd8 <_etoa+0x460>
10005bd6:	e631      	b.n	1000583c <_etoa+0xc4>
10005bd8:	9808      	ldr	r0, [sp, #32]
10005bda:	9909      	ldr	r1, [sp, #36]	@ 0x24
10005bdc:	0032      	movs	r2, r6
10005bde:	003b      	movs	r3, r7
10005be0:	f7fe fcb9 	bl	10004556 <__wrap___aeabi_ddiv>
10005be4:	9008      	str	r0, [sp, #32]
10005be6:	9109      	str	r1, [sp, #36]	@ 0x24
10005be8:	e628      	b.n	1000583c <_etoa+0xc4>
10005bea:	9b25      	ldr	r3, [sp, #148]	@ 0x94
10005bec:	42ab      	cmp	r3, r5
10005bee:	d9ed      	bls.n	10005bcc <_etoa+0x454>
10005bf0:	9b0c      	ldr	r3, [sp, #48]	@ 0x30
10005bf2:	2b00      	cmp	r3, #0
10005bf4:	d043      	beq.n	10005c7e <_etoa+0x506>
10005bf6:	2300      	movs	r3, #0
10005bf8:	930b      	str	r3, [sp, #44]	@ 0x2c
10005bfa:	3302      	adds	r3, #2
10005bfc:	930c      	str	r3, [sp, #48]	@ 0x30
10005bfe:	e7e7      	b.n	10005bd0 <_etoa+0x458>
10005c00:	2080      	movs	r0, #128	@ 0x80
10005c02:	9b26      	ldr	r3, [sp, #152]	@ 0x98
10005c04:	4a3a      	ldr	r2, [pc, #232]	@ (10005cf0 <_etoa+0x578>)
10005c06:	0600      	lsls	r0, r0, #24
10005c08:	401a      	ands	r2, r3
10005c0a:	2380      	movs	r3, #128	@ 0x80
10005c0c:	4684      	mov	ip, r0
10005c0e:	9402      	str	r4, [sp, #8]
10005c10:	9c08      	ldr	r4, [sp, #32]
10005c12:	9d09      	ldr	r5, [sp, #36]	@ 0x24
10005c14:	0029      	movs	r1, r5
10005c16:	00db      	lsls	r3, r3, #3
10005c18:	4313      	orrs	r3, r2
10005c1a:	9304      	str	r3, [sp, #16]
10005c1c:	9b25      	ldr	r3, [sp, #148]	@ 0x94
10005c1e:	4461      	add	r1, ip
10005c20:	0022      	movs	r2, r4
10005c22:	9303      	str	r3, [sp, #12]
10005c24:	000b      	movs	r3, r1
10005c26:	9200      	str	r2, [sp, #0]
10005c28:	9301      	str	r3, [sp, #4]
10005c2a:	e68e      	b.n	1000594a <_etoa+0x1d2>
10005c2c:	2405      	movs	r4, #5
10005c2e:	e6a8      	b.n	10005982 <_etoa+0x20a>
10005c30:	2300      	movs	r3, #0
10005c32:	930b      	str	r3, [sp, #44]	@ 0x2c
10005c34:	930a      	str	r3, [sp, #40]	@ 0x28
10005c36:	3302      	adds	r3, #2
10005c38:	2504      	movs	r5, #4
10005c3a:	930c      	str	r3, [sp, #48]	@ 0x30
10005c3c:	e5fe      	b.n	1000583c <_etoa+0xc4>
10005c3e:	4653      	mov	r3, sl
10005c40:	468c      	mov	ip, r1
10005c42:	3b01      	subs	r3, #1
10005c44:	4463      	add	r3, ip
10005c46:	1a1b      	subs	r3, r3, r0
10005c48:	e672      	b.n	10005930 <_etoa+0x1b8>
10005c4a:	2302      	movs	r3, #2
10005c4c:	930c      	str	r3, [sp, #48]	@ 0x30
10005c4e:	2505      	movs	r5, #5
10005c50:	e7c2      	b.n	10005bd8 <_etoa+0x460>
10005c52:	2304      	movs	r3, #4
10005c54:	e5ed      	b.n	10005832 <_etoa+0xba>
10005c56:	2080      	movs	r0, #128	@ 0x80
10005c58:	9e08      	ldr	r6, [sp, #32]
10005c5a:	9f09      	ldr	r7, [sp, #36]	@ 0x24
10005c5c:	0600      	lsls	r0, r0, #24
10005c5e:	0039      	movs	r1, r7
10005c60:	4684      	mov	ip, r0
10005c62:	9a26      	ldr	r2, [sp, #152]	@ 0x98
10005c64:	4b22      	ldr	r3, [pc, #136]	@ (10005cf0 <_etoa+0x578>)
10005c66:	4461      	add	r1, ip
10005c68:	4013      	ands	r3, r2
10005c6a:	9304      	str	r3, [sp, #16]
10005c6c:	9b0b      	ldr	r3, [sp, #44]	@ 0x2c
10005c6e:	0032      	movs	r2, r6
10005c70:	9303      	str	r3, [sp, #12]
10005c72:	9b24      	ldr	r3, [sp, #144]	@ 0x90
10005c74:	9302      	str	r3, [sp, #8]
10005c76:	000b      	movs	r3, r1
10005c78:	9200      	str	r2, [sp, #0]
10005c7a:	9301      	str	r3, [sp, #4]
10005c7c:	e5f3      	b.n	10005866 <_etoa+0xee>
10005c7e:	9b25      	ldr	r3, [sp, #148]	@ 0x94
10005c80:	1b5b      	subs	r3, r3, r5
10005c82:	930b      	str	r3, [sp, #44]	@ 0x2c
10005c84:	e7a4      	b.n	10005bd0 <_etoa+0x458>
10005c86:	2302      	movs	r3, #2
10005c88:	2504      	movs	r5, #4
10005c8a:	930c      	str	r3, [sp, #48]	@ 0x30
10005c8c:	e7a0      	b.n	10005bd0 <_etoa+0x458>
10005c8e:	1a9c      	subs	r4, r3, r2
10005c90:	3c01      	subs	r4, #1
10005c92:	e676      	b.n	10005982 <_etoa+0x20a>
10005c94:	fffffc01 	.word	0xfffffc01
10005c98:	509f79fb 	.word	0x509f79fb
10005c9c:	3fd34413 	.word	0x3fd34413
10005ca0:	8b60c8b3 	.word	0x8b60c8b3
10005ca4:	3fc68a28 	.word	0x3fc68a28
10005ca8:	3ff00000 	.word	0x3ff00000
10005cac:	3ff80000 	.word	0x3ff80000
10005cb0:	636f4361 	.word	0x636f4361
10005cb4:	3fd287a7 	.word	0x3fd287a7
10005cb8:	0979a371 	.word	0x0979a371
10005cbc:	400a934f 	.word	0x400a934f
10005cc0:	3fe00000 	.word	0x3fe00000
10005cc4:	bbb55516 	.word	0xbbb55516
10005cc8:	40026bb1 	.word	0x40026bb1
10005ccc:	fefa39ef 	.word	0xfefa39ef
10005cd0:	3fe62e42 	.word	0x3fe62e42
10005cd4:	402c0000 	.word	0x402c0000
10005cd8:	40240000 	.word	0x40240000
10005cdc:	40180000 	.word	0x40180000
10005ce0:	000003ff 	.word	0x000003ff
10005ce4:	eb1c432d 	.word	0xeb1c432d
10005ce8:	3f1a36e2 	.word	0x3f1a36e2
10005cec:	412e8480 	.word	0x412e8480
10005cf0:	fffff7ff 	.word	0xfffff7ff

10005cf4 <_vsnprintf>:
10005cf4:	b5f0      	push	{r4, r5, r6, r7, lr}
10005cf6:	46de      	mov	lr, fp
10005cf8:	4657      	mov	r7, sl
10005cfa:	464e      	mov	r6, r9
10005cfc:	4645      	mov	r5, r8
10005cfe:	b5e0      	push	{r5, r6, r7, lr}
10005d00:	b0a5      	sub	sp, #148	@ 0x94
10005d02:	001e      	movs	r6, r3
10005d04:	9b2e      	ldr	r3, [sp, #184]	@ 0xb8
10005d06:	4692      	mov	sl, r2
10005d08:	930c      	str	r3, [sp, #48]	@ 0x30
10005d0a:	4acd      	ldr	r2, [pc, #820]	@ (10006040 <_vsnprintf+0x34c>)
10005d0c:	4bcd      	ldr	r3, [pc, #820]	@ (10006044 <_vsnprintf+0x350>)
10005d0e:	4680      	mov	r8, r0
10005d10:	468b      	mov	fp, r1
10005d12:	601a      	str	r2, [r3, #0]
10005d14:	2900      	cmp	r1, #0
10005d16:	d100      	bne.n	10005d1a <_vsnprintf+0x26>
10005d18:	e1ea      	b.n	100060f0 <_vsnprintf+0x3fc>
10005d1a:	2300      	movs	r3, #0
10005d1c:	7830      	ldrb	r0, [r6, #0]
10005d1e:	4699      	mov	r9, r3
10005d20:	2800      	cmp	r0, #0
10005d22:	d100      	bne.n	10005d26 <_vsnprintf+0x32>
10005d24:	e1ec      	b.n	10006100 <_vsnprintf+0x40c>
10005d26:	4bc8      	ldr	r3, [pc, #800]	@ (10006048 <_vsnprintf+0x354>)
10005d28:	464c      	mov	r4, r9
10005d2a:	930b      	str	r3, [sp, #44]	@ 0x2c
10005d2c:	4bc7      	ldr	r3, [pc, #796]	@ (1000604c <_vsnprintf+0x358>)
10005d2e:	4645      	mov	r5, r8
10005d30:	4657      	mov	r7, sl
10005d32:	930e      	str	r3, [sp, #56]	@ 0x38
10005d34:	e00a      	b.n	10005d4c <_vsnprintf+0x58>
10005d36:	1c63      	adds	r3, r4, #1
10005d38:	4698      	mov	r8, r3
10005d3a:	0022      	movs	r2, r4
10005d3c:	003b      	movs	r3, r7
10005d3e:	4659      	mov	r1, fp
10005d40:	47a8      	blx	r5
10005d42:	4644      	mov	r4, r8
10005d44:	7830      	ldrb	r0, [r6, #0]
10005d46:	2800      	cmp	r0, #0
10005d48:	d100      	bne.n	10005d4c <_vsnprintf+0x58>
10005d4a:	e087      	b.n	10005e5c <_vsnprintf+0x168>
10005d4c:	3601      	adds	r6, #1
10005d4e:	2825      	cmp	r0, #37	@ 0x25
10005d50:	d1f1      	bne.n	10005d36 <_vsnprintf+0x42>
10005d52:	2308      	movs	r3, #8
10005d54:	469a      	mov	sl, r3
10005d56:	3b04      	subs	r3, #4
10005d58:	4699      	mov	r9, r3
10005d5a:	3b02      	subs	r3, #2
10005d5c:	4698      	mov	r8, r3
10005d5e:	3b01      	subs	r3, #1
10005d60:	2200      	movs	r2, #0
10005d62:	469c      	mov	ip, r3
10005d64:	940d      	str	r4, [sp, #52]	@ 0x34
10005d66:	7830      	ldrb	r0, [r6, #0]
10005d68:	1c71      	adds	r1, r6, #1
10005d6a:	0003      	movs	r3, r0
10005d6c:	3b20      	subs	r3, #32
10005d6e:	b2db      	uxtb	r3, r3
10005d70:	2b10      	cmp	r3, #16
10005d72:	d803      	bhi.n	10005d7c <_vsnprintf+0x88>
10005d74:	9c0b      	ldr	r4, [sp, #44]	@ 0x2c
10005d76:	009b      	lsls	r3, r3, #2
10005d78:	58e3      	ldr	r3, [r4, r3]
10005d7a:	469f      	mov	pc, r3
10005d7c:	0003      	movs	r3, r0
10005d7e:	3b30      	subs	r3, #48	@ 0x30
10005d80:	4689      	mov	r9, r1
10005d82:	9c0d      	ldr	r4, [sp, #52]	@ 0x34
10005d84:	2b09      	cmp	r3, #9
10005d86:	d93a      	bls.n	10005dfe <_vsnprintf+0x10a>
10005d88:	2300      	movs	r3, #0
10005d8a:	4698      	mov	r8, r3
10005d8c:	282a      	cmp	r0, #42	@ 0x2a
10005d8e:	d100      	bne.n	10005d92 <_vsnprintf+0x9e>
10005d90:	e0c1      	b.n	10005f16 <_vsnprintf+0x222>
10005d92:	2300      	movs	r3, #0
10005d94:	469a      	mov	sl, r3
10005d96:	282e      	cmp	r0, #46	@ 0x2e
10005d98:	d04b      	beq.n	10005e32 <_vsnprintf+0x13e>
10005d9a:	0003      	movs	r3, r0
10005d9c:	3b68      	subs	r3, #104	@ 0x68
10005d9e:	b2db      	uxtb	r3, r3
10005da0:	2b12      	cmp	r3, #18
10005da2:	d81e      	bhi.n	10005de2 <_vsnprintf+0xee>
10005da4:	990e      	ldr	r1, [sp, #56]	@ 0x38
10005da6:	009b      	lsls	r3, r3, #2
10005da8:	58cb      	ldr	r3, [r1, r3]
10005daa:	469f      	mov	pc, r3
10005dac:	4663      	mov	r3, ip
10005dae:	000e      	movs	r6, r1
10005db0:	431a      	orrs	r2, r3
10005db2:	e7d8      	b.n	10005d66 <_vsnprintf+0x72>
10005db4:	4643      	mov	r3, r8
10005db6:	000e      	movs	r6, r1
10005db8:	431a      	orrs	r2, r3
10005dba:	e7d4      	b.n	10005d66 <_vsnprintf+0x72>
10005dbc:	464b      	mov	r3, r9
10005dbe:	000e      	movs	r6, r1
10005dc0:	431a      	orrs	r2, r3
10005dc2:	e7d0      	b.n	10005d66 <_vsnprintf+0x72>
10005dc4:	2310      	movs	r3, #16
10005dc6:	000e      	movs	r6, r1
10005dc8:	431a      	orrs	r2, r3
10005dca:	e7cc      	b.n	10005d66 <_vsnprintf+0x72>
10005dcc:	4653      	mov	r3, sl
10005dce:	000e      	movs	r6, r1
10005dd0:	431a      	orrs	r2, r3
10005dd2:	e7c8      	b.n	10005d66 <_vsnprintf+0x72>
10005dd4:	2380      	movs	r3, #128	@ 0x80
10005dd6:	005b      	lsls	r3, r3, #1
10005dd8:	431a      	orrs	r2, r3
10005dda:	3bff      	subs	r3, #255	@ 0xff
10005ddc:	469c      	mov	ip, r3
10005dde:	7870      	ldrb	r0, [r6, #1]
10005de0:	44e1      	add	r9, ip
10005de2:	464e      	mov	r6, r9
10005de4:	2867      	cmp	r0, #103	@ 0x67
10005de6:	d84f      	bhi.n	10005e88 <_vsnprintf+0x194>
10005de8:	2824      	cmp	r0, #36	@ 0x24
10005dea:	d9a4      	bls.n	10005d36 <_vsnprintf+0x42>
10005dec:	0003      	movs	r3, r0
10005dee:	3b25      	subs	r3, #37	@ 0x25
10005df0:	b2db      	uxtb	r3, r3
10005df2:	2b42      	cmp	r3, #66	@ 0x42
10005df4:	d89f      	bhi.n	10005d36 <_vsnprintf+0x42>
10005df6:	4996      	ldr	r1, [pc, #600]	@ (10006050 <_vsnprintf+0x35c>)
10005df8:	009b      	lsls	r3, r3, #2
10005dfa:	58cb      	ldr	r3, [r1, r3]
10005dfc:	469f      	mov	pc, r3
10005dfe:	2300      	movs	r3, #0
10005e00:	4694      	mov	ip, r2
10005e02:	001e      	movs	r6, r3
10005e04:	e000      	b.n	10005e08 <_vsnprintf+0x114>
10005e06:	3101      	adds	r1, #1
10005e08:	00b3      	lsls	r3, r6, #2
10005e0a:	199b      	adds	r3, r3, r6
10005e0c:	005b      	lsls	r3, r3, #1
10005e0e:	181e      	adds	r6, r3, r0
10005e10:	7808      	ldrb	r0, [r1, #0]
10005e12:	3e30      	subs	r6, #48	@ 0x30
10005e14:	0003      	movs	r3, r0
10005e16:	3b30      	subs	r3, #48	@ 0x30
10005e18:	2b09      	cmp	r3, #9
10005e1a:	d9f4      	bls.n	10005e06 <_vsnprintf+0x112>
10005e1c:	2301      	movs	r3, #1
10005e1e:	4662      	mov	r2, ip
10005e20:	4689      	mov	r9, r1
10005e22:	469c      	mov	ip, r3
10005e24:	2300      	movs	r3, #0
10005e26:	46b0      	mov	r8, r6
10005e28:	469a      	mov	sl, r3
10005e2a:	000e      	movs	r6, r1
10005e2c:	44e1      	add	r9, ip
10005e2e:	282e      	cmp	r0, #46	@ 0x2e
10005e30:	d1b3      	bne.n	10005d9a <_vsnprintf+0xa6>
10005e32:	2130      	movs	r1, #48	@ 0x30
10005e34:	2080      	movs	r0, #128	@ 0x80
10005e36:	4249      	negs	r1, r1
10005e38:	468c      	mov	ip, r1
10005e3a:	00c0      	lsls	r0, r0, #3
10005e3c:	4302      	orrs	r2, r0
10005e3e:	7870      	ldrb	r0, [r6, #1]
10005e40:	464b      	mov	r3, r9
10005e42:	4484      	add	ip, r0
10005e44:	4661      	mov	r1, ip
10005e46:	2909      	cmp	r1, #9
10005e48:	d800      	bhi.n	10005e4c <_vsnprintf+0x158>
10005e4a:	e16c      	b.n	10006126 <_vsnprintf+0x432>
10005e4c:	282a      	cmp	r0, #42	@ 0x2a
10005e4e:	d100      	bne.n	10005e52 <_vsnprintf+0x15e>
10005e50:	e17a      	b.n	10006148 <_vsnprintf+0x454>
10005e52:	2301      	movs	r3, #1
10005e54:	469c      	mov	ip, r3
10005e56:	464e      	mov	r6, r9
10005e58:	44e1      	add	r9, ip
10005e5a:	e79e      	b.n	10005d9a <_vsnprintf+0xa6>
10005e5c:	46a1      	mov	r9, r4
10005e5e:	46a8      	mov	r8, r5
10005e60:	46ba      	mov	sl, r7
10005e62:	45ca      	cmp	sl, r9
10005e64:	d803      	bhi.n	10005e6e <_vsnprintf+0x17a>
10005e66:	2301      	movs	r3, #1
10005e68:	425b      	negs	r3, r3
10005e6a:	4453      	add	r3, sl
10005e6c:	4699      	mov	r9, r3
10005e6e:	4653      	mov	r3, sl
10005e70:	464a      	mov	r2, r9
10005e72:	4659      	mov	r1, fp
10005e74:	2000      	movs	r0, #0
10005e76:	47c0      	blx	r8
10005e78:	0020      	movs	r0, r4
10005e7a:	b025      	add	sp, #148	@ 0x94
10005e7c:	bcf0      	pop	{r4, r5, r6, r7}
10005e7e:	46bb      	mov	fp, r7
10005e80:	46b2      	mov	sl, r6
10005e82:	46a9      	mov	r9, r5
10005e84:	46a0      	mov	r8, r4
10005e86:	bdf0      	pop	{r4, r5, r6, r7, pc}
10005e88:	0003      	movs	r3, r0
10005e8a:	3b69      	subs	r3, #105	@ 0x69
10005e8c:	b2db      	uxtb	r3, r3
10005e8e:	930d      	str	r3, [sp, #52]	@ 0x34
10005e90:	2b0f      	cmp	r3, #15
10005e92:	d900      	bls.n	10005e96 <_vsnprintf+0x1a2>
10005e94:	e74f      	b.n	10005d36 <_vsnprintf+0x42>
10005e96:	2101      	movs	r1, #1
10005e98:	4099      	lsls	r1, r3
10005e9a:	468c      	mov	ip, r1
10005e9c:	496d      	ldr	r1, [pc, #436]	@ (10006054 <_vsnprintf+0x360>)
10005e9e:	4689      	mov	r9, r1
10005ea0:	4661      	mov	r1, ip
10005ea2:	464b      	mov	r3, r9
10005ea4:	4019      	ands	r1, r3
10005ea6:	910f      	str	r1, [sp, #60]	@ 0x3c
10005ea8:	4663      	mov	r3, ip
10005eaa:	4649      	mov	r1, r9
10005eac:	420b      	tst	r3, r1
10005eae:	d000      	beq.n	10005eb2 <_vsnprintf+0x1be>
10005eb0:	e128      	b.n	10006104 <_vsnprintf+0x410>
10005eb2:	9b0d      	ldr	r3, [sp, #52]	@ 0x34
10005eb4:	2b0a      	cmp	r3, #10
10005eb6:	d03a      	beq.n	10005f2e <_vsnprintf+0x23a>
10005eb8:	2b07      	cmp	r3, #7
10005eba:	d000      	beq.n	10005ebe <_vsnprintf+0x1ca>
10005ebc:	e73b      	b.n	10005d36 <_vsnprintf+0x42>
10005ebe:	9b0c      	ldr	r3, [sp, #48]	@ 0x30
10005ec0:	0019      	movs	r1, r3
10005ec2:	c908      	ldmia	r1!, {r3}
10005ec4:	4688      	mov	r8, r1
10005ec6:	2b00      	cmp	r3, #0
10005ec8:	d100      	bne.n	10005ecc <_vsnprintf+0x1d8>
10005eca:	e14b      	b.n	10006164 <_vsnprintf+0x470>
10005ecc:	2021      	movs	r0, #33	@ 0x21
10005ece:	4302      	orrs	r2, r0
10005ed0:	4691      	mov	r9, r2
10005ed2:	a914      	add	r1, sp, #80	@ 0x50
10005ed4:	468c      	mov	ip, r1
10005ed6:	221f      	movs	r2, #31
10005ed8:	210f      	movs	r1, #15
10005eda:	4462      	add	r2, ip
10005edc:	468c      	mov	ip, r1
10005ede:	4651      	mov	r1, sl
10005ee0:	950d      	str	r5, [sp, #52]	@ 0x34
10005ee2:	910c      	str	r1, [sp, #48]	@ 0x30
10005ee4:	46a2      	mov	sl, r4
10005ee6:	0015      	movs	r5, r2
10005ee8:	990f      	ldr	r1, [sp, #60]	@ 0x3c
10005eea:	e002      	b.n	10005ef2 <_vsnprintf+0x1fe>
10005eec:	2920      	cmp	r1, #32
10005eee:	d00c      	beq.n	10005f0a <_vsnprintf+0x216>
10005ef0:	0013      	movs	r3, r2
10005ef2:	4664      	mov	r4, ip
10005ef4:	401c      	ands	r4, r3
10005ef6:	0020      	movs	r0, r4
10005ef8:	3037      	adds	r0, #55	@ 0x37
10005efa:	2c09      	cmp	r4, #9
10005efc:	d800      	bhi.n	10005f00 <_vsnprintf+0x20c>
10005efe:	3807      	subs	r0, #7
10005f00:	3101      	adds	r1, #1
10005f02:	5468      	strb	r0, [r5, r1]
10005f04:	091a      	lsrs	r2, r3, #4
10005f06:	2b0f      	cmp	r3, #15
10005f08:	d8f0      	bhi.n	10005eec <_vsnprintf+0x1f8>
10005f0a:	9b0c      	ldr	r3, [sp, #48]	@ 0x30
10005f0c:	4654      	mov	r4, sl
10005f0e:	9d0d      	ldr	r5, [sp, #52]	@ 0x34
10005f10:	469a      	mov	sl, r3
10005f12:	910f      	str	r1, [sp, #60]	@ 0x3c
10005f14:	e133      	b.n	1000617e <_vsnprintf+0x48a>
10005f16:	9b0c      	ldr	r3, [sp, #48]	@ 0x30
10005f18:	cb02      	ldmia	r3!, {r1}
10005f1a:	4688      	mov	r8, r1
10005f1c:	2900      	cmp	r1, #0
10005f1e:	db47      	blt.n	10005fb0 <_vsnprintf+0x2bc>
10005f20:	930c      	str	r3, [sp, #48]	@ 0x30
10005f22:	2301      	movs	r3, #1
10005f24:	469c      	mov	ip, r3
10005f26:	7870      	ldrb	r0, [r6, #1]
10005f28:	464e      	mov	r6, r9
10005f2a:	44e1      	add	r9, ip
10005f2c:	e731      	b.n	10005d92 <_vsnprintf+0x9e>
10005f2e:	9b0c      	ldr	r3, [sp, #48]	@ 0x30
10005f30:	cb02      	ldmia	r3!, {r1}
10005f32:	9314      	str	r3, [sp, #80]	@ 0x50
10005f34:	4653      	mov	r3, sl
10005f36:	2b00      	cmp	r3, #0
10005f38:	d100      	bne.n	10005f3c <_vsnprintf+0x248>
10005f3a:	e138      	b.n	100061ae <_vsnprintf+0x4ba>
10005f3c:	469c      	mov	ip, r3
10005f3e:	7808      	ldrb	r0, [r1, #0]
10005f40:	000b      	movs	r3, r1
10005f42:	900c      	str	r0, [sp, #48]	@ 0x30
10005f44:	448c      	add	ip, r1
10005f46:	2800      	cmp	r0, #0
10005f48:	d101      	bne.n	10005f4e <_vsnprintf+0x25a>
10005f4a:	f000 fc98 	bl	1000687e <_vsnprintf+0xb8a>
10005f4e:	4689      	mov	r9, r1
10005f50:	4661      	mov	r1, ip
10005f52:	4694      	mov	ip, r2
10005f54:	e003      	b.n	10005f5e <_vsnprintf+0x26a>
10005f56:	785a      	ldrb	r2, [r3, #1]
10005f58:	3301      	adds	r3, #1
10005f5a:	2a00      	cmp	r2, #0
10005f5c:	d001      	beq.n	10005f62 <_vsnprintf+0x26e>
10005f5e:	428b      	cmp	r3, r1
10005f60:	d1f9      	bne.n	10005f56 <_vsnprintf+0x262>
10005f62:	4649      	mov	r1, r9
10005f64:	4662      	mov	r2, ip
10005f66:	1a5b      	subs	r3, r3, r1
10005f68:	900c      	str	r0, [sp, #48]	@ 0x30
10005f6a:	930f      	str	r3, [sp, #60]	@ 0x3c
10005f6c:	0553      	lsls	r3, r2, #21
10005f6e:	d500      	bpl.n	10005f72 <_vsnprintf+0x27e>
10005f70:	e120      	b.n	100061b4 <_vsnprintf+0x4c0>
10005f72:	2302      	movs	r3, #2
10005f74:	0018      	movs	r0, r3
10005f76:	4010      	ands	r0, r2
10005f78:	900d      	str	r0, [sp, #52]	@ 0x34
10005f7a:	4213      	tst	r3, r2
10005f7c:	d100      	bne.n	10005f80 <_vsnprintf+0x28c>
10005f7e:	e3cb      	b.n	10006718 <_vsnprintf+0xa24>
10005f80:	930d      	str	r3, [sp, #52]	@ 0x34
10005f82:	1b0b      	subs	r3, r1, r4
10005f84:	46b1      	mov	r9, r6
10005f86:	469a      	mov	sl, r3
10005f88:	465e      	mov	r6, fp
10005f8a:	980c      	ldr	r0, [sp, #48]	@ 0x30
10005f8c:	0022      	movs	r2, r4
10005f8e:	003b      	movs	r3, r7
10005f90:	0031      	movs	r1, r6
10005f92:	47a8      	blx	r5
10005f94:	4653      	mov	r3, sl
10005f96:	3401      	adds	r4, #1
10005f98:	5d18      	ldrb	r0, [r3, r4]
10005f9a:	2800      	cmp	r0, #0
10005f9c:	d1f6      	bne.n	10005f8c <_vsnprintf+0x298>
10005f9e:	46b3      	mov	fp, r6
10005fa0:	464e      	mov	r6, r9
10005fa2:	9b0d      	ldr	r3, [sp, #52]	@ 0x34
10005fa4:	2b00      	cmp	r3, #0
10005fa6:	d000      	beq.n	10005faa <_vsnprintf+0x2b6>
10005fa8:	e1c7      	b.n	1000633a <_vsnprintf+0x646>
10005faa:	9b14      	ldr	r3, [sp, #80]	@ 0x50
10005fac:	930c      	str	r3, [sp, #48]	@ 0x30
10005fae:	e6c9      	b.n	10005d44 <_vsnprintf+0x50>
10005fb0:	930c      	str	r3, [sp, #48]	@ 0x30
10005fb2:	2301      	movs	r3, #1
10005fb4:	469c      	mov	ip, r3
10005fb6:	3828      	subs	r0, #40	@ 0x28
10005fb8:	4249      	negs	r1, r1
10005fba:	4302      	orrs	r2, r0
10005fbc:	4688      	mov	r8, r1
10005fbe:	7870      	ldrb	r0, [r6, #1]
10005fc0:	464e      	mov	r6, r9
10005fc2:	44e1      	add	r9, ip
10005fc4:	e6e5      	b.n	10005d92 <_vsnprintf+0x9e>
10005fc6:	7870      	ldrb	r0, [r6, #1]
10005fc8:	286c      	cmp	r0, #108	@ 0x6c
10005fca:	d100      	bne.n	10005fce <_vsnprintf+0x2da>
10005fcc:	e17f      	b.n	100062ce <_vsnprintf+0x5da>
10005fce:	2380      	movs	r3, #128	@ 0x80
10005fd0:	005b      	lsls	r3, r3, #1
10005fd2:	431a      	orrs	r2, r3
10005fd4:	3bff      	subs	r3, #255	@ 0xff
10005fd6:	469c      	mov	ip, r3
10005fd8:	44e1      	add	r9, ip
10005fda:	e702      	b.n	10005de2 <_vsnprintf+0xee>
10005fdc:	2380      	movs	r3, #128	@ 0x80
10005fde:	009b      	lsls	r3, r3, #2
10005fe0:	431a      	orrs	r2, r3
10005fe2:	2301      	movs	r3, #1
10005fe4:	469c      	mov	ip, r3
10005fe6:	7870      	ldrb	r0, [r6, #1]
10005fe8:	44e1      	add	r9, ip
10005fea:	e6fa      	b.n	10005de2 <_vsnprintf+0xee>
10005fec:	7870      	ldrb	r0, [r6, #1]
10005fee:	2868      	cmp	r0, #104	@ 0x68
10005ff0:	d100      	bne.n	10005ff4 <_vsnprintf+0x300>
10005ff2:	e173      	b.n	100062dc <_vsnprintf+0x5e8>
10005ff4:	2380      	movs	r3, #128	@ 0x80
10005ff6:	431a      	orrs	r2, r3
10005ff8:	3b7f      	subs	r3, #127	@ 0x7f
10005ffa:	469c      	mov	ip, r3
10005ffc:	44e1      	add	r9, ip
10005ffe:	e6f0      	b.n	10005de2 <_vsnprintf+0xee>
10006000:	2867      	cmp	r0, #103	@ 0x67
10006002:	d100      	bne.n	10006006 <_vsnprintf+0x312>
10006004:	e103      	b.n	1000620e <_vsnprintf+0x51a>
10006006:	2847      	cmp	r0, #71	@ 0x47
10006008:	d100      	bne.n	1000600c <_vsnprintf+0x318>
1000600a:	e15a      	b.n	100062c2 <_vsnprintf+0x5ce>
1000600c:	2845      	cmp	r0, #69	@ 0x45
1000600e:	d100      	bne.n	10006012 <_vsnprintf+0x31e>
10006010:	e15a      	b.n	100062c8 <_vsnprintf+0x5d4>
10006012:	9204      	str	r2, [sp, #16]
10006014:	2107      	movs	r1, #7
10006016:	4642      	mov	r2, r8
10006018:	9b0c      	ldr	r3, [sp, #48]	@ 0x30
1000601a:	9203      	str	r2, [sp, #12]
1000601c:	3307      	adds	r3, #7
1000601e:	4652      	mov	r2, sl
10006020:	438b      	bics	r3, r1
10006022:	0019      	movs	r1, r3
10006024:	9202      	str	r2, [sp, #8]
10006026:	c90c      	ldmia	r1!, {r2, r3}
10006028:	0028      	movs	r0, r5
1000602a:	9200      	str	r2, [sp, #0]
1000602c:	9301      	str	r3, [sp, #4]
1000602e:	910c      	str	r1, [sp, #48]	@ 0x30
10006030:	0022      	movs	r2, r4
10006032:	003b      	movs	r3, r7
10006034:	4659      	mov	r1, fp
10006036:	f7ff fb9f 	bl	10005778 <_etoa>
1000603a:	0004      	movs	r4, r0
1000603c:	e682      	b.n	10005d44 <_vsnprintf+0x50>
1000603e:	46c0      	nop			@ (mov r8, r8)
10006040:	10005cf5 	.word	0x10005cf5
10006044:	2000bef0 	.word	0x2000bef0
10006048:	10013ba8 	.word	0x10013ba8
1000604c:	10013bec 	.word	0x10013bec
10006050:	10013c38 	.word	0x10013c38
10006054:	00009041 	.word	0x00009041
10006058:	2846      	cmp	r0, #70	@ 0x46
1000605a:	d100      	bne.n	1000605e <_vsnprintf+0x36a>
1000605c:	e0db      	b.n	10006216 <_vsnprintf+0x522>
1000605e:	9204      	str	r2, [sp, #16]
10006060:	2107      	movs	r1, #7
10006062:	4642      	mov	r2, r8
10006064:	9b0c      	ldr	r3, [sp, #48]	@ 0x30
10006066:	9203      	str	r2, [sp, #12]
10006068:	3307      	adds	r3, #7
1000606a:	4652      	mov	r2, sl
1000606c:	438b      	bics	r3, r1
1000606e:	0019      	movs	r1, r3
10006070:	9202      	str	r2, [sp, #8]
10006072:	c90c      	ldmia	r1!, {r2, r3}
10006074:	0028      	movs	r0, r5
10006076:	9200      	str	r2, [sp, #0]
10006078:	9301      	str	r3, [sp, #4]
1000607a:	910c      	str	r1, [sp, #48]	@ 0x30
1000607c:	0022      	movs	r2, r4
1000607e:	003b      	movs	r3, r7
10006080:	4659      	mov	r1, fp
10006082:	f7ff f925 	bl	100052d0 <_ftoa>
10006086:	0004      	movs	r4, r0
10006088:	e65c      	b.n	10005d44 <_vsnprintf+0x50>
1000608a:	1c63      	adds	r3, r4, #1
1000608c:	4698      	mov	r8, r3
1000608e:	0022      	movs	r2, r4
10006090:	003b      	movs	r3, r7
10006092:	4659      	mov	r1, fp
10006094:	2025      	movs	r0, #37	@ 0x25
10006096:	47a8      	blx	r5
10006098:	4644      	mov	r4, r8
1000609a:	e653      	b.n	10005d44 <_vsnprintf+0x50>
1000609c:	9b0c      	ldr	r3, [sp, #48]	@ 0x30
1000609e:	3304      	adds	r3, #4
100060a0:	930d      	str	r3, [sp, #52]	@ 0x34
100060a2:	1c63      	adds	r3, r4, #1
100060a4:	4699      	mov	r9, r3
100060a6:	0792      	lsls	r2, r2, #30
100060a8:	d400      	bmi.n	100060ac <_vsnprintf+0x3b8>
100060aa:	e122      	b.n	100062f2 <_vsnprintf+0x5fe>
100060ac:	9b0c      	ldr	r3, [sp, #48]	@ 0x30
100060ae:	0022      	movs	r2, r4
100060b0:	7818      	ldrb	r0, [r3, #0]
100060b2:	4659      	mov	r1, fp
100060b4:	003b      	movs	r3, r7
100060b6:	47a8      	blx	r5
100060b8:	4643      	mov	r3, r8
100060ba:	4444      	add	r4, r8
100060bc:	2b01      	cmp	r3, #1
100060be:	d800      	bhi.n	100060c2 <_vsnprintf+0x3ce>
100060c0:	e285      	b.n	100065ce <_vsnprintf+0x8da>
100060c2:	0033      	movs	r3, r6
100060c4:	46b8      	mov	r8, r7
100060c6:	002e      	movs	r6, r5
100060c8:	465f      	mov	r7, fp
100060ca:	0025      	movs	r5, r4
100060cc:	464c      	mov	r4, r9
100060ce:	4699      	mov	r9, r3
100060d0:	0022      	movs	r2, r4
100060d2:	4643      	mov	r3, r8
100060d4:	3401      	adds	r4, #1
100060d6:	0039      	movs	r1, r7
100060d8:	2020      	movs	r0, #32
100060da:	47b0      	blx	r6
100060dc:	42ac      	cmp	r4, r5
100060de:	d1f7      	bne.n	100060d0 <_vsnprintf+0x3dc>
100060e0:	002c      	movs	r4, r5
100060e2:	46bb      	mov	fp, r7
100060e4:	0035      	movs	r5, r6
100060e6:	4647      	mov	r7, r8
100060e8:	464e      	mov	r6, r9
100060ea:	9b0d      	ldr	r3, [sp, #52]	@ 0x34
100060ec:	930c      	str	r3, [sp, #48]	@ 0x30
100060ee:	e629      	b.n	10005d44 <_vsnprintf+0x50>
100060f0:	4bdb      	ldr	r3, [pc, #876]	@ (10006460 <_vsnprintf+0x76c>)
100060f2:	7830      	ldrb	r0, [r6, #0]
100060f4:	4698      	mov	r8, r3
100060f6:	2300      	movs	r3, #0
100060f8:	4699      	mov	r9, r3
100060fa:	2800      	cmp	r0, #0
100060fc:	d000      	beq.n	10006100 <_vsnprintf+0x40c>
100060fe:	e612      	b.n	10005d26 <_vsnprintf+0x32>
10006100:	2400      	movs	r4, #0
10006102:	e6ae      	b.n	10005e62 <_vsnprintf+0x16e>
10006104:	286f      	cmp	r0, #111	@ 0x6f
10006106:	d100      	bne.n	1000610a <_vsnprintf+0x416>
10006108:	e088      	b.n	1000621c <_vsnprintf+0x528>
1000610a:	d800      	bhi.n	1000610e <_vsnprintf+0x41a>
1000610c:	e30b      	b.n	10006726 <_vsnprintf+0xa32>
1000610e:	2310      	movs	r3, #16
10006110:	2878      	cmp	r0, #120	@ 0x78
10006112:	d100      	bne.n	10006116 <_vsnprintf+0x422>
10006114:	e0cf      	b.n	100062b6 <_vsnprintf+0x5c2>
10006116:	439a      	bics	r2, r3
10006118:	230a      	movs	r3, #10
1000611a:	469c      	mov	ip, r3
1000611c:	2300      	movs	r3, #0
1000611e:	930f      	str	r3, [sp, #60]	@ 0x3c
10006120:	330a      	adds	r3, #10
10006122:	930d      	str	r3, [sp, #52]	@ 0x34
10006124:	e080      	b.n	10006228 <_vsnprintf+0x534>
10006126:	4656      	mov	r6, sl
10006128:	00b1      	lsls	r1, r6, #2
1000612a:	1989      	adds	r1, r1, r6
1000612c:	0049      	lsls	r1, r1, #1
1000612e:	3301      	adds	r3, #1
10006130:	180e      	adds	r6, r1, r0
10006132:	7818      	ldrb	r0, [r3, #0]
10006134:	3e30      	subs	r6, #48	@ 0x30
10006136:	0001      	movs	r1, r0
10006138:	3930      	subs	r1, #48	@ 0x30
1000613a:	2909      	cmp	r1, #9
1000613c:	d9f4      	bls.n	10006128 <_vsnprintf+0x434>
1000613e:	46b2      	mov	sl, r6
10006140:	001e      	movs	r6, r3
10006142:	3301      	adds	r3, #1
10006144:	4699      	mov	r9, r3
10006146:	e628      	b.n	10005d9a <_vsnprintf+0xa6>
10006148:	9b0c      	ldr	r3, [sp, #48]	@ 0x30
1000614a:	3602      	adds	r6, #2
1000614c:	cb02      	ldmia	r3!, {r1}
1000614e:	468a      	mov	sl, r1
10006150:	43c9      	mvns	r1, r1
10006152:	4650      	mov	r0, sl
10006154:	17c9      	asrs	r1, r1, #31
10006156:	4008      	ands	r0, r1
10006158:	4682      	mov	sl, r0
1000615a:	930c      	str	r3, [sp, #48]	@ 0x30
1000615c:	7830      	ldrb	r0, [r6, #0]
1000615e:	1c73      	adds	r3, r6, #1
10006160:	4699      	mov	r9, r3
10006162:	e61a      	b.n	10005d9a <_vsnprintf+0xa6>
10006164:	2310      	movs	r3, #16
10006166:	0010      	movs	r0, r2
10006168:	4398      	bics	r0, r3
1000616a:	3311      	adds	r3, #17
1000616c:	4318      	orrs	r0, r3
1000616e:	4681      	mov	r9, r0
10006170:	2080      	movs	r0, #128	@ 0x80
10006172:	0013      	movs	r3, r2
10006174:	00c0      	lsls	r0, r0, #3
10006176:	4003      	ands	r3, r0
10006178:	4202      	tst	r2, r0
1000617a:	d100      	bne.n	1000617e <_vsnprintf+0x48a>
1000617c:	e6a9      	b.n	10005ed2 <_vsnprintf+0x1de>
1000617e:	464b      	mov	r3, r9
10006180:	9306      	str	r3, [sp, #24]
10006182:	2308      	movs	r3, #8
10006184:	9305      	str	r3, [sp, #20]
10006186:	4653      	mov	r3, sl
10006188:	9304      	str	r3, [sp, #16]
1000618a:	2310      	movs	r3, #16
1000618c:	9303      	str	r3, [sp, #12]
1000618e:	2300      	movs	r3, #0
10006190:	9302      	str	r3, [sp, #8]
10006192:	9b0f      	ldr	r3, [sp, #60]	@ 0x3c
10006194:	0022      	movs	r2, r4
10006196:	9301      	str	r3, [sp, #4]
10006198:	ab1c      	add	r3, sp, #112	@ 0x70
1000619a:	9300      	str	r3, [sp, #0]
1000619c:	4659      	mov	r1, fp
1000619e:	003b      	movs	r3, r7
100061a0:	0028      	movs	r0, r5
100061a2:	f7fe ffa7 	bl	100050f4 <_ntoa_format>
100061a6:	4643      	mov	r3, r8
100061a8:	0004      	movs	r4, r0
100061aa:	930c      	str	r3, [sp, #48]	@ 0x30
100061ac:	e5ca      	b.n	10005d44 <_vsnprintf+0x50>
100061ae:	2301      	movs	r3, #1
100061b0:	425b      	negs	r3, r3
100061b2:	e6c3      	b.n	10005f3c <_vsnprintf+0x248>
100061b4:	9b0f      	ldr	r3, [sp, #60]	@ 0x3c
100061b6:	4553      	cmp	r3, sl
100061b8:	d901      	bls.n	100061be <_vsnprintf+0x4ca>
100061ba:	4653      	mov	r3, sl
100061bc:	930f      	str	r3, [sp, #60]	@ 0x3c
100061be:	2302      	movs	r3, #2
100061c0:	0018      	movs	r0, r3
100061c2:	4010      	ands	r0, r2
100061c4:	900d      	str	r0, [sp, #52]	@ 0x34
100061c6:	4213      	tst	r3, r2
100061c8:	d100      	bne.n	100061cc <_vsnprintf+0x4d8>
100061ca:	e1b7      	b.n	1000653c <_vsnprintf+0x848>
100061cc:	930d      	str	r3, [sp, #52]	@ 0x34
100061ce:	46d1      	mov	r9, sl
100061d0:	1b0b      	subs	r3, r1, r4
100061d2:	469a      	mov	sl, r3
100061d4:	0033      	movs	r3, r6
100061d6:	44a1      	add	r9, r4
100061d8:	002e      	movs	r6, r5
100061da:	0022      	movs	r2, r4
100061dc:	464d      	mov	r5, r9
100061de:	980c      	ldr	r0, [sp, #48]	@ 0x30
100061e0:	46b9      	mov	r9, r7
100061e2:	465f      	mov	r7, fp
100061e4:	469b      	mov	fp, r3
100061e6:	e008      	b.n	100061fa <_vsnprintf+0x506>
100061e8:	464b      	mov	r3, r9
100061ea:	0039      	movs	r1, r7
100061ec:	1c54      	adds	r4, r2, #1
100061ee:	47b0      	blx	r6
100061f0:	4653      	mov	r3, sl
100061f2:	5d18      	ldrb	r0, [r3, r4]
100061f4:	2800      	cmp	r0, #0
100061f6:	d077      	beq.n	100062e8 <_vsnprintf+0x5f4>
100061f8:	0022      	movs	r2, r4
100061fa:	4295      	cmp	r5, r2
100061fc:	d1f4      	bne.n	100061e8 <_vsnprintf+0x4f4>
100061fe:	465b      	mov	r3, fp
10006200:	46bb      	mov	fp, r7
10006202:	464f      	mov	r7, r9
10006204:	46a9      	mov	r9, r5
10006206:	0035      	movs	r5, r6
10006208:	464c      	mov	r4, r9
1000620a:	001e      	movs	r6, r3
1000620c:	e6c9      	b.n	10005fa2 <_vsnprintf+0x2ae>
1000620e:	2380      	movs	r3, #128	@ 0x80
10006210:	011b      	lsls	r3, r3, #4
10006212:	431a      	orrs	r2, r3
10006214:	e6fd      	b.n	10006012 <_vsnprintf+0x31e>
10006216:	2320      	movs	r3, #32
10006218:	431a      	orrs	r2, r3
1000621a:	e720      	b.n	1000605e <_vsnprintf+0x36a>
1000621c:	2308      	movs	r3, #8
1000621e:	469c      	mov	ip, r3
10006220:	2300      	movs	r3, #0
10006222:	930f      	str	r3, [sp, #60]	@ 0x3c
10006224:	3308      	adds	r3, #8
10006226:	930d      	str	r3, [sp, #52]	@ 0x34
10006228:	2380      	movs	r3, #128	@ 0x80
1000622a:	0011      	movs	r1, r2
1000622c:	00db      	lsls	r3, r3, #3
1000622e:	4019      	ands	r1, r3
10006230:	421a      	tst	r2, r3
10006232:	d100      	bne.n	10006236 <_vsnprintf+0x542>
10006234:	e116      	b.n	10006464 <_vsnprintf+0x770>
10006236:	230d      	movs	r3, #13
10006238:	439a      	bics	r2, r3
1000623a:	0010      	movs	r0, r2
1000623c:	2380      	movs	r3, #128	@ 0x80
1000623e:	0002      	movs	r2, r0
10006240:	009b      	lsls	r3, r3, #2
10006242:	401a      	ands	r2, r3
10006244:	9214      	str	r2, [sp, #80]	@ 0x50
10006246:	4218      	tst	r0, r3
10006248:	d000      	beq.n	1000624c <_vsnprintf+0x558>
1000624a:	e1c2      	b.n	100065d2 <_vsnprintf+0x8de>
1000624c:	2380      	movs	r3, #128	@ 0x80
1000624e:	0002      	movs	r2, r0
10006250:	005b      	lsls	r3, r3, #1
10006252:	401a      	ands	r2, r3
10006254:	4691      	mov	r9, r2
10006256:	9a0c      	ldr	r2, [sp, #48]	@ 0x30
10006258:	3204      	adds	r2, #4
1000625a:	920f      	str	r2, [sp, #60]	@ 0x3c
1000625c:	4218      	tst	r0, r3
1000625e:	d000      	beq.n	10006262 <_vsnprintf+0x56e>
10006260:	e2b7      	b.n	100067d2 <_vsnprintf+0xade>
10006262:	0643      	lsls	r3, r0, #25
10006264:	d500      	bpl.n	10006268 <_vsnprintf+0x574>
10006266:	e19f      	b.n	100065a8 <_vsnprintf+0x8b4>
10006268:	0603      	lsls	r3, r0, #24
1000626a:	d400      	bmi.n	1000626e <_vsnprintf+0x57a>
1000626c:	e319      	b.n	100068a2 <_vsnprintf+0xbae>
1000626e:	9b0c      	ldr	r3, [sp, #48]	@ 0x30
10006270:	881b      	ldrh	r3, [r3, #0]
10006272:	9309      	str	r3, [sp, #36]	@ 0x24
10006274:	2b00      	cmp	r3, #0
10006276:	d000      	beq.n	1000627a <_vsnprintf+0x586>
10006278:	e1fc      	b.n	10006674 <_vsnprintf+0x980>
1000627a:	3310      	adds	r3, #16
1000627c:	4398      	bics	r0, r3
1000627e:	2900      	cmp	r1, #0
10006280:	d100      	bne.n	10006284 <_vsnprintf+0x590>
10006282:	e1f7      	b.n	10006674 <_vsnprintf+0x980>
10006284:	2300      	movs	r3, #0
10006286:	4699      	mov	r9, r3
10006288:	4643      	mov	r3, r8
1000628a:	9305      	str	r3, [sp, #20]
1000628c:	4653      	mov	r3, sl
1000628e:	9304      	str	r3, [sp, #16]
10006290:	9b0d      	ldr	r3, [sp, #52]	@ 0x34
10006292:	9006      	str	r0, [sp, #24]
10006294:	9303      	str	r3, [sp, #12]
10006296:	2300      	movs	r3, #0
10006298:	e0d2      	b.n	10006440 <_vsnprintf+0x74c>
1000629a:	2858      	cmp	r0, #88	@ 0x58
1000629c:	d008      	beq.n	100062b0 <_vsnprintf+0x5bc>
1000629e:	2862      	cmp	r0, #98	@ 0x62
100062a0:	d167      	bne.n	10006372 <_vsnprintf+0x67e>
100062a2:	2302      	movs	r3, #2
100062a4:	469c      	mov	ip, r3
100062a6:	2300      	movs	r3, #0
100062a8:	930f      	str	r3, [sp, #60]	@ 0x3c
100062aa:	3302      	adds	r3, #2
100062ac:	930d      	str	r3, [sp, #52]	@ 0x34
100062ae:	e7bb      	b.n	10006228 <_vsnprintf+0x534>
100062b0:	2320      	movs	r3, #32
100062b2:	431a      	orrs	r2, r3
100062b4:	3b10      	subs	r3, #16
100062b6:	469c      	mov	ip, r3
100062b8:	2300      	movs	r3, #0
100062ba:	930f      	str	r3, [sp, #60]	@ 0x3c
100062bc:	3310      	adds	r3, #16
100062be:	930d      	str	r3, [sp, #52]	@ 0x34
100062c0:	e7b2      	b.n	10006228 <_vsnprintf+0x534>
100062c2:	2380      	movs	r3, #128	@ 0x80
100062c4:	011b      	lsls	r3, r3, #4
100062c6:	431a      	orrs	r2, r3
100062c8:	2320      	movs	r3, #32
100062ca:	431a      	orrs	r2, r3
100062cc:	e6a1      	b.n	10006012 <_vsnprintf+0x31e>
100062ce:	23c0      	movs	r3, #192	@ 0xc0
100062d0:	009b      	lsls	r3, r3, #2
100062d2:	431a      	orrs	r2, r3
100062d4:	1cf3      	adds	r3, r6, #3
100062d6:	4699      	mov	r9, r3
100062d8:	78b0      	ldrb	r0, [r6, #2]
100062da:	e582      	b.n	10005de2 <_vsnprintf+0xee>
100062dc:	23c0      	movs	r3, #192	@ 0xc0
100062de:	431a      	orrs	r2, r3
100062e0:	1cf3      	adds	r3, r6, #3
100062e2:	4699      	mov	r9, r3
100062e4:	78b0      	ldrb	r0, [r6, #2]
100062e6:	e57c      	b.n	10005de2 <_vsnprintf+0xee>
100062e8:	0035      	movs	r5, r6
100062ea:	465e      	mov	r6, fp
100062ec:	46bb      	mov	fp, r7
100062ee:	464f      	mov	r7, r9
100062f0:	e657      	b.n	10005fa2 <_vsnprintf+0x2ae>
100062f2:	4643      	mov	r3, r8
100062f4:	2b01      	cmp	r3, #1
100062f6:	d800      	bhi.n	100062fa <_vsnprintf+0x606>
100062f8:	e163      	b.n	100065c2 <_vsnprintf+0x8ce>
100062fa:	1e63      	subs	r3, r4, #1
100062fc:	4443      	add	r3, r8
100062fe:	469a      	mov	sl, r3
10006300:	0033      	movs	r3, r6
10006302:	46b9      	mov	r9, r7
10006304:	002e      	movs	r6, r5
10006306:	465f      	mov	r7, fp
10006308:	4655      	mov	r5, sl
1000630a:	469b      	mov	fp, r3
1000630c:	46a2      	mov	sl, r4
1000630e:	0022      	movs	r2, r4
10006310:	464b      	mov	r3, r9
10006312:	3401      	adds	r4, #1
10006314:	0039      	movs	r1, r7
10006316:	2020      	movs	r0, #32
10006318:	47b0      	blx	r6
1000631a:	42ac      	cmp	r4, r5
1000631c:	d1f7      	bne.n	1000630e <_vsnprintf+0x61a>
1000631e:	0035      	movs	r5, r6
10006320:	465e      	mov	r6, fp
10006322:	46bb      	mov	fp, r7
10006324:	464f      	mov	r7, r9
10006326:	46a1      	mov	r9, r4
10006328:	4654      	mov	r4, sl
1000632a:	9b0c      	ldr	r3, [sp, #48]	@ 0x30
1000632c:	464a      	mov	r2, r9
1000632e:	7818      	ldrb	r0, [r3, #0]
10006330:	4659      	mov	r1, fp
10006332:	003b      	movs	r3, r7
10006334:	4444      	add	r4, r8
10006336:	47a8      	blx	r5
10006338:	e6d7      	b.n	100060ea <_vsnprintf+0x3f6>
1000633a:	46a1      	mov	r9, r4
1000633c:	9b0f      	ldr	r3, [sp, #60]	@ 0x3c
1000633e:	4598      	cmp	r8, r3
10006340:	d800      	bhi.n	10006344 <_vsnprintf+0x650>
10006342:	e632      	b.n	10005faa <_vsnprintf+0x2b6>
10006344:	4444      	add	r4, r8
10006346:	1ae4      	subs	r4, r4, r3
10006348:	0033      	movs	r3, r6
1000634a:	46b8      	mov	r8, r7
1000634c:	002e      	movs	r6, r5
1000634e:	465f      	mov	r7, fp
10006350:	0025      	movs	r5, r4
10006352:	464c      	mov	r4, r9
10006354:	4699      	mov	r9, r3
10006356:	0022      	movs	r2, r4
10006358:	4643      	mov	r3, r8
1000635a:	3401      	adds	r4, #1
1000635c:	0039      	movs	r1, r7
1000635e:	2020      	movs	r0, #32
10006360:	47b0      	blx	r6
10006362:	42ac      	cmp	r4, r5
10006364:	d1f7      	bne.n	10006356 <_vsnprintf+0x662>
10006366:	002c      	movs	r4, r5
10006368:	46bb      	mov	fp, r7
1000636a:	0035      	movs	r5, r6
1000636c:	4647      	mov	r7, r8
1000636e:	464e      	mov	r6, r9
10006370:	e61b      	b.n	10005faa <_vsnprintf+0x2b6>
10006372:	2380      	movs	r3, #128	@ 0x80
10006374:	0010      	movs	r0, r2
10006376:	00db      	lsls	r3, r3, #3
10006378:	4018      	ands	r0, r3
1000637a:	421a      	tst	r2, r3
1000637c:	d100      	bne.n	10006380 <_vsnprintf+0x68c>
1000637e:	e10f      	b.n	100065a0 <_vsnprintf+0x8ac>
10006380:	2111      	movs	r1, #17
10006382:	0018      	movs	r0, r3
10006384:	438a      	bics	r2, r1
10006386:	920d      	str	r2, [sp, #52]	@ 0x34
10006388:	9a0d      	ldr	r2, [sp, #52]	@ 0x34
1000638a:	2380      	movs	r3, #128	@ 0x80
1000638c:	0011      	movs	r1, r2
1000638e:	009b      	lsls	r3, r3, #2
10006390:	4019      	ands	r1, r3
10006392:	468c      	mov	ip, r1
10006394:	421a      	tst	r2, r3
10006396:	d169      	bne.n	1000646c <_vsnprintf+0x778>
10006398:	2380      	movs	r3, #128	@ 0x80
1000639a:	0011      	movs	r1, r2
1000639c:	005b      	lsls	r3, r3, #1
1000639e:	4019      	ands	r1, r3
100063a0:	4689      	mov	r9, r1
100063a2:	990c      	ldr	r1, [sp, #48]	@ 0x30
100063a4:	3104      	adds	r1, #4
100063a6:	910f      	str	r1, [sp, #60]	@ 0x3c
100063a8:	421a      	tst	r2, r3
100063aa:	d000      	beq.n	100063ae <_vsnprintf+0x6ba>
100063ac:	e1ca      	b.n	10006744 <_vsnprintf+0xa50>
100063ae:	0013      	movs	r3, r2
100063b0:	065b      	lsls	r3, r3, #25
100063b2:	d500      	bpl.n	100063b6 <_vsnprintf+0x6c2>
100063b4:	e0f0      	b.n	10006598 <_vsnprintf+0x8a4>
100063b6:	0013      	movs	r3, r2
100063b8:	061b      	lsls	r3, r3, #24
100063ba:	d400      	bmi.n	100063be <_vsnprintf+0x6ca>
100063bc:	e259      	b.n	10006872 <_vsnprintf+0xb7e>
100063be:	9b0c      	ldr	r3, [sp, #48]	@ 0x30
100063c0:	2200      	movs	r2, #0
100063c2:	5e9b      	ldrsh	r3, [r3, r2]
100063c4:	17d9      	asrs	r1, r3, #31
100063c6:	185a      	adds	r2, r3, r1
100063c8:	404a      	eors	r2, r1
100063ca:	b292      	uxth	r2, r2
100063cc:	0fd9      	lsrs	r1, r3, #31
100063ce:	910c      	str	r1, [sp, #48]	@ 0x30
100063d0:	2b00      	cmp	r3, #0
100063d2:	d100      	bne.n	100063d6 <_vsnprintf+0x6e2>
100063d4:	e1f9      	b.n	100067ca <_vsnprintf+0xad6>
100063d6:	0010      	movs	r0, r2
100063d8:	aa14      	add	r2, sp, #80	@ 0x50
100063da:	4694      	mov	ip, r2
100063dc:	4642      	mov	r2, r8
100063de:	231f      	movs	r3, #31
100063e0:	9214      	str	r2, [sp, #80]	@ 0x50
100063e2:	4652      	mov	r2, sl
100063e4:	4463      	add	r3, ip
100063e6:	46a8      	mov	r8, r5
100063e8:	9416      	str	r4, [sp, #88]	@ 0x58
100063ea:	464d      	mov	r5, r9
100063ec:	0004      	movs	r4, r0
100063ee:	46b9      	mov	r9, r7
100063f0:	46b2      	mov	sl, r6
100063f2:	001f      	movs	r7, r3
100063f4:	9215      	str	r2, [sp, #84]	@ 0x54
100063f6:	e001      	b.n	100063fc <_vsnprintf+0x708>
100063f8:	2d20      	cmp	r5, #32
100063fa:	d00f      	beq.n	1000641c <_vsnprintf+0x728>
100063fc:	0020      	movs	r0, r4
100063fe:	210a      	movs	r1, #10
10006400:	f7fd fe5c 	bl	100040bc <__wrap___aeabi_uidiv>
10006404:	3501      	adds	r5, #1
10006406:	197e      	adds	r6, r7, r5
10006408:	3130      	adds	r1, #48	@ 0x30
1000640a:	7031      	strb	r1, [r6, #0]
1000640c:	0020      	movs	r0, r4
1000640e:	210a      	movs	r1, #10
10006410:	f7fd fe54 	bl	100040bc <__wrap___aeabi_uidiv>
10006414:	0026      	movs	r6, r4
10006416:	0004      	movs	r4, r0
10006418:	2e09      	cmp	r6, #9
1000641a:	d8ed      	bhi.n	100063f8 <_vsnprintf+0x704>
1000641c:	9b14      	ldr	r3, [sp, #80]	@ 0x50
1000641e:	464f      	mov	r7, r9
10006420:	46a9      	mov	r9, r5
10006422:	4645      	mov	r5, r8
10006424:	4698      	mov	r8, r3
10006426:	9b15      	ldr	r3, [sp, #84]	@ 0x54
10006428:	4656      	mov	r6, sl
1000642a:	469a      	mov	sl, r3
1000642c:	9c16      	ldr	r4, [sp, #88]	@ 0x58
1000642e:	9b0d      	ldr	r3, [sp, #52]	@ 0x34
10006430:	9306      	str	r3, [sp, #24]
10006432:	4643      	mov	r3, r8
10006434:	9305      	str	r3, [sp, #20]
10006436:	4653      	mov	r3, sl
10006438:	9304      	str	r3, [sp, #16]
1000643a:	230a      	movs	r3, #10
1000643c:	9303      	str	r3, [sp, #12]
1000643e:	9b0c      	ldr	r3, [sp, #48]	@ 0x30
10006440:	9302      	str	r3, [sp, #8]
10006442:	464b      	mov	r3, r9
10006444:	9301      	str	r3, [sp, #4]
10006446:	ab1c      	add	r3, sp, #112	@ 0x70
10006448:	0022      	movs	r2, r4
1000644a:	9300      	str	r3, [sp, #0]
1000644c:	4659      	mov	r1, fp
1000644e:	003b      	movs	r3, r7
10006450:	0028      	movs	r0, r5
10006452:	f7fe fe4f 	bl	100050f4 <_ntoa_format>
10006456:	9b0f      	ldr	r3, [sp, #60]	@ 0x3c
10006458:	0004      	movs	r4, r0
1000645a:	930c      	str	r3, [sp, #48]	@ 0x30
1000645c:	e472      	b.n	10005d44 <_vsnprintf+0x50>
1000645e:	46c0      	nop			@ (mov r8, r8)
10006460:	10005045 	.word	0x10005045
10006464:	230c      	movs	r3, #12
10006466:	439a      	bics	r2, r3
10006468:	0010      	movs	r0, r2
1000646a:	e6e7      	b.n	1000623c <_vsnprintf+0x548>
1000646c:	2207      	movs	r2, #7
1000646e:	9b0c      	ldr	r3, [sp, #48]	@ 0x30
10006470:	3307      	adds	r3, #7
10006472:	4393      	bics	r3, r2
10006474:	3201      	adds	r2, #1
10006476:	4694      	mov	ip, r2
10006478:	449c      	add	ip, r3
1000647a:	4662      	mov	r2, ip
1000647c:	920c      	str	r2, [sp, #48]	@ 0x30
1000647e:	cb0c      	ldmia	r3, {r2, r3}
10006480:	0fd9      	lsrs	r1, r3, #31
10006482:	910f      	str	r1, [sp, #60]	@ 0x3c
10006484:	0011      	movs	r1, r2
10006486:	4319      	orrs	r1, r3
10006488:	d100      	bne.n	1000648c <_vsnprintf+0x798>
1000648a:	e091      	b.n	100065b0 <_vsnprintf+0x8bc>
1000648c:	17d9      	asrs	r1, r3, #31
1000648e:	9113      	str	r1, [sp, #76]	@ 0x4c
10006490:	9112      	str	r1, [sp, #72]	@ 0x48
10006492:	4051      	eors	r1, r2
10006494:	9110      	str	r1, [sp, #64]	@ 0x40
10006496:	9913      	ldr	r1, [sp, #76]	@ 0x4c
10006498:	4059      	eors	r1, r3
1000649a:	9111      	str	r1, [sp, #68]	@ 0x44
1000649c:	9810      	ldr	r0, [sp, #64]	@ 0x40
1000649e:	9911      	ldr	r1, [sp, #68]	@ 0x44
100064a0:	9a12      	ldr	r2, [sp, #72]	@ 0x48
100064a2:	9b13      	ldr	r3, [sp, #76]	@ 0x4c
100064a4:	1a80      	subs	r0, r0, r2
100064a6:	4199      	sbcs	r1, r3
100064a8:	9010      	str	r0, [sp, #64]	@ 0x40
100064aa:	9111      	str	r1, [sp, #68]	@ 0x44
100064ac:	aa14      	add	r2, sp, #80	@ 0x50
100064ae:	2300      	movs	r3, #0
100064b0:	4694      	mov	ip, r2
100064b2:	4642      	mov	r2, r8
100064b4:	4699      	mov	r9, r3
100064b6:	9214      	str	r2, [sp, #80]	@ 0x50
100064b8:	4652      	mov	r2, sl
100064ba:	331f      	adds	r3, #31
100064bc:	4463      	add	r3, ip
100064be:	46a8      	mov	r8, r5
100064c0:	46b2      	mov	sl, r6
100064c2:	9416      	str	r4, [sp, #88]	@ 0x58
100064c4:	464e      	mov	r6, r9
100064c6:	9c10      	ldr	r4, [sp, #64]	@ 0x40
100064c8:	9d11      	ldr	r5, [sp, #68]	@ 0x44
100064ca:	46b9      	mov	r9, r7
100064cc:	9215      	str	r2, [sp, #84]	@ 0x54
100064ce:	001f      	movs	r7, r3
100064d0:	e001      	b.n	100064d6 <_vsnprintf+0x7e2>
100064d2:	2e20      	cmp	r6, #32
100064d4:	d010      	beq.n	100064f8 <_vsnprintf+0x804>
100064d6:	0020      	movs	r0, r4
100064d8:	0029      	movs	r1, r5
100064da:	220a      	movs	r2, #10
100064dc:	2300      	movs	r3, #0
100064de:	f7fd fe2b 	bl	10004138 <__wrap___aeabi_uldivmod>
100064e2:	3601      	adds	r6, #1
100064e4:	3230      	adds	r2, #48	@ 0x30
100064e6:	002b      	movs	r3, r5
100064e8:	55ba      	strb	r2, [r7, r6]
100064ea:	000d      	movs	r5, r1
100064ec:	0022      	movs	r2, r4
100064ee:	0004      	movs	r4, r0
100064f0:	2b00      	cmp	r3, #0
100064f2:	d1ee      	bne.n	100064d2 <_vsnprintf+0x7de>
100064f4:	2a09      	cmp	r2, #9
100064f6:	d8ec      	bhi.n	100064d2 <_vsnprintf+0x7de>
100064f8:	9b14      	ldr	r3, [sp, #80]	@ 0x50
100064fa:	9410      	str	r4, [sp, #64]	@ 0x40
100064fc:	9511      	str	r5, [sp, #68]	@ 0x44
100064fe:	4645      	mov	r5, r8
10006500:	4698      	mov	r8, r3
10006502:	9b15      	ldr	r3, [sp, #84]	@ 0x54
10006504:	464f      	mov	r7, r9
10006506:	46b1      	mov	r9, r6
10006508:	4656      	mov	r6, sl
1000650a:	469a      	mov	sl, r3
1000650c:	9c16      	ldr	r4, [sp, #88]	@ 0x58
1000650e:	9b0d      	ldr	r3, [sp, #52]	@ 0x34
10006510:	9306      	str	r3, [sp, #24]
10006512:	4643      	mov	r3, r8
10006514:	9305      	str	r3, [sp, #20]
10006516:	4653      	mov	r3, sl
10006518:	9304      	str	r3, [sp, #16]
1000651a:	230a      	movs	r3, #10
1000651c:	9303      	str	r3, [sp, #12]
1000651e:	9b0f      	ldr	r3, [sp, #60]	@ 0x3c
10006520:	9302      	str	r3, [sp, #8]
10006522:	464b      	mov	r3, r9
10006524:	9301      	str	r3, [sp, #4]
10006526:	ab1c      	add	r3, sp, #112	@ 0x70
10006528:	0022      	movs	r2, r4
1000652a:	9300      	str	r3, [sp, #0]
1000652c:	4659      	mov	r1, fp
1000652e:	003b      	movs	r3, r7
10006530:	0028      	movs	r0, r5
10006532:	f7fe fddf 	bl	100050f4 <_ntoa_format>
10006536:	0004      	movs	r4, r0
10006538:	f7ff fc04 	bl	10005d44 <_vsnprintf+0x50>
1000653c:	9b0f      	ldr	r3, [sp, #60]	@ 0x3c
1000653e:	4598      	cmp	r8, r3
10006540:	d800      	bhi.n	10006544 <_vsnprintf+0x850>
10006542:	e1c1      	b.n	100068c8 <_vsnprintf+0xbd4>
10006544:	2380      	movs	r3, #128	@ 0x80
10006546:	00db      	lsls	r3, r3, #3
10006548:	930d      	str	r3, [sp, #52]	@ 0x34
1000654a:	4643      	mov	r3, r8
1000654c:	9a0f      	ldr	r2, [sp, #60]	@ 0x3c
1000654e:	191b      	adds	r3, r3, r4
10006550:	1a9b      	subs	r3, r3, r2
10006552:	4699      	mov	r9, r3
10006554:	0033      	movs	r3, r6
10006556:	002e      	movs	r6, r5
10006558:	464d      	mov	r5, r9
1000655a:	46b9      	mov	r9, r7
1000655c:	465f      	mov	r7, fp
1000655e:	469b      	mov	fp, r3
10006560:	910c      	str	r1, [sp, #48]	@ 0x30
10006562:	0022      	movs	r2, r4
10006564:	464b      	mov	r3, r9
10006566:	3401      	adds	r4, #1
10006568:	0039      	movs	r1, r7
1000656a:	2020      	movs	r0, #32
1000656c:	47b0      	blx	r6
1000656e:	42ac      	cmp	r4, r5
10006570:	d1f7      	bne.n	10006562 <_vsnprintf+0x86e>
10006572:	4643      	mov	r3, r8
10006574:	990c      	ldr	r1, [sp, #48]	@ 0x30
10006576:	3301      	adds	r3, #1
10006578:	930f      	str	r3, [sp, #60]	@ 0x3c
1000657a:	780b      	ldrb	r3, [r1, #0]
1000657c:	0035      	movs	r5, r6
1000657e:	930c      	str	r3, [sp, #48]	@ 0x30
10006580:	465e      	mov	r6, fp
10006582:	46bb      	mov	fp, r7
10006584:	464f      	mov	r7, r9
10006586:	2b00      	cmp	r3, #0
10006588:	d100      	bne.n	1000658c <_vsnprintf+0x898>
1000658a:	e50e      	b.n	10005faa <_vsnprintf+0x2b6>
1000658c:	9b0d      	ldr	r3, [sp, #52]	@ 0x34
1000658e:	2b00      	cmp	r3, #0
10006590:	d100      	bne.n	10006594 <_vsnprintf+0x8a0>
10006592:	e4f6      	b.n	10005f82 <_vsnprintf+0x28e>
10006594:	2300      	movs	r3, #0
10006596:	e619      	b.n	100061cc <_vsnprintf+0x4d8>
10006598:	9b0c      	ldr	r3, [sp, #48]	@ 0x30
1000659a:	781b      	ldrb	r3, [r3, #0]
1000659c:	001a      	movs	r2, r3
1000659e:	e715      	b.n	100063cc <_vsnprintf+0x6d8>
100065a0:	2310      	movs	r3, #16
100065a2:	439a      	bics	r2, r3
100065a4:	920d      	str	r2, [sp, #52]	@ 0x34
100065a6:	e6ef      	b.n	10006388 <_vsnprintf+0x694>
100065a8:	9b0c      	ldr	r3, [sp, #48]	@ 0x30
100065aa:	781b      	ldrb	r3, [r3, #0]
100065ac:	9309      	str	r3, [sp, #36]	@ 0x24
100065ae:	e661      	b.n	10006274 <_vsnprintf+0x580>
100065b0:	2300      	movs	r3, #0
100065b2:	4699      	mov	r9, r3
100065b4:	2800      	cmp	r0, #0
100065b6:	d1aa      	bne.n	1000650e <_vsnprintf+0x81a>
100065b8:	2200      	movs	r2, #0
100065ba:	2300      	movs	r3, #0
100065bc:	9210      	str	r2, [sp, #64]	@ 0x40
100065be:	9311      	str	r3, [sp, #68]	@ 0x44
100065c0:	e774      	b.n	100064ac <_vsnprintf+0x7b8>
100065c2:	9b0c      	ldr	r3, [sp, #48]	@ 0x30
100065c4:	0022      	movs	r2, r4
100065c6:	7818      	ldrb	r0, [r3, #0]
100065c8:	4659      	mov	r1, fp
100065ca:	003b      	movs	r3, r7
100065cc:	47a8      	blx	r5
100065ce:	464c      	mov	r4, r9
100065d0:	e58b      	b.n	100060ea <_vsnprintf+0x3f6>
100065d2:	9a0c      	ldr	r2, [sp, #48]	@ 0x30
100065d4:	3bfa      	subs	r3, #250	@ 0xfa
100065d6:	3bff      	subs	r3, #255	@ 0xff
100065d8:	3207      	adds	r2, #7
100065da:	439a      	bics	r2, r3
100065dc:	3301      	adds	r3, #1
100065de:	4699      	mov	r9, r3
100065e0:	4491      	add	r9, r2
100065e2:	464b      	mov	r3, r9
100065e4:	930c      	str	r3, [sp, #48]	@ 0x30
100065e6:	6813      	ldr	r3, [r2, #0]
100065e8:	6852      	ldr	r2, [r2, #4]
100065ea:	9215      	str	r2, [sp, #84]	@ 0x54
100065ec:	431a      	orrs	r2, r3
100065ee:	d106      	bne.n	100065fe <_vsnprintf+0x90a>
100065f0:	3210      	adds	r2, #16
100065f2:	4390      	bics	r0, r2
100065f4:	2200      	movs	r2, #0
100065f6:	9209      	str	r2, [sp, #36]	@ 0x24
100065f8:	2900      	cmp	r1, #0
100065fa:	d000      	beq.n	100065fe <_vsnprintf+0x90a>
100065fc:	e081      	b.n	10006702 <_vsnprintf+0xa0e>
100065fe:	2261      	movs	r2, #97	@ 0x61
10006600:	0681      	lsls	r1, r0, #26
10006602:	d500      	bpl.n	10006606 <_vsnprintf+0x912>
10006604:	2241      	movs	r2, #65	@ 0x41
10006606:	b2d2      	uxtb	r2, r2
10006608:	920a      	str	r2, [sp, #40]	@ 0x28
1000660a:	aa14      	add	r2, sp, #80	@ 0x50
1000660c:	4691      	mov	r9, r2
1000660e:	9a0a      	ldr	r2, [sp, #40]	@ 0x28
10006610:	2100      	movs	r1, #0
10006612:	3a0a      	subs	r2, #10
10006614:	9214      	str	r2, [sp, #80]	@ 0x50
10006616:	4642      	mov	r2, r8
10006618:	9217      	str	r2, [sp, #92]	@ 0x5c
1000661a:	4652      	mov	r2, sl
1000661c:	9218      	str	r2, [sp, #96]	@ 0x60
1000661e:	465a      	mov	r2, fp
10006620:	9109      	str	r1, [sp, #36]	@ 0x24
10006622:	46b3      	mov	fp, r6
10006624:	311f      	adds	r1, #31
10006626:	001e      	movs	r6, r3
10006628:	9b0f      	ldr	r3, [sp, #60]	@ 0x3c
1000662a:	4449      	add	r1, r9
1000662c:	46ba      	mov	sl, r7
1000662e:	9419      	str	r4, [sp, #100]	@ 0x64
10006630:	951a      	str	r5, [sp, #104]	@ 0x68
10006632:	2400      	movs	r4, #0
10006634:	4667      	mov	r7, ip
10006636:	4698      	mov	r8, r3
10006638:	4689      	mov	r9, r1
1000663a:	9d15      	ldr	r5, [sp, #84]	@ 0x54
1000663c:	9016      	str	r0, [sp, #88]	@ 0x58
1000663e:	921b      	str	r2, [sp, #108]	@ 0x6c
10006640:	e00a      	b.n	10006658 <_vsnprintf+0x964>
10006642:	3230      	adds	r2, #48	@ 0x30
10006644:	b2d2      	uxtb	r2, r2
10006646:	464b      	mov	r3, r9
10006648:	3401      	adds	r4, #1
1000664a:	551a      	strb	r2, [r3, r4]
1000664c:	45a8      	cmp	r8, r5
1000664e:	d04a      	beq.n	100066e6 <_vsnprintf+0x9f2>
10006650:	2c20      	cmp	r4, #32
10006652:	d04a      	beq.n	100066ea <_vsnprintf+0x9f6>
10006654:	0006      	movs	r6, r0
10006656:	000d      	movs	r5, r1
10006658:	003a      	movs	r2, r7
1000665a:	2300      	movs	r3, #0
1000665c:	0030      	movs	r0, r6
1000665e:	0029      	movs	r1, r5
10006660:	f7fd fd6a 	bl	10004138 <__wrap___aeabi_uldivmod>
10006664:	b2d2      	uxtb	r2, r2
10006666:	2a09      	cmp	r2, #9
10006668:	d9eb      	bls.n	10006642 <_vsnprintf+0x94e>
1000666a:	9b14      	ldr	r3, [sp, #80]	@ 0x50
1000666c:	469c      	mov	ip, r3
1000666e:	4462      	add	r2, ip
10006670:	b2d2      	uxtb	r2, r2
10006672:	e7e8      	b.n	10006646 <_vsnprintf+0x952>
10006674:	2361      	movs	r3, #97	@ 0x61
10006676:	0682      	lsls	r2, r0, #26
10006678:	d500      	bpl.n	1000667c <_vsnprintf+0x988>
1000667a:	2341      	movs	r3, #65	@ 0x41
1000667c:	b2db      	uxtb	r3, r3
1000667e:	3b0a      	subs	r3, #10
10006680:	930c      	str	r3, [sp, #48]	@ 0x30
10006682:	4643      	mov	r3, r8
10006684:	a914      	add	r1, sp, #80	@ 0x50
10006686:	221f      	movs	r2, #31
10006688:	468c      	mov	ip, r1
1000668a:	9315      	str	r3, [sp, #84]	@ 0x54
1000668c:	4653      	mov	r3, sl
1000668e:	4462      	add	r2, ip
10006690:	46a0      	mov	r8, r4
10006692:	46b2      	mov	sl, r6
10006694:	464c      	mov	r4, r9
10006696:	9717      	str	r7, [sp, #92]	@ 0x5c
10006698:	46a9      	mov	r9, r5
1000669a:	0017      	movs	r7, r2
1000669c:	9d09      	ldr	r5, [sp, #36]	@ 0x24
1000669e:	9e0d      	ldr	r6, [sp, #52]	@ 0x34
100066a0:	9014      	str	r0, [sp, #80]	@ 0x50
100066a2:	9316      	str	r3, [sp, #88]	@ 0x58
100066a4:	e008      	b.n	100066b8 <_vsnprintf+0x9c4>
100066a6:	3330      	adds	r3, #48	@ 0x30
100066a8:	b2db      	uxtb	r3, r3
100066aa:	3401      	adds	r4, #1
100066ac:	553b      	strb	r3, [r7, r4]
100066ae:	42b5      	cmp	r5, r6
100066b0:	d30e      	bcc.n	100066d0 <_vsnprintf+0x9dc>
100066b2:	2c20      	cmp	r4, #32
100066b4:	d00c      	beq.n	100066d0 <_vsnprintf+0x9dc>
100066b6:	0005      	movs	r5, r0
100066b8:	0031      	movs	r1, r6
100066ba:	0028      	movs	r0, r5
100066bc:	f7fd fcfe 	bl	100040bc <__wrap___aeabi_uidiv>
100066c0:	b2cb      	uxtb	r3, r1
100066c2:	2909      	cmp	r1, #9
100066c4:	d9ef      	bls.n	100066a6 <_vsnprintf+0x9b2>
100066c6:	9a0c      	ldr	r2, [sp, #48]	@ 0x30
100066c8:	4694      	mov	ip, r2
100066ca:	4463      	add	r3, ip
100066cc:	b2db      	uxtb	r3, r3
100066ce:	e7ec      	b.n	100066aa <_vsnprintf+0x9b6>
100066d0:	9b15      	ldr	r3, [sp, #84]	@ 0x54
100066d2:	464d      	mov	r5, r9
100066d4:	46a1      	mov	r9, r4
100066d6:	4644      	mov	r4, r8
100066d8:	4698      	mov	r8, r3
100066da:	9b16      	ldr	r3, [sp, #88]	@ 0x58
100066dc:	4656      	mov	r6, sl
100066de:	9814      	ldr	r0, [sp, #80]	@ 0x50
100066e0:	469a      	mov	sl, r3
100066e2:	9f17      	ldr	r7, [sp, #92]	@ 0x5c
100066e4:	e5d0      	b.n	10006288 <_vsnprintf+0x594>
100066e6:	42b7      	cmp	r7, r6
100066e8:	d9b2      	bls.n	10006650 <_vsnprintf+0x95c>
100066ea:	9b17      	ldr	r3, [sp, #92]	@ 0x5c
100066ec:	4657      	mov	r7, sl
100066ee:	4698      	mov	r8, r3
100066f0:	9b18      	ldr	r3, [sp, #96]	@ 0x60
100066f2:	465e      	mov	r6, fp
100066f4:	469a      	mov	sl, r3
100066f6:	9b1b      	ldr	r3, [sp, #108]	@ 0x6c
100066f8:	9409      	str	r4, [sp, #36]	@ 0x24
100066fa:	469b      	mov	fp, r3
100066fc:	9816      	ldr	r0, [sp, #88]	@ 0x58
100066fe:	9c19      	ldr	r4, [sp, #100]	@ 0x64
10006700:	9d1a      	ldr	r5, [sp, #104]	@ 0x68
10006702:	4643      	mov	r3, r8
10006704:	9305      	str	r3, [sp, #20]
10006706:	4653      	mov	r3, sl
10006708:	9304      	str	r3, [sp, #16]
1000670a:	9b0d      	ldr	r3, [sp, #52]	@ 0x34
1000670c:	9006      	str	r0, [sp, #24]
1000670e:	9303      	str	r3, [sp, #12]
10006710:	2300      	movs	r3, #0
10006712:	9302      	str	r3, [sp, #8]
10006714:	9b09      	ldr	r3, [sp, #36]	@ 0x24
10006716:	e705      	b.n	10006524 <_vsnprintf+0x830>
10006718:	9b0f      	ldr	r3, [sp, #60]	@ 0x3c
1000671a:	4598      	cmp	r8, r3
1000671c:	d900      	bls.n	10006720 <_vsnprintf+0xa2c>
1000671e:	e714      	b.n	1000654a <_vsnprintf+0x856>
10006720:	3301      	adds	r3, #1
10006722:	930f      	str	r3, [sp, #60]	@ 0x3c
10006724:	e42d      	b.n	10005f82 <_vsnprintf+0x28e>
10006726:	2310      	movs	r3, #16
10006728:	0011      	movs	r1, r2
1000672a:	4399      	bics	r1, r3
1000672c:	910d      	str	r1, [sp, #52]	@ 0x34
1000672e:	2869      	cmp	r0, #105	@ 0x69
10006730:	d000      	beq.n	10006734 <_vsnprintf+0xa40>
10006732:	e0ba      	b.n	100068aa <_vsnprintf+0xbb6>
10006734:	2380      	movs	r3, #128	@ 0x80
10006736:	0010      	movs	r0, r2
10006738:	00db      	lsls	r3, r3, #3
1000673a:	4018      	ands	r0, r3
1000673c:	421a      	tst	r2, r3
1000673e:	d100      	bne.n	10006742 <_vsnprintf+0xa4e>
10006740:	e622      	b.n	10006388 <_vsnprintf+0x694>
10006742:	e61d      	b.n	10006380 <_vsnprintf+0x68c>
10006744:	9b0c      	ldr	r3, [sp, #48]	@ 0x30
10006746:	681b      	ldr	r3, [r3, #0]
10006748:	0fda      	lsrs	r2, r3, #31
1000674a:	0011      	movs	r1, r2
1000674c:	2b00      	cmp	r3, #0
1000674e:	d100      	bne.n	10006752 <_vsnprintf+0xa5e>
10006750:	e08c      	b.n	1000686c <_vsnprintf+0xb78>
10006752:	17da      	asrs	r2, r3, #31
10006754:	1898      	adds	r0, r3, r2
10006756:	4050      	eors	r0, r2
10006758:	aa14      	add	r2, sp, #80	@ 0x50
1000675a:	4691      	mov	r9, r2
1000675c:	4642      	mov	r2, r8
1000675e:	231f      	movs	r3, #31
10006760:	9214      	str	r2, [sp, #80]	@ 0x50
10006762:	4652      	mov	r2, sl
10006764:	444b      	add	r3, r9
10006766:	46a0      	mov	r8, r4
10006768:	46a9      	mov	r9, r5
1000676a:	9716      	str	r7, [sp, #88]	@ 0x58
1000676c:	0004      	movs	r4, r0
1000676e:	4665      	mov	r5, ip
10006770:	46b2      	mov	sl, r6
10006772:	001f      	movs	r7, r3
10006774:	910c      	str	r1, [sp, #48]	@ 0x30
10006776:	9215      	str	r2, [sp, #84]	@ 0x54
10006778:	e001      	b.n	1000677e <_vsnprintf+0xa8a>
1000677a:	2d20      	cmp	r5, #32
1000677c:	d00f      	beq.n	1000679e <_vsnprintf+0xaaa>
1000677e:	0020      	movs	r0, r4
10006780:	210a      	movs	r1, #10
10006782:	f7fd fc9b 	bl	100040bc <__wrap___aeabi_uidiv>
10006786:	3501      	adds	r5, #1
10006788:	197e      	adds	r6, r7, r5
1000678a:	3130      	adds	r1, #48	@ 0x30
1000678c:	7031      	strb	r1, [r6, #0]
1000678e:	0020      	movs	r0, r4
10006790:	210a      	movs	r1, #10
10006792:	f7fd fc93 	bl	100040bc <__wrap___aeabi_uidiv>
10006796:	0026      	movs	r6, r4
10006798:	0004      	movs	r4, r0
1000679a:	2e09      	cmp	r6, #9
1000679c:	d8ed      	bhi.n	1000677a <_vsnprintf+0xa86>
1000679e:	9b14      	ldr	r3, [sp, #80]	@ 0x50
100067a0:	4644      	mov	r4, r8
100067a2:	4698      	mov	r8, r3
100067a4:	9b0c      	ldr	r3, [sp, #48]	@ 0x30
100067a6:	46ac      	mov	ip, r5
100067a8:	0019      	movs	r1, r3
100067aa:	9b15      	ldr	r3, [sp, #84]	@ 0x54
100067ac:	4656      	mov	r6, sl
100067ae:	464d      	mov	r5, r9
100067b0:	469a      	mov	sl, r3
100067b2:	9f16      	ldr	r7, [sp, #88]	@ 0x58
100067b4:	9b0d      	ldr	r3, [sp, #52]	@ 0x34
100067b6:	9102      	str	r1, [sp, #8]
100067b8:	9306      	str	r3, [sp, #24]
100067ba:	4643      	mov	r3, r8
100067bc:	9305      	str	r3, [sp, #20]
100067be:	4653      	mov	r3, sl
100067c0:	9304      	str	r3, [sp, #16]
100067c2:	230a      	movs	r3, #10
100067c4:	9303      	str	r3, [sp, #12]
100067c6:	4663      	mov	r3, ip
100067c8:	e63c      	b.n	10006444 <_vsnprintf+0x750>
100067ca:	2800      	cmp	r0, #0
100067cc:	d000      	beq.n	100067d0 <_vsnprintf+0xadc>
100067ce:	e62e      	b.n	1000642e <_vsnprintf+0x73a>
100067d0:	e602      	b.n	100063d8 <_vsnprintf+0x6e4>
100067d2:	9b0c      	ldr	r3, [sp, #48]	@ 0x30
100067d4:	681b      	ldr	r3, [r3, #0]
100067d6:	4699      	mov	r9, r3
100067d8:	2b00      	cmp	r3, #0
100067da:	d103      	bne.n	100067e4 <_vsnprintf+0xaf0>
100067dc:	3310      	adds	r3, #16
100067de:	4398      	bics	r0, r3
100067e0:	2900      	cmp	r1, #0
100067e2:	d138      	bne.n	10006856 <_vsnprintf+0xb62>
100067e4:	2361      	movs	r3, #97	@ 0x61
100067e6:	0682      	lsls	r2, r0, #26
100067e8:	d500      	bpl.n	100067ec <_vsnprintf+0xaf8>
100067ea:	2341      	movs	r3, #65	@ 0x41
100067ec:	b2db      	uxtb	r3, r3
100067ee:	3b0a      	subs	r3, #10
100067f0:	930c      	str	r3, [sp, #48]	@ 0x30
100067f2:	4643      	mov	r3, r8
100067f4:	9316      	str	r3, [sp, #88]	@ 0x58
100067f6:	4653      	mov	r3, sl
100067f8:	a914      	add	r1, sp, #80	@ 0x50
100067fa:	221f      	movs	r2, #31
100067fc:	468c      	mov	ip, r1
100067fe:	9317      	str	r3, [sp, #92]	@ 0x5c
10006800:	002b      	movs	r3, r5
10006802:	4462      	add	r2, ip
10006804:	46a0      	mov	r8, r4
10006806:	464d      	mov	r5, r9
10006808:	46b2      	mov	sl, r6
1000680a:	9718      	str	r7, [sp, #96]	@ 0x60
1000680c:	4699      	mov	r9, r3
1000680e:	0017      	movs	r7, r2
10006810:	9c14      	ldr	r4, [sp, #80]	@ 0x50
10006812:	9e0d      	ldr	r6, [sp, #52]	@ 0x34
10006814:	9015      	str	r0, [sp, #84]	@ 0x54
10006816:	e008      	b.n	1000682a <_vsnprintf+0xb36>
10006818:	3330      	adds	r3, #48	@ 0x30
1000681a:	b2db      	uxtb	r3, r3
1000681c:	3401      	adds	r4, #1
1000681e:	553b      	strb	r3, [r7, r4]
10006820:	42b5      	cmp	r5, r6
10006822:	d30e      	bcc.n	10006842 <_vsnprintf+0xb4e>
10006824:	2c20      	cmp	r4, #32
10006826:	d00c      	beq.n	10006842 <_vsnprintf+0xb4e>
10006828:	0005      	movs	r5, r0
1000682a:	0031      	movs	r1, r6
1000682c:	0028      	movs	r0, r5
1000682e:	f7fd fc45 	bl	100040bc <__wrap___aeabi_uidiv>
10006832:	b2cb      	uxtb	r3, r1
10006834:	2909      	cmp	r1, #9
10006836:	d9ef      	bls.n	10006818 <_vsnprintf+0xb24>
10006838:	9a0c      	ldr	r2, [sp, #48]	@ 0x30
1000683a:	4694      	mov	ip, r2
1000683c:	4463      	add	r3, ip
1000683e:	b2db      	uxtb	r3, r3
10006840:	e7ec      	b.n	1000681c <_vsnprintf+0xb28>
10006842:	9b16      	ldr	r3, [sp, #88]	@ 0x58
10006844:	9414      	str	r4, [sp, #80]	@ 0x50
10006846:	4644      	mov	r4, r8
10006848:	4698      	mov	r8, r3
1000684a:	9b17      	ldr	r3, [sp, #92]	@ 0x5c
1000684c:	4656      	mov	r6, sl
1000684e:	464d      	mov	r5, r9
10006850:	469a      	mov	sl, r3
10006852:	9815      	ldr	r0, [sp, #84]	@ 0x54
10006854:	9f18      	ldr	r7, [sp, #96]	@ 0x60
10006856:	4643      	mov	r3, r8
10006858:	9305      	str	r3, [sp, #20]
1000685a:	4653      	mov	r3, sl
1000685c:	9304      	str	r3, [sp, #16]
1000685e:	9b0d      	ldr	r3, [sp, #52]	@ 0x34
10006860:	9006      	str	r0, [sp, #24]
10006862:	9303      	str	r3, [sp, #12]
10006864:	2300      	movs	r3, #0
10006866:	9302      	str	r3, [sp, #8]
10006868:	9b14      	ldr	r3, [sp, #80]	@ 0x50
1000686a:	e5eb      	b.n	10006444 <_vsnprintf+0x750>
1000686c:	2800      	cmp	r0, #0
1000686e:	d1a1      	bne.n	100067b4 <_vsnprintf+0xac0>
10006870:	e772      	b.n	10006758 <_vsnprintf+0xa64>
10006872:	9b0c      	ldr	r3, [sp, #48]	@ 0x30
10006874:	681b      	ldr	r3, [r3, #0]
10006876:	17d9      	asrs	r1, r3, #31
10006878:	185a      	adds	r2, r3, r1
1000687a:	404a      	eors	r2, r1
1000687c:	e5a6      	b.n	100063cc <_vsnprintf+0x6d8>
1000687e:	2380      	movs	r3, #128	@ 0x80
10006880:	0010      	movs	r0, r2
10006882:	00db      	lsls	r3, r3, #3
10006884:	4018      	ands	r0, r3
10006886:	469c      	mov	ip, r3
10006888:	900f      	str	r0, [sp, #60]	@ 0x3c
1000688a:	421a      	tst	r2, r3
1000688c:	d00f      	beq.n	100068ae <_vsnprintf+0xbba>
1000688e:	2002      	movs	r0, #2
10006890:	0003      	movs	r3, r0
10006892:	4013      	ands	r3, r2
10006894:	930f      	str	r3, [sp, #60]	@ 0x3c
10006896:	4210      	tst	r0, r2
10006898:	d019      	beq.n	100068ce <_vsnprintf+0xbda>
1000689a:	2300      	movs	r3, #0
1000689c:	46a1      	mov	r9, r4
1000689e:	930f      	str	r3, [sp, #60]	@ 0x3c
100068a0:	e54c      	b.n	1000633c <_vsnprintf+0x648>
100068a2:	9b0c      	ldr	r3, [sp, #48]	@ 0x30
100068a4:	681b      	ldr	r3, [r3, #0]
100068a6:	9309      	str	r3, [sp, #36]	@ 0x24
100068a8:	e4e4      	b.n	10006274 <_vsnprintf+0x580>
100068aa:	000a      	movs	r2, r1
100068ac:	e434      	b.n	10006118 <_vsnprintf+0x424>
100068ae:	2302      	movs	r3, #2
100068b0:	0018      	movs	r0, r3
100068b2:	4010      	ands	r0, r2
100068b4:	900d      	str	r0, [sp, #52]	@ 0x34
100068b6:	4213      	tst	r3, r2
100068b8:	d000      	beq.n	100068bc <_vsnprintf+0xbc8>
100068ba:	e53e      	b.n	1000633a <_vsnprintf+0x646>
100068bc:	4643      	mov	r3, r8
100068be:	2b00      	cmp	r3, #0
100068c0:	d000      	beq.n	100068c4 <_vsnprintf+0xbd0>
100068c2:	e642      	b.n	1000654a <_vsnprintf+0x856>
100068c4:	f7ff fb71 	bl	10005faa <_vsnprintf+0x2b6>
100068c8:	3301      	adds	r3, #1
100068ca:	930f      	str	r3, [sp, #60]	@ 0x3c
100068cc:	e47f      	b.n	100061ce <_vsnprintf+0x4da>
100068ce:	4663      	mov	r3, ip
100068d0:	930d      	str	r3, [sp, #52]	@ 0x34
100068d2:	e7f3      	b.n	100068bc <_vsnprintf+0xbc8>

100068d4 <__wrap_sprintf>:
100068d4:	b40e      	push	{r1, r2, r3}
100068d6:	2201      	movs	r2, #1
100068d8:	b530      	push	{r4, r5, lr}
100068da:	b084      	sub	sp, #16
100068dc:	ac07      	add	r4, sp, #28
100068de:	cc08      	ldmia	r4!, {r3}
100068e0:	4d06      	ldr	r5, [pc, #24]	@ (100068fc <__wrap_sprintf+0x28>)
100068e2:	0001      	movs	r1, r0
100068e4:	9400      	str	r4, [sp, #0]
100068e6:	0028      	movs	r0, r5
100068e8:	4252      	negs	r2, r2
100068ea:	9403      	str	r4, [sp, #12]
100068ec:	f7ff fa02 	bl	10005cf4 <_vsnprintf>
100068f0:	b004      	add	sp, #16
100068f2:	bc30      	pop	{r4, r5}
100068f4:	bc08      	pop	{r3}
100068f6:	b003      	add	sp, #12
100068f8:	4718      	bx	r3
100068fa:	46c0      	nop			@ (mov r8, r8)
100068fc:	1000503d 	.word	0x1000503d

10006900 <weak_raw_vprintf>:
10006900:	b510      	push	{r4, lr}
10006902:	4a09      	ldr	r2, [pc, #36]	@ (10006928 <weak_raw_vprintf+0x28>)
10006904:	0003      	movs	r3, r0
10006906:	6814      	ldr	r4, [r2, #0]
10006908:	b084      	sub	sp, #16
1000690a:	2c00      	cmp	r4, #0
1000690c:	d008      	beq.n	10006920 <weak_raw_vprintf+0x20>
1000690e:	2201      	movs	r2, #1
10006910:	9100      	str	r1, [sp, #0]
10006912:	4806      	ldr	r0, [pc, #24]	@ (1000692c <weak_raw_vprintf+0x2c>)
10006914:	4252      	negs	r2, r2
10006916:	a903      	add	r1, sp, #12
10006918:	47a0      	blx	r4
1000691a:	2001      	movs	r0, #1
1000691c:	b004      	add	sp, #16
1000691e:	bd10      	pop	{r4, pc}
10006920:	f000 f964 	bl	10006bec <__wrap_puts>
10006924:	2000      	movs	r0, #0
10006926:	e7f9      	b.n	1000691c <weak_raw_vprintf+0x1c>
10006928:	2000bef0 	.word	0x2000bef0
1000692c:	100052c1 	.word	0x100052c1

10006930 <_exit>:
10006930:	be00      	bkpt	0x0000
10006932:	e7fd      	b.n	10006930 <_exit>

10006934 <_fini>:
10006934:	4770      	bx	lr
10006936:	46c0      	nop			@ (mov r8, r8)

10006938 <exit>:
10006938:	b510      	push	{r4, lr}
1000693a:	f7ff fff9 	bl	10006930 <_exit>
1000693e:	46c0      	nop			@ (mov r8, r8)

10006940 <runtime_init>:
10006940:	b570      	push	{r4, r5, r6, lr}
10006942:	f7fd fa6f 	bl	10003e24 <runtime_run_initializers>
10006946:	4d07      	ldr	r5, [pc, #28]	@ (10006964 <runtime_init+0x24>)
10006948:	4e07      	ldr	r6, [pc, #28]	@ (10006968 <runtime_init+0x28>)
1000694a:	42b5      	cmp	r5, r6
1000694c:	d209      	bcs.n	10006962 <runtime_init+0x22>
1000694e:	2400      	movs	r4, #0
10006950:	3e01      	subs	r6, #1
10006952:	1b76      	subs	r6, r6, r5
10006954:	08b6      	lsrs	r6, r6, #2
10006956:	cd08      	ldmia	r5!, {r3}
10006958:	4798      	blx	r3
1000695a:	0023      	movs	r3, r4
1000695c:	3401      	adds	r4, #1
1000695e:	42b3      	cmp	r3, r6
10006960:	d1f9      	bne.n	10006956 <runtime_init+0x16>
10006962:	bd70      	pop	{r4, r5, r6, pc}
10006964:	10009214 	.word	0x10009214
10006968:	10009218 	.word	0x10009218

1000696c <stdio_out_chars_no_crlf>:
1000696c:	0003      	movs	r3, r0
1000696e:	b510      	push	{r4, lr}
10006970:	0008      	movs	r0, r1
10006972:	0011      	movs	r1, r2
10006974:	681b      	ldr	r3, [r3, #0]
10006976:	4798      	blx	r3
10006978:	bd10      	pop	{r4, pc}
1000697a:	46c0      	nop			@ (mov r8, r8)

1000697c <stdio_out_chars_crlf>:
1000697c:	b5f0      	push	{r4, r5, r6, r7, lr}
1000697e:	46c6      	mov	lr, r8
10006980:	b500      	push	{lr}
10006982:	7d43      	ldrb	r3, [r0, #21]
10006984:	0007      	movs	r7, r0
10006986:	000c      	movs	r4, r1
10006988:	0016      	movs	r6, r2
1000698a:	2b00      	cmp	r3, #0
1000698c:	d046      	beq.n	10006a1c <stdio_out_chars_crlf+0xa0>
1000698e:	2a00      	cmp	r2, #0
10006990:	dd17      	ble.n	100069c2 <stdio_out_chars_crlf+0x46>
10006992:	780b      	ldrb	r3, [r1, #0]
10006994:	2b0a      	cmp	r3, #10
10006996:	d024      	beq.n	100069e2 <stdio_out_chars_crlf+0x66>
10006998:	2300      	movs	r3, #0
1000699a:	4698      	mov	r8, r3
1000699c:	2e01      	cmp	r6, #1
1000699e:	d013      	beq.n	100069c8 <stdio_out_chars_crlf+0x4c>
100069a0:	2501      	movs	r5, #1
100069a2:	0029      	movs	r1, r5
100069a4:	5c63      	ldrb	r3, [r4, r1]
100069a6:	3501      	adds	r5, #1
100069a8:	2b0a      	cmp	r3, #10
100069aa:	d026      	beq.n	100069fa <stdio_out_chars_crlf+0x7e>
100069ac:	42b5      	cmp	r5, r6
100069ae:	d1f8      	bne.n	100069a2 <stdio_out_chars_crlf+0x26>
100069b0:	4546      	cmp	r6, r8
100069b2:	dc09      	bgt.n	100069c8 <stdio_out_chars_crlf+0x4c>
100069b4:	19a4      	adds	r4, r4, r6
100069b6:	3c01      	subs	r4, #1
100069b8:	7823      	ldrb	r3, [r4, #0]
100069ba:	3b0d      	subs	r3, #13
100069bc:	425a      	negs	r2, r3
100069be:	4153      	adcs	r3, r2
100069c0:	753b      	strb	r3, [r7, #20]
100069c2:	bc80      	pop	{r7}
100069c4:	46b8      	mov	r8, r7
100069c6:	bdf0      	pop	{r4, r5, r6, r7, pc}
100069c8:	4643      	mov	r3, r8
100069ca:	18e0      	adds	r0, r4, r3
100069cc:	19a4      	adds	r4, r4, r6
100069ce:	1af1      	subs	r1, r6, r3
100069d0:	3c01      	subs	r4, #1
100069d2:	683b      	ldr	r3, [r7, #0]
100069d4:	4798      	blx	r3
100069d6:	7823      	ldrb	r3, [r4, #0]
100069d8:	3b0d      	subs	r3, #13
100069da:	425a      	negs	r2, r3
100069dc:	4153      	adcs	r3, r2
100069de:	753b      	strb	r3, [r7, #20]
100069e0:	e7ef      	b.n	100069c2 <stdio_out_chars_crlf+0x46>
100069e2:	7d03      	ldrb	r3, [r0, #20]
100069e4:	2b00      	cmp	r3, #0
100069e6:	d1d7      	bne.n	10006998 <stdio_out_chars_crlf+0x1c>
100069e8:	2102      	movs	r1, #2
100069ea:	480f      	ldr	r0, [pc, #60]	@ (10006a28 <stdio_out_chars_crlf+0xac>)
100069ec:	683b      	ldr	r3, [r7, #0]
100069ee:	4798      	blx	r3
100069f0:	2e01      	cmp	r6, #1
100069f2:	d0df      	beq.n	100069b4 <stdio_out_chars_crlf+0x38>
100069f4:	2301      	movs	r3, #1
100069f6:	4698      	mov	r8, r3
100069f8:	e7d2      	b.n	100069a0 <stdio_out_chars_crlf+0x24>
100069fa:	1e63      	subs	r3, r4, #1
100069fc:	5c5b      	ldrb	r3, [r3, r1]
100069fe:	2b0d      	cmp	r3, #13
10006a00:	d0d4      	beq.n	100069ac <stdio_out_chars_crlf+0x30>
10006a02:	4588      	cmp	r8, r1
10006a04:	da04      	bge.n	10006a10 <stdio_out_chars_crlf+0x94>
10006a06:	4643      	mov	r3, r8
10006a08:	1ac9      	subs	r1, r1, r3
10006a0a:	18e0      	adds	r0, r4, r3
10006a0c:	683b      	ldr	r3, [r7, #0]
10006a0e:	4798      	blx	r3
10006a10:	2102      	movs	r1, #2
10006a12:	4805      	ldr	r0, [pc, #20]	@ (10006a28 <stdio_out_chars_crlf+0xac>)
10006a14:	683b      	ldr	r3, [r7, #0]
10006a16:	46a8      	mov	r8, r5
10006a18:	4798      	blx	r3
10006a1a:	e7c7      	b.n	100069ac <stdio_out_chars_crlf+0x30>
10006a1c:	6803      	ldr	r3, [r0, #0]
10006a1e:	0011      	movs	r1, r2
10006a20:	0020      	movs	r0, r4
10006a22:	4798      	blx	r3
10006a24:	e7cd      	b.n	100069c2 <stdio_out_chars_crlf+0x46>
10006a26:	46c0      	nop			@ (mov r8, r8)
10006a28:	10013d98 	.word	0x10013d98

10006a2c <stdio_put_string>:
10006a2c:	b5f0      	push	{r4, r5, r6, r7, lr}
10006a2e:	4645      	mov	r5, r8
10006a30:	46de      	mov	lr, fp
10006a32:	464e      	mov	r6, r9
10006a34:	4657      	mov	r7, sl
10006a36:	b5e0      	push	{r5, r6, r7, lr}
10006a38:	b083      	sub	sp, #12
10006a3a:	4691      	mov	r9, r2
10006a3c:	001c      	movs	r4, r3
10006a3e:	4680      	mov	r8, r0
10006a40:	000d      	movs	r5, r1
10006a42:	f7fc fe67 	bl	10003714 <time_us_64>
10006a46:	2300      	movs	r3, #0
10006a48:	4a30      	ldr	r2, [pc, #192]	@ (10006b0c <stdio_put_string+0xe0>)
10006a4a:	1812      	adds	r2, r2, r0
10006a4c:	414b      	adcs	r3, r1
10006a4e:	2b00      	cmp	r3, #0
10006a50:	da02      	bge.n	10006a58 <stdio_put_string+0x2c>
10006a52:	2201      	movs	r2, #1
10006a54:	4b2e      	ldr	r3, [pc, #184]	@ (10006b10 <stdio_put_string+0xe4>)
10006a56:	4252      	negs	r2, r2
10006a58:	492e      	ldr	r1, [pc, #184]	@ (10006b14 <stdio_put_string+0xe8>)
10006a5a:	0008      	movs	r0, r1
10006a5c:	468a      	mov	sl, r1
10006a5e:	f002 fb63 	bl	10009128 <__mutex_try_enter_block_until_veneer>
10006a62:	0007      	movs	r7, r0
10006a64:	1c6b      	adds	r3, r5, #1
10006a66:	d103      	bne.n	10006a70 <stdio_put_string+0x44>
10006a68:	4640      	mov	r0, r8
10006a6a:	f002 fb1f 	bl	100090ac <strlen>
10006a6e:	0005      	movs	r5, r0
10006a70:	2c00      	cmp	r4, #0
10006a72:	d027      	beq.n	10006ac4 <stdio_put_string+0x98>
10006a74:	4e28      	ldr	r6, [pc, #160]	@ (10006b18 <stdio_put_string+0xec>)
10006a76:	4b29      	ldr	r3, [pc, #164]	@ (10006b1c <stdio_put_string+0xf0>)
10006a78:	681c      	ldr	r4, [r3, #0]
10006a7a:	2c00      	cmp	r4, #0
10006a7c:	d018      	beq.n	10006ab0 <stdio_put_string+0x84>
10006a7e:	464b      	mov	r3, r9
10006a80:	2b00      	cmp	r3, #0
10006a82:	d121      	bne.n	10006ac8 <stdio_put_string+0x9c>
10006a84:	4b26      	ldr	r3, [pc, #152]	@ (10006b20 <stdio_put_string+0xf4>)
10006a86:	4699      	mov	r9, r3
10006a88:	e002      	b.n	10006a90 <stdio_put_string+0x64>
10006a8a:	6924      	ldr	r4, [r4, #16]
10006a8c:	2c00      	cmp	r4, #0
10006a8e:	d00f      	beq.n	10006ab0 <stdio_put_string+0x84>
10006a90:	6823      	ldr	r3, [r4, #0]
10006a92:	2b00      	cmp	r3, #0
10006a94:	d0f9      	beq.n	10006a8a <stdio_put_string+0x5e>
10006a96:	464b      	mov	r3, r9
10006a98:	681b      	ldr	r3, [r3, #0]
10006a9a:	2b00      	cmp	r3, #0
10006a9c:	d001      	beq.n	10006aa2 <stdio_put_string+0x76>
10006a9e:	429c      	cmp	r4, r3
10006aa0:	d1f3      	bne.n	10006a8a <stdio_put_string+0x5e>
10006aa2:	0020      	movs	r0, r4
10006aa4:	002a      	movs	r2, r5
10006aa6:	4641      	mov	r1, r8
10006aa8:	47b0      	blx	r6
10006aaa:	6924      	ldr	r4, [r4, #16]
10006aac:	2c00      	cmp	r4, #0
10006aae:	d1ef      	bne.n	10006a90 <stdio_put_string+0x64>
10006ab0:	2f00      	cmp	r7, #0
10006ab2:	d126      	bne.n	10006b02 <stdio_put_string+0xd6>
10006ab4:	0028      	movs	r0, r5
10006ab6:	b003      	add	sp, #12
10006ab8:	bcf0      	pop	{r4, r5, r6, r7}
10006aba:	46bb      	mov	fp, r7
10006abc:	46b2      	mov	sl, r6
10006abe:	46a9      	mov	r9, r5
10006ac0:	46a0      	mov	r8, r4
10006ac2:	bdf0      	pop	{r4, r5, r6, r7, pc}
10006ac4:	4e17      	ldr	r6, [pc, #92]	@ (10006b24 <stdio_put_string+0xf8>)
10006ac6:	e7d6      	b.n	10006a76 <stdio_put_string+0x4a>
10006ac8:	4b15      	ldr	r3, [pc, #84]	@ (10006b20 <stdio_put_string+0xf4>)
10006aca:	4699      	mov	r9, r3
10006acc:	230a      	movs	r3, #10
10006ace:	469b      	mov	fp, r3
10006ad0:	e002      	b.n	10006ad8 <stdio_put_string+0xac>
10006ad2:	6924      	ldr	r4, [r4, #16]
10006ad4:	2c00      	cmp	r4, #0
10006ad6:	d0eb      	beq.n	10006ab0 <stdio_put_string+0x84>
10006ad8:	6823      	ldr	r3, [r4, #0]
10006ada:	2b00      	cmp	r3, #0
10006adc:	d0f9      	beq.n	10006ad2 <stdio_put_string+0xa6>
10006ade:	464b      	mov	r3, r9
10006ae0:	681b      	ldr	r3, [r3, #0]
10006ae2:	2b00      	cmp	r3, #0
10006ae4:	d001      	beq.n	10006aea <stdio_put_string+0xbe>
10006ae6:	42a3      	cmp	r3, r4
10006ae8:	d1f3      	bne.n	10006ad2 <stdio_put_string+0xa6>
10006aea:	002a      	movs	r2, r5
10006aec:	4641      	mov	r1, r8
10006aee:	0020      	movs	r0, r4
10006af0:	47b0      	blx	r6
10006af2:	466b      	mov	r3, sp
10006af4:	465a      	mov	r2, fp
10006af6:	0020      	movs	r0, r4
10006af8:	71da      	strb	r2, [r3, #7]
10006afa:	1dd9      	adds	r1, r3, #7
10006afc:	2201      	movs	r2, #1
10006afe:	47b0      	blx	r6
10006b00:	e7e7      	b.n	10006ad2 <stdio_put_string+0xa6>
10006b02:	4650      	mov	r0, sl
10006b04:	f002 fb20 	bl	10009148 <__mutex_exit_veneer>
10006b08:	e7d4      	b.n	10006ab4 <stdio_put_string+0x88>
10006b0a:	46c0      	nop			@ (mov r8, r8)
10006b0c:	000f4240 	.word	0x000f4240
10006b10:	7fffffff 	.word	0x7fffffff
10006b14:	20001128 	.word	0x20001128
10006b18:	1000697d 	.word	0x1000697d
10006b1c:	20001ae4 	.word	0x20001ae4
10006b20:	20001aec 	.word	0x20001aec
10006b24:	1000696d 	.word	0x1000696d

10006b28 <stdio_set_driver_enabled>:
10006b28:	4a0a      	ldr	r2, [pc, #40]	@ (10006b54 <stdio_set_driver_enabled+0x2c>)
10006b2a:	6813      	ldr	r3, [r2, #0]
10006b2c:	2b00      	cmp	r3, #0
10006b2e:	d105      	bne.n	10006b3c <stdio_set_driver_enabled+0x14>
10006b30:	e00c      	b.n	10006b4c <stdio_set_driver_enabled+0x24>
10006b32:	001a      	movs	r2, r3
10006b34:	691b      	ldr	r3, [r3, #16]
10006b36:	3210      	adds	r2, #16
10006b38:	2b00      	cmp	r3, #0
10006b3a:	d007      	beq.n	10006b4c <stdio_set_driver_enabled+0x24>
10006b3c:	4283      	cmp	r3, r0
10006b3e:	d1f8      	bne.n	10006b32 <stdio_set_driver_enabled+0xa>
10006b40:	2900      	cmp	r1, #0
10006b42:	d102      	bne.n	10006b4a <stdio_set_driver_enabled+0x22>
10006b44:	6918      	ldr	r0, [r3, #16]
10006b46:	6010      	str	r0, [r2, #0]
10006b48:	6119      	str	r1, [r3, #16]
10006b4a:	4770      	bx	lr
10006b4c:	2900      	cmp	r1, #0
10006b4e:	d0fc      	beq.n	10006b4a <stdio_set_driver_enabled+0x22>
10006b50:	6010      	str	r0, [r2, #0]
10006b52:	e7fa      	b.n	10006b4a <stdio_set_driver_enabled+0x22>
10006b54:	20001ae4 	.word	0x20001ae4

10006b58 <__wrap_putchar>:
10006b58:	b5f0      	push	{r4, r5, r6, r7, lr}
10006b5a:	46ce      	mov	lr, r9
10006b5c:	4647      	mov	r7, r8
10006b5e:	b580      	push	{r7, lr}
10006b60:	b083      	sub	sp, #12
10006b62:	466b      	mov	r3, sp
10006b64:	0006      	movs	r6, r0
10006b66:	1ddd      	adds	r5, r3, #7
10006b68:	7028      	strb	r0, [r5, #0]
10006b6a:	f7fc fdd3 	bl	10003714 <time_us_64>
10006b6e:	2300      	movs	r3, #0
10006b70:	4a19      	ldr	r2, [pc, #100]	@ (10006bd8 <__wrap_putchar+0x80>)
10006b72:	1812      	adds	r2, r2, r0
10006b74:	414b      	adcs	r3, r1
10006b76:	2b00      	cmp	r3, #0
10006b78:	da02      	bge.n	10006b80 <__wrap_putchar+0x28>
10006b7a:	2201      	movs	r2, #1
10006b7c:	4b17      	ldr	r3, [pc, #92]	@ (10006bdc <__wrap_putchar+0x84>)
10006b7e:	4252      	negs	r2, r2
10006b80:	4917      	ldr	r1, [pc, #92]	@ (10006be0 <__wrap_putchar+0x88>)
10006b82:	0008      	movs	r0, r1
10006b84:	4688      	mov	r8, r1
10006b86:	f002 facf 	bl	10009128 <__mutex_try_enter_block_until_veneer>
10006b8a:	4b16      	ldr	r3, [pc, #88]	@ (10006be4 <__wrap_putchar+0x8c>)
10006b8c:	4681      	mov	r9, r0
10006b8e:	681c      	ldr	r4, [r3, #0]
10006b90:	2c00      	cmp	r4, #0
10006b92:	d014      	beq.n	10006bbe <__wrap_putchar+0x66>
10006b94:	4f14      	ldr	r7, [pc, #80]	@ (10006be8 <__wrap_putchar+0x90>)
10006b96:	e002      	b.n	10006b9e <__wrap_putchar+0x46>
10006b98:	6924      	ldr	r4, [r4, #16]
10006b9a:	2c00      	cmp	r4, #0
10006b9c:	d00f      	beq.n	10006bbe <__wrap_putchar+0x66>
10006b9e:	6823      	ldr	r3, [r4, #0]
10006ba0:	2b00      	cmp	r3, #0
10006ba2:	d0f9      	beq.n	10006b98 <__wrap_putchar+0x40>
10006ba4:	683b      	ldr	r3, [r7, #0]
10006ba6:	2b00      	cmp	r3, #0
10006ba8:	d001      	beq.n	10006bae <__wrap_putchar+0x56>
10006baa:	429c      	cmp	r4, r3
10006bac:	d1f4      	bne.n	10006b98 <__wrap_putchar+0x40>
10006bae:	0020      	movs	r0, r4
10006bb0:	2201      	movs	r2, #1
10006bb2:	0029      	movs	r1, r5
10006bb4:	f7ff fee2 	bl	1000697c <stdio_out_chars_crlf>
10006bb8:	6924      	ldr	r4, [r4, #16]
10006bba:	2c00      	cmp	r4, #0
10006bbc:	d1ef      	bne.n	10006b9e <__wrap_putchar+0x46>
10006bbe:	464b      	mov	r3, r9
10006bc0:	2b00      	cmp	r3, #0
10006bc2:	d105      	bne.n	10006bd0 <__wrap_putchar+0x78>
10006bc4:	0030      	movs	r0, r6
10006bc6:	b003      	add	sp, #12
10006bc8:	bcc0      	pop	{r6, r7}
10006bca:	46b9      	mov	r9, r7
10006bcc:	46b0      	mov	r8, r6
10006bce:	bdf0      	pop	{r4, r5, r6, r7, pc}
10006bd0:	4640      	mov	r0, r8
10006bd2:	f002 fab9 	bl	10009148 <__mutex_exit_veneer>
10006bd6:	e7f5      	b.n	10006bc4 <__wrap_putchar+0x6c>
10006bd8:	000f4240 	.word	0x000f4240
10006bdc:	7fffffff 	.word	0x7fffffff
10006be0:	20001128 	.word	0x20001128
10006be4:	20001ae4 	.word	0x20001ae4
10006be8:	20001aec 	.word	0x20001aec

10006bec <__wrap_puts>:
10006bec:	b570      	push	{r4, r5, r6, lr}
10006bee:	0004      	movs	r4, r0
10006bf0:	f002 fa5c 	bl	100090ac <strlen>
10006bf4:	2301      	movs	r3, #1
10006bf6:	0001      	movs	r1, r0
10006bf8:	0005      	movs	r5, r0
10006bfa:	2201      	movs	r2, #1
10006bfc:	0020      	movs	r0, r4
10006bfe:	f7ff ff15 	bl	10006a2c <stdio_put_string>
10006c02:	4b08      	ldr	r3, [pc, #32]	@ (10006c24 <__wrap_puts+0x38>)
10006c04:	681c      	ldr	r4, [r3, #0]
10006c06:	2c00      	cmp	r4, #0
10006c08:	d006      	beq.n	10006c18 <__wrap_puts+0x2c>
10006c0a:	6863      	ldr	r3, [r4, #4]
10006c0c:	2b00      	cmp	r3, #0
10006c0e:	d005      	beq.n	10006c1c <__wrap_puts+0x30>
10006c10:	4798      	blx	r3
10006c12:	6924      	ldr	r4, [r4, #16]
10006c14:	2c00      	cmp	r4, #0
10006c16:	d1f8      	bne.n	10006c0a <__wrap_puts+0x1e>
10006c18:	0028      	movs	r0, r5
10006c1a:	bd70      	pop	{r4, r5, r6, pc}
10006c1c:	6924      	ldr	r4, [r4, #16]
10006c1e:	2c00      	cmp	r4, #0
10006c20:	d1f3      	bne.n	10006c0a <__wrap_puts+0x1e>
10006c22:	e7f9      	b.n	10006c18 <__wrap_puts+0x2c>
10006c24:	20001ae4 	.word	0x20001ae4

10006c28 <stdio_usb_set_chars_available_callback>:
10006c28:	4b02      	ldr	r3, [pc, #8]	@ (10006c34 <stdio_usb_set_chars_available_callback+0xc>)
10006c2a:	6018      	str	r0, [r3, #0]
10006c2c:	4b02      	ldr	r3, [pc, #8]	@ (10006c38 <stdio_usb_set_chars_available_callback+0x10>)
10006c2e:	6019      	str	r1, [r3, #0]
10006c30:	4770      	bx	lr
10006c32:	46c0      	nop			@ (mov r8, r8)
10006c34:	20001a84 	.word	0x20001a84
10006c38:	20001a88 	.word	0x20001a88

10006c3c <usb_irq>:
10006c3c:	b510      	push	{r4, lr}
10006c3e:	4b02      	ldr	r3, [pc, #8]	@ (10006c48 <usb_irq+0xc>)
10006c40:	7818      	ldrb	r0, [r3, #0]
10006c42:	f7fb ffad 	bl	10002ba0 <irq_set_pending>
10006c46:	bd10      	pop	{r4, pc}
10006c48:	2000bf70 	.word	0x2000bf70

10006c4c <timer_task>:
10006c4c:	4b15      	ldr	r3, [pc, #84]	@ (10006ca4 <timer_task+0x58>)
10006c4e:	b570      	push	{r4, r5, r6, lr}
10006c50:	681a      	ldr	r2, [r3, #0]
10006c52:	2a00      	cmp	r2, #0
10006c54:	d022      	beq.n	10006c9c <timer_task+0x50>
10006c56:	f3ef 8110 	mrs	r1, PRIMASK
10006c5a:	b672      	cpsid	i
10006c5c:	6810      	ldr	r0, [r2, #0]
10006c5e:	2800      	cmp	r0, #0
10006c60:	d0fc      	beq.n	10006c5c <timer_task+0x10>
10006c62:	f3bf 8f5f 	dmb	sy
10006c66:	2000      	movs	r0, #0
10006c68:	4a0f      	ldr	r2, [pc, #60]	@ (10006ca8 <timer_task+0x5c>)
10006c6a:	6059      	str	r1, [r3, #4]
10006c6c:	7010      	strb	r0, [r2, #0]
10006c6e:	681b      	ldr	r3, [r3, #0]
10006c70:	f3bf 8f5f 	dmb	sy
10006c74:	6018      	str	r0, [r3, #0]
10006c76:	f381 8810 	msr	PRIMASK, r1
10006c7a:	2400      	movs	r4, #0
10006c7c:	2500      	movs	r5, #0
10006c7e:	4e0b      	ldr	r6, [pc, #44]	@ (10006cac <timer_task+0x60>)
10006c80:	7830      	ldrb	r0, [r6, #0]
10006c82:	f7fb ff81 	bl	10002b88 <irq_is_enabled>
10006c86:	2800      	cmp	r0, #0
10006c88:	d104      	bne.n	10006c94 <timer_task+0x48>
10006c8a:	2400      	movs	r4, #0
10006c8c:	2500      	movs	r5, #0
10006c8e:	0029      	movs	r1, r5
10006c90:	0020      	movs	r0, r4
10006c92:	bd70      	pop	{r4, r5, r6, pc}
10006c94:	7830      	ldrb	r0, [r6, #0]
10006c96:	f7fb ff83 	bl	10002ba0 <irq_set_pending>
10006c9a:	e7f8      	b.n	10006c8e <timer_task+0x42>
10006c9c:	24fa      	movs	r4, #250	@ 0xfa
10006c9e:	2500      	movs	r5, #0
10006ca0:	00a4      	lsls	r4, r4, #2
10006ca2:	e7ec      	b.n	10006c7e <timer_task+0x32>
10006ca4:	2000bf08 	.word	0x2000bf08
10006ca8:	2000bf71 	.word	0x2000bf71
10006cac:	2000bf70 	.word	0x2000bf70

10006cb0 <stdio_usb_in_chars>:
10006cb0:	b570      	push	{r4, r5, r6, lr}
10006cb2:	0004      	movs	r4, r0
10006cb4:	2000      	movs	r0, #0
10006cb6:	000e      	movs	r6, r1
10006cb8:	f001 fb6c 	bl	10008394 <tud_cdc_n_connected>
10006cbc:	2800      	cmp	r0, #0
10006cbe:	d034      	beq.n	10006d2a <stdio_usb_in_chars+0x7a>
10006cc0:	2000      	movs	r0, #0
10006cc2:	f001 fb7d 	bl	100083c0 <tud_cdc_n_available>
10006cc6:	2800      	cmp	r0, #0
10006cc8:	d02f      	beq.n	10006d2a <stdio_usb_in_chars+0x7a>
10006cca:	f7fc fd23 	bl	10003714 <time_us_64>
10006cce:	2300      	movs	r3, #0
10006cd0:	4a17      	ldr	r2, [pc, #92]	@ (10006d30 <stdio_usb_in_chars+0x80>)
10006cd2:	1812      	adds	r2, r2, r0
10006cd4:	414b      	adcs	r3, r1
10006cd6:	2b00      	cmp	r3, #0
10006cd8:	db16      	blt.n	10006d08 <stdio_usb_in_chars+0x58>
10006cda:	4d16      	ldr	r5, [pc, #88]	@ (10006d34 <stdio_usb_in_chars+0x84>)
10006cdc:	0028      	movs	r0, r5
10006cde:	f002 fa23 	bl	10009128 <__mutex_try_enter_block_until_veneer>
10006ce2:	2800      	cmp	r0, #0
10006ce4:	d021      	beq.n	10006d2a <stdio_usb_in_chars+0x7a>
10006ce6:	2000      	movs	r0, #0
10006ce8:	f001 fb54 	bl	10008394 <tud_cdc_n_connected>
10006cec:	2800      	cmp	r0, #0
10006cee:	d10f      	bne.n	10006d10 <stdio_usb_in_chars+0x60>
10006cf0:	2001      	movs	r0, #1
10006cf2:	2100      	movs	r1, #0
10006cf4:	4240      	negs	r0, r0
10006cf6:	f000 fd77 	bl	100077e8 <tud_task_ext>
10006cfa:	2403      	movs	r4, #3
10006cfc:	4264      	negs	r4, r4
10006cfe:	0028      	movs	r0, r5
10006d00:	f002 fa22 	bl	10009148 <__mutex_exit_veneer>
10006d04:	0020      	movs	r0, r4
10006d06:	bd70      	pop	{r4, r5, r6, pc}
10006d08:	2201      	movs	r2, #1
10006d0a:	4b0b      	ldr	r3, [pc, #44]	@ (10006d38 <stdio_usb_in_chars+0x88>)
10006d0c:	4252      	negs	r2, r2
10006d0e:	e7e4      	b.n	10006cda <stdio_usb_in_chars+0x2a>
10006d10:	2000      	movs	r0, #0
10006d12:	f001 fb55 	bl	100083c0 <tud_cdc_n_available>
10006d16:	2800      	cmp	r0, #0
10006d18:	d0ea      	beq.n	10006cf0 <stdio_usb_in_chars+0x40>
10006d1a:	0021      	movs	r1, r4
10006d1c:	0032      	movs	r2, r6
10006d1e:	2000      	movs	r0, #0
10006d20:	f001 fb58 	bl	100083d4 <tud_cdc_n_read>
10006d24:	1e04      	subs	r4, r0, #0
10006d26:	d1ea      	bne.n	10006cfe <stdio_usb_in_chars+0x4e>
10006d28:	e7e7      	b.n	10006cfa <stdio_usb_in_chars+0x4a>
10006d2a:	2403      	movs	r4, #3
10006d2c:	4264      	negs	r4, r4
10006d2e:	e7e9      	b.n	10006d04 <stdio_usb_in_chars+0x54>
10006d30:	000f4240 	.word	0x000f4240
10006d34:	2000bf38 	.word	0x2000bf38
10006d38:	7fffffff 	.word	0x7fffffff

10006d3c <stdio_usb_out_flush>:
10006d3c:	b510      	push	{r4, lr}
10006d3e:	f7fc fce9 	bl	10003714 <time_us_64>
10006d42:	2300      	movs	r3, #0
10006d44:	4a0d      	ldr	r2, [pc, #52]	@ (10006d7c <stdio_usb_out_flush+0x40>)
10006d46:	1812      	adds	r2, r2, r0
10006d48:	414b      	adcs	r3, r1
10006d4a:	2b00      	cmp	r3, #0
10006d4c:	da02      	bge.n	10006d54 <stdio_usb_out_flush+0x18>
10006d4e:	2201      	movs	r2, #1
10006d50:	4b0b      	ldr	r3, [pc, #44]	@ (10006d80 <stdio_usb_out_flush+0x44>)
10006d52:	4252      	negs	r2, r2
10006d54:	4c0b      	ldr	r4, [pc, #44]	@ (10006d84 <stdio_usb_out_flush+0x48>)
10006d56:	0020      	movs	r0, r4
10006d58:	f002 f9e6 	bl	10009128 <__mutex_try_enter_block_until_veneer>
10006d5c:	2800      	cmp	r0, #0
10006d5e:	d00c      	beq.n	10006d7a <stdio_usb_out_flush+0x3e>
10006d60:	2001      	movs	r0, #1
10006d62:	2100      	movs	r1, #0
10006d64:	4240      	negs	r0, r0
10006d66:	f000 fd3f 	bl	100077e8 <tud_task_ext>
10006d6a:	2000      	movs	r0, #0
10006d6c:	f001 fb76 	bl	1000845c <tud_cdc_n_write_flush>
10006d70:	2800      	cmp	r0, #0
10006d72:	d1f5      	bne.n	10006d60 <stdio_usb_out_flush+0x24>
10006d74:	0020      	movs	r0, r4
10006d76:	f002 f9e7 	bl	10009148 <__mutex_exit_veneer>
10006d7a:	bd10      	pop	{r4, pc}
10006d7c:	000f4240 	.word	0x000f4240
10006d80:	7fffffff 	.word	0x7fffffff
10006d84:	2000bf38 	.word	0x2000bf38

10006d88 <stdio_usb_out_chars>:
10006d88:	b5f8      	push	{r3, r4, r5, r6, r7, lr}
10006d8a:	46de      	mov	lr, fp
10006d8c:	4657      	mov	r7, sl
10006d8e:	b580      	push	{r7, lr}
10006d90:	0005      	movs	r5, r0
10006d92:	000c      	movs	r4, r1
10006d94:	f7fc fcbe 	bl	10003714 <time_us_64>
10006d98:	2300      	movs	r3, #0
10006d9a:	4a36      	ldr	r2, [pc, #216]	@ (10006e74 <stdio_usb_out_chars+0xec>)
10006d9c:	1812      	adds	r2, r2, r0
10006d9e:	414b      	adcs	r3, r1
10006da0:	2b00      	cmp	r3, #0
10006da2:	da02      	bge.n	10006daa <stdio_usb_out_chars+0x22>
10006da4:	2201      	movs	r2, #1
10006da6:	4b34      	ldr	r3, [pc, #208]	@ (10006e78 <stdio_usb_out_chars+0xf0>)
10006da8:	4252      	negs	r2, r2
10006daa:	4934      	ldr	r1, [pc, #208]	@ (10006e7c <stdio_usb_out_chars+0xf4>)
10006dac:	0008      	movs	r0, r1
10006dae:	468a      	mov	sl, r1
10006db0:	f002 f9ba 	bl	10009128 <__mutex_try_enter_block_until_veneer>
10006db4:	2800      	cmp	r0, #0
10006db6:	d103      	bne.n	10006dc0 <stdio_usb_out_chars+0x38>
10006db8:	bcc0      	pop	{r6, r7}
10006dba:	46bb      	mov	fp, r7
10006dbc:	46b2      	mov	sl, r6
10006dbe:	bdf8      	pop	{r3, r4, r5, r6, r7, pc}
10006dc0:	2000      	movs	r0, #0
10006dc2:	f001 fae7 	bl	10008394 <tud_cdc_n_connected>
10006dc6:	2800      	cmp	r0, #0
10006dc8:	d04a      	beq.n	10006e60 <stdio_usb_out_chars+0xd8>
10006dca:	2600      	movs	r6, #0
10006dcc:	2c00      	cmp	r4, #0
10006dce:	dd43      	ble.n	10006e58 <stdio_usb_out_chars+0xd0>
10006dd0:	4b2b      	ldr	r3, [pc, #172]	@ (10006e80 <stdio_usb_out_chars+0xf8>)
10006dd2:	469b      	mov	fp, r3
10006dd4:	e014      	b.n	10006e00 <stdio_usb_out_chars+0x78>
10006dd6:	19a9      	adds	r1, r5, r6
10006dd8:	2000      	movs	r0, #0
10006dda:	f001 fb79 	bl	100084d0 <tud_cdc_n_write>
10006dde:	0007      	movs	r7, r0
10006de0:	2001      	movs	r0, #1
10006de2:	2100      	movs	r1, #0
10006de4:	4240      	negs	r0, r0
10006de6:	f000 fcff 	bl	100077e8 <tud_task_ext>
10006dea:	2000      	movs	r0, #0
10006dec:	f001 fb36 	bl	1000845c <tud_cdc_n_write_flush>
10006df0:	f7fc fc90 	bl	10003714 <time_us_64>
10006df4:	4b22      	ldr	r3, [pc, #136]	@ (10006e80 <stdio_usb_out_chars+0xf8>)
10006df6:	19f6      	adds	r6, r6, r7
10006df8:	6018      	str	r0, [r3, #0]
10006dfa:	6059      	str	r1, [r3, #4]
10006dfc:	42b4      	cmp	r4, r6
10006dfe:	dd2b      	ble.n	10006e58 <stdio_usb_out_chars+0xd0>
10006e00:	2000      	movs	r0, #0
10006e02:	f001 fb85 	bl	10008510 <tud_cdc_n_write_available>
10006e06:	1ba7      	subs	r7, r4, r6
10006e08:	0002      	movs	r2, r0
10006e0a:	42b8      	cmp	r0, r7
10006e0c:	dd00      	ble.n	10006e10 <stdio_usb_out_chars+0x88>
10006e0e:	003a      	movs	r2, r7
10006e10:	2a00      	cmp	r2, #0
10006e12:	d1e0      	bne.n	10006dd6 <stdio_usb_out_chars+0x4e>
10006e14:	2001      	movs	r0, #1
10006e16:	2100      	movs	r1, #0
10006e18:	4240      	negs	r0, r0
10006e1a:	f000 fce5 	bl	100077e8 <tud_task_ext>
10006e1e:	2000      	movs	r0, #0
10006e20:	f001 fb1c 	bl	1000845c <tud_cdc_n_write_flush>
10006e24:	2000      	movs	r0, #0
10006e26:	f001 fab5 	bl	10008394 <tud_cdc_n_connected>
10006e2a:	2800      	cmp	r0, #0
10006e2c:	d014      	beq.n	10006e58 <stdio_usb_out_chars+0xd0>
10006e2e:	2000      	movs	r0, #0
10006e30:	f001 fb6e 	bl	10008510 <tud_cdc_n_write_available>
10006e34:	2800      	cmp	r0, #0
10006e36:	d1e1      	bne.n	10006dfc <stdio_usb_out_chars+0x74>
10006e38:	f7fc fc6c 	bl	10003714 <time_us_64>
10006e3c:	465b      	mov	r3, fp
10006e3e:	000f      	movs	r7, r1
10006e40:	681a      	ldr	r2, [r3, #0]
10006e42:	685b      	ldr	r3, [r3, #4]
10006e44:	2100      	movs	r1, #0
10006e46:	4684      	mov	ip, r0
10006e48:	480e      	ldr	r0, [pc, #56]	@ (10006e84 <stdio_usb_out_chars+0xfc>)
10006e4a:	1812      	adds	r2, r2, r0
10006e4c:	414b      	adcs	r3, r1
10006e4e:	429f      	cmp	r7, r3
10006e50:	d802      	bhi.n	10006e58 <stdio_usb_out_chars+0xd0>
10006e52:	d1d3      	bne.n	10006dfc <stdio_usb_out_chars+0x74>
10006e54:	4594      	cmp	ip, r2
10006e56:	d9d1      	bls.n	10006dfc <stdio_usb_out_chars+0x74>
10006e58:	4650      	mov	r0, sl
10006e5a:	f002 f975 	bl	10009148 <__mutex_exit_veneer>
10006e5e:	e7ab      	b.n	10006db8 <stdio_usb_out_chars+0x30>
10006e60:	2000      	movs	r0, #0
10006e62:	2100      	movs	r1, #0
10006e64:	4b06      	ldr	r3, [pc, #24]	@ (10006e80 <stdio_usb_out_chars+0xf8>)
10006e66:	6018      	str	r0, [r3, #0]
10006e68:	6059      	str	r1, [r3, #4]
10006e6a:	4650      	mov	r0, sl
10006e6c:	f002 f96c 	bl	10009148 <__mutex_exit_veneer>
10006e70:	e7a2      	b.n	10006db8 <stdio_usb_out_chars+0x30>
10006e72:	46c0      	nop			@ (mov r8, r8)
10006e74:	000f4240 	.word	0x000f4240
10006e78:	7fffffff 	.word	0x7fffffff
10006e7c:	2000bf38 	.word	0x2000bf38
10006e80:	200012b0 	.word	0x200012b0
10006e84:	0007a120 	.word	0x0007a120

10006e88 <low_priority_worker_irq>:
10006e88:	b530      	push	{r4, r5, lr}
10006e8a:	4c2a      	ldr	r4, [pc, #168]	@ (10006f34 <low_priority_worker_irq+0xac>)
10006e8c:	b085      	sub	sp, #20
10006e8e:	2100      	movs	r1, #0
10006e90:	0020      	movs	r0, r4
10006e92:	f002 f979 	bl	10009188 <__mutex_try_enter_veneer>
10006e96:	2800      	cmp	r0, #0
10006e98:	d11c      	bne.n	10006ed4 <low_priority_worker_irq+0x4c>
10006e9a:	4b27      	ldr	r3, [pc, #156]	@ (10006f38 <low_priority_worker_irq+0xb0>)
10006e9c:	681a      	ldr	r2, [r3, #0]
10006e9e:	2a00      	cmp	r2, #0
10006ea0:	d016      	beq.n	10006ed0 <low_priority_worker_irq+0x48>
10006ea2:	f3ef 8110 	mrs	r1, PRIMASK
10006ea6:	b672      	cpsid	i
10006ea8:	6810      	ldr	r0, [r2, #0]
10006eaa:	2800      	cmp	r0, #0
10006eac:	d0fc      	beq.n	10006ea8 <low_priority_worker_irq+0x20>
10006eae:	f3bf 8f5f 	dmb	sy
10006eb2:	2401      	movs	r4, #1
10006eb4:	4821      	ldr	r0, [pc, #132]	@ (10006f3c <low_priority_worker_irq+0xb4>)
10006eb6:	6059      	str	r1, [r3, #4]
10006eb8:	7802      	ldrb	r2, [r0, #0]
10006eba:	681b      	ldr	r3, [r3, #0]
10006ebc:	b2d2      	uxtb	r2, r2
10006ebe:	7004      	strb	r4, [r0, #0]
10006ec0:	f3bf 8f5f 	dmb	sy
10006ec4:	2000      	movs	r0, #0
10006ec6:	6018      	str	r0, [r3, #0]
10006ec8:	f381 8810 	msr	PRIMASK, r1
10006ecc:	2a00      	cmp	r2, #0
10006ece:	d017      	beq.n	10006f00 <low_priority_worker_irq+0x78>
10006ed0:	b005      	add	sp, #20
10006ed2:	bd30      	pop	{r4, r5, pc}
10006ed4:	2001      	movs	r0, #1
10006ed6:	2100      	movs	r1, #0
10006ed8:	4240      	negs	r0, r0
10006eda:	f000 fc85 	bl	100077e8 <tud_task_ext>
10006ede:	2000      	movs	r0, #0
10006ee0:	f001 fa6e 	bl	100083c0 <tud_cdc_n_available>
10006ee4:	0005      	movs	r5, r0
10006ee6:	0020      	movs	r0, r4
10006ee8:	f002 f92e 	bl	10009148 <__mutex_exit_veneer>
10006eec:	2d00      	cmp	r5, #0
10006eee:	d0ef      	beq.n	10006ed0 <low_priority_worker_irq+0x48>
10006ef0:	4b13      	ldr	r3, [pc, #76]	@ (10006f40 <low_priority_worker_irq+0xb8>)
10006ef2:	681b      	ldr	r3, [r3, #0]
10006ef4:	2b00      	cmp	r3, #0
10006ef6:	d0eb      	beq.n	10006ed0 <low_priority_worker_irq+0x48>
10006ef8:	4a12      	ldr	r2, [pc, #72]	@ (10006f44 <low_priority_worker_irq+0xbc>)
10006efa:	6810      	ldr	r0, [r2, #0]
10006efc:	4798      	blx	r3
10006efe:	e7e7      	b.n	10006ed0 <low_priority_worker_irq+0x48>
10006f00:	f7fc fa5e 	bl	100033c0 <alarm_pool_get_default>
10006f04:	0004      	movs	r4, r0
10006f06:	f7fc fc05 	bl	10003714 <time_us_64>
10006f0a:	22fa      	movs	r2, #250	@ 0xfa
10006f0c:	2300      	movs	r3, #0
10006f0e:	0092      	lsls	r2, r2, #2
10006f10:	1812      	adds	r2, r2, r0
10006f12:	414b      	adcs	r3, r1
10006f14:	2b00      	cmp	r3, #0
10006f16:	da02      	bge.n	10006f1e <low_priority_worker_irq+0x96>
10006f18:	2201      	movs	r2, #1
10006f1a:	4b0b      	ldr	r3, [pc, #44]	@ (10006f48 <low_priority_worker_irq+0xc0>)
10006f1c:	4252      	negs	r2, r2
10006f1e:	2101      	movs	r1, #1
10006f20:	9102      	str	r1, [sp, #8]
10006f22:	2100      	movs	r1, #0
10006f24:	9101      	str	r1, [sp, #4]
10006f26:	4909      	ldr	r1, [pc, #36]	@ (10006f4c <low_priority_worker_irq+0xc4>)
10006f28:	0020      	movs	r0, r4
10006f2a:	9100      	str	r1, [sp, #0]
10006f2c:	f7fc fa4c 	bl	100033c8 <alarm_pool_add_alarm_at>
10006f30:	e7ce      	b.n	10006ed0 <low_priority_worker_irq+0x48>
10006f32:	46c0      	nop			@ (mov r8, r8)
10006f34:	2000bf38 	.word	0x2000bf38
10006f38:	2000bf08 	.word	0x2000bf08
10006f3c:	2000bf71 	.word	0x2000bf71
10006f40:	20001a84 	.word	0x20001a84
10006f44:	20001a88 	.word	0x20001a88
10006f48:	7fffffff 	.word	0x7fffffff
10006f4c:	10006c4d 	.word	0x10006c4d

10006f50 <stdio_usb_init>:
10006f50:	23d0      	movs	r3, #208	@ 0xd0
10006f52:	b510      	push	{r4, lr}
10006f54:	061b      	lsls	r3, r3, #24
10006f56:	b084      	sub	sp, #16
10006f58:	681c      	ldr	r4, [r3, #0]
10006f5a:	f7fc fa31 	bl	100033c0 <alarm_pool_get_default>
10006f5e:	f7fc fb2d 	bl	100035bc <alarm_pool_core_num>
10006f62:	42a0      	cmp	r0, r4
10006f64:	d002      	beq.n	10006f6c <stdio_usb_init+0x1c>
10006f66:	2000      	movs	r0, #0
10006f68:	b004      	add	sp, #16
10006f6a:	bd10      	pop	{r4, pc}
10006f6c:	4b29      	ldr	r3, [pc, #164]	@ (10007014 <stdio_usb_init+0xc4>)
10006f6e:	2100      	movs	r1, #0
10006f70:	2000      	movs	r0, #0
10006f72:	781b      	ldrb	r3, [r3, #0]
10006f74:	f001 fc92 	bl	1000889c <tusb_rhport_init>
10006f78:	4827      	ldr	r0, [pc, #156]	@ (10007018 <stdio_usb_init+0xc8>)
10006f7a:	6803      	ldr	r3, [r0, #0]
10006f7c:	2b00      	cmp	r3, #0
10006f7e:	d045      	beq.n	1000700c <stdio_usb_init+0xbc>
10006f80:	2001      	movs	r0, #1
10006f82:	f7fb ffa5 	bl	10002ed0 <user_irq_claim_unused>
10006f86:	23ff      	movs	r3, #255	@ 0xff
10006f88:	4c24      	ldr	r4, [pc, #144]	@ (1000701c <stdio_usb_init+0xcc>)
10006f8a:	4925      	ldr	r1, [pc, #148]	@ (10007020 <stdio_usb_init+0xd0>)
10006f8c:	7020      	strb	r0, [r4, #0]
10006f8e:	4018      	ands	r0, r3
10006f90:	f7fb fe22 	bl	10002bd8 <irq_set_exclusive_handler>
10006f94:	7820      	ldrb	r0, [r4, #0]
10006f96:	2101      	movs	r1, #1
10006f98:	f7fb fde4 	bl	10002b64 <irq_set_enabled>
10006f9c:	2005      	movs	r0, #5
10006f9e:	f7fb fe09 	bl	10002bb4 <irq_has_shared_handler>
10006fa2:	2800      	cmp	r0, #0
10006fa4:	d124      	bne.n	10006ff0 <stdio_usb_init+0xa0>
10006fa6:	2208      	movs	r2, #8
10006fa8:	2100      	movs	r1, #0
10006faa:	481e      	ldr	r0, [pc, #120]	@ (10007024 <stdio_usb_init+0xd4>)
10006fac:	f7fe f83a 	bl	10005024 <__wrap_memset>
10006fb0:	f7fc fa06 	bl	100033c0 <alarm_pool_get_default>
10006fb4:	0004      	movs	r4, r0
10006fb6:	f7fc fbad 	bl	10003714 <time_us_64>
10006fba:	22fa      	movs	r2, #250	@ 0xfa
10006fbc:	2300      	movs	r3, #0
10006fbe:	0092      	lsls	r2, r2, #2
10006fc0:	1812      	adds	r2, r2, r0
10006fc2:	414b      	adcs	r3, r1
10006fc4:	2b00      	cmp	r3, #0
10006fc6:	da02      	bge.n	10006fce <stdio_usb_init+0x7e>
10006fc8:	2201      	movs	r2, #1
10006fca:	4b17      	ldr	r3, [pc, #92]	@ (10007028 <stdio_usb_init+0xd8>)
10006fcc:	4252      	negs	r2, r2
10006fce:	2101      	movs	r1, #1
10006fd0:	9102      	str	r1, [sp, #8]
10006fd2:	2100      	movs	r1, #0
10006fd4:	9101      	str	r1, [sp, #4]
10006fd6:	4915      	ldr	r1, [pc, #84]	@ (1000702c <stdio_usb_init+0xdc>)
10006fd8:	0020      	movs	r0, r4
10006fda:	9100      	str	r1, [sp, #0]
10006fdc:	f7fc f9f4 	bl	100033c8 <alarm_pool_add_alarm_at>
10006fe0:	2800      	cmp	r0, #0
10006fe2:	dbc0      	blt.n	10006f66 <stdio_usb_init+0x16>
10006fe4:	4812      	ldr	r0, [pc, #72]	@ (10007030 <stdio_usb_init+0xe0>)
10006fe6:	2101      	movs	r1, #1
10006fe8:	f7ff fd9e 	bl	10006b28 <stdio_set_driver_enabled>
10006fec:	2001      	movs	r0, #1
10006fee:	e7bb      	b.n	10006f68 <stdio_usb_init+0x18>
10006ff0:	2001      	movs	r0, #1
10006ff2:	f7fb fd85 	bl	10002b00 <spin_lock_claim_unused>
10006ff6:	4b0b      	ldr	r3, [pc, #44]	@ (10007024 <stdio_usb_init+0xd4>)
10006ff8:	0001      	movs	r1, r0
10006ffa:	0018      	movs	r0, r3
10006ffc:	f7fb ffca 	bl	10002f94 <critical_section_init_with_lock_num>
10007000:	2200      	movs	r2, #0
10007002:	2005      	movs	r0, #5
10007004:	490b      	ldr	r1, [pc, #44]	@ (10007034 <stdio_usb_init+0xe4>)
10007006:	f7fb fe11 	bl	10002c2c <irq_add_shared_handler>
1000700a:	e7eb      	b.n	10006fe4 <stdio_usb_init+0x94>
1000700c:	f7fb ffa6 	bl	10002f5c <mutex_init>
10007010:	e7b6      	b.n	10006f80 <stdio_usb_init+0x30>
10007012:	46c0      	nop			@ (mov r8, r8)
10007014:	10013ff8 	.word	0x10013ff8
10007018:	2000bf38 	.word	0x2000bf38
1000701c:	2000bf70 	.word	0x2000bf70
10007020:	10006e89 	.word	0x10006e89
10007024:	2000bf08 	.word	0x2000bf08
10007028:	7fffffff 	.word	0x7fffffff
1000702c:	10006c4d 	.word	0x10006c4d
10007030:	200010f0 	.word	0x200010f0
10007034:	10006c3d 	.word	0x10006c3d

10007038 <tud_descriptor_device_cb>:
10007038:	4800      	ldr	r0, [pc, #0]	@ (1000703c <tud_descriptor_device_cb+0x4>)
1000703a:	4770      	bx	lr
1000703c:	10013e14 	.word	0x10013e14

10007040 <tud_descriptor_configuration_cb>:
10007040:	4800      	ldr	r0, [pc, #0]	@ (10007044 <tud_descriptor_configuration_cb+0x4>)
10007042:	4770      	bx	lr
10007044:	10013dc0 	.word	0x10013dc0

10007048 <tud_descriptor_string_cb>:
10007048:	b510      	push	{r4, lr}
1000704a:	0004      	movs	r4, r0
1000704c:	4817      	ldr	r0, [pc, #92]	@ (100070ac <tud_descriptor_string_cb+0x64>)
1000704e:	7803      	ldrb	r3, [r0, #0]
10007050:	2b00      	cmp	r3, #0
10007052:	d020      	beq.n	10007096 <tud_descriptor_string_cb+0x4e>
10007054:	2c00      	cmp	r4, #0
10007056:	d106      	bne.n	10007066 <tud_descriptor_string_cb+0x1e>
10007058:	4b15      	ldr	r3, [pc, #84]	@ (100070b0 <tud_descriptor_string_cb+0x68>)
1000705a:	4816      	ldr	r0, [pc, #88]	@ (100070b4 <tud_descriptor_string_cb+0x6c>)
1000705c:	8043      	strh	r3, [r0, #2]
1000705e:	3b06      	subs	r3, #6
10007060:	3bff      	subs	r3, #255	@ 0xff
10007062:	8003      	strh	r3, [r0, #0]
10007064:	bd10      	pop	{r4, pc}
10007066:	2c05      	cmp	r4, #5
10007068:	d81d      	bhi.n	100070a6 <tud_descriptor_string_cb+0x5e>
1000706a:	4b13      	ldr	r3, [pc, #76]	@ (100070b8 <tud_descriptor_string_cb+0x70>)
1000706c:	00a4      	lsls	r4, r4, #2
1000706e:	58e0      	ldr	r0, [r4, r3]
10007070:	4912      	ldr	r1, [pc, #72]	@ (100070bc <tud_descriptor_string_cb+0x74>)
10007072:	2301      	movs	r3, #1
10007074:	3801      	subs	r0, #1
10007076:	e004      	b.n	10007082 <tud_descriptor_string_cb+0x3a>
10007078:	3301      	adds	r3, #1
1000707a:	800a      	strh	r2, [r1, #0]
1000707c:	3102      	adds	r1, #2
1000707e:	2b14      	cmp	r3, #20
10007080:	d00d      	beq.n	1000709e <tud_descriptor_string_cb+0x56>
10007082:	5cc2      	ldrb	r2, [r0, r3]
10007084:	2a00      	cmp	r2, #0
10007086:	d1f7      	bne.n	10007078 <tud_descriptor_string_cb+0x30>
10007088:	22c0      	movs	r2, #192	@ 0xc0
1000708a:	b2db      	uxtb	r3, r3
1000708c:	005b      	lsls	r3, r3, #1
1000708e:	0092      	lsls	r2, r2, #2
10007090:	4808      	ldr	r0, [pc, #32]	@ (100070b4 <tud_descriptor_string_cb+0x6c>)
10007092:	4313      	orrs	r3, r2
10007094:	e7e5      	b.n	10007062 <tud_descriptor_string_cb+0x1a>
10007096:	2111      	movs	r1, #17
10007098:	f000 f81a 	bl	100070d0 <pico_get_unique_board_id_string>
1000709c:	e7da      	b.n	10007054 <tud_descriptor_string_cb+0xc>
1000709e:	23ca      	movs	r3, #202	@ 0xca
100070a0:	4804      	ldr	r0, [pc, #16]	@ (100070b4 <tud_descriptor_string_cb+0x6c>)
100070a2:	009b      	lsls	r3, r3, #2
100070a4:	e7dd      	b.n	10007062 <tud_descriptor_string_cb+0x1a>
100070a6:	2000      	movs	r0, #0
100070a8:	e7dc      	b.n	10007064 <tud_descriptor_string_cb+0x1c>
100070aa:	46c0      	nop			@ (mov r8, r8)
100070ac:	2000bf4c 	.word	0x2000bf4c
100070b0:	00000409 	.word	0x00000409
100070b4:	20001abc 	.word	0x20001abc
100070b8:	10013da8 	.word	0x10013da8
100070bc:	20001abe 	.word	0x20001abe

100070c0 <_retrieve_unique_id_on_boot>:
100070c0:	b510      	push	{r4, lr}
100070c2:	4802      	ldr	r0, [pc, #8]	@ (100070cc <_retrieve_unique_id_on_boot+0xc>)
100070c4:	f000 f8d8 	bl	10007278 <flash_get_unique_id>
100070c8:	bd10      	pop	{r4, pc}
100070ca:	46c0      	nop			@ (mov r8, r8)
100070cc:	2000bf20 	.word	0x2000bf20

100070d0 <pico_get_unique_board_id_string>:
100070d0:	b530      	push	{r4, r5, lr}
100070d2:	1e4b      	subs	r3, r1, #1
100070d4:	2901      	cmp	r1, #1
100070d6:	d100      	bne.n	100070da <pico_get_unique_board_id_string+0xa>
100070d8:	e0a7      	b.n	1000722a <pico_get_unique_board_id_string+0x15a>
100070da:	4a66      	ldr	r2, [pc, #408]	@ (10007274 <pico_get_unique_board_id_string+0x1a4>)
100070dc:	7811      	ldrb	r1, [r2, #0]
100070de:	090d      	lsrs	r5, r1, #4
100070e0:	002c      	movs	r4, r5
100070e2:	3430      	adds	r4, #48	@ 0x30
100070e4:	299f      	cmp	r1, #159	@ 0x9f
100070e6:	d900      	bls.n	100070ea <pico_get_unique_board_id_string+0x1a>
100070e8:	e0a2      	b.n	10007230 <pico_get_unique_board_id_string+0x160>
100070ea:	7004      	strb	r4, [r0, #0]
100070ec:	2b01      	cmp	r3, #1
100070ee:	d100      	bne.n	100070f2 <pico_get_unique_board_id_string+0x22>
100070f0:	e0be      	b.n	10007270 <pico_get_unique_board_id_string+0x1a0>
100070f2:	210f      	movs	r1, #15
100070f4:	7814      	ldrb	r4, [r2, #0]
100070f6:	4021      	ands	r1, r4
100070f8:	000c      	movs	r4, r1
100070fa:	3430      	adds	r4, #48	@ 0x30
100070fc:	2909      	cmp	r1, #9
100070fe:	d900      	bls.n	10007102 <pico_get_unique_board_id_string+0x32>
10007100:	e098      	b.n	10007234 <pico_get_unique_board_id_string+0x164>
10007102:	7044      	strb	r4, [r0, #1]
10007104:	2b02      	cmp	r3, #2
10007106:	d100      	bne.n	1000710a <pico_get_unique_board_id_string+0x3a>
10007108:	e0b2      	b.n	10007270 <pico_get_unique_board_id_string+0x1a0>
1000710a:	7854      	ldrb	r4, [r2, #1]
1000710c:	0925      	lsrs	r5, r4, #4
1000710e:	0029      	movs	r1, r5
10007110:	3130      	adds	r1, #48	@ 0x30
10007112:	2c9f      	cmp	r4, #159	@ 0x9f
10007114:	d900      	bls.n	10007118 <pico_get_unique_board_id_string+0x48>
10007116:	e090      	b.n	1000723a <pico_get_unique_board_id_string+0x16a>
10007118:	7081      	strb	r1, [r0, #2]
1000711a:	2b03      	cmp	r3, #3
1000711c:	d100      	bne.n	10007120 <pico_get_unique_board_id_string+0x50>
1000711e:	e0a7      	b.n	10007270 <pico_get_unique_board_id_string+0x1a0>
10007120:	210f      	movs	r1, #15
10007122:	4021      	ands	r1, r4
10007124:	000c      	movs	r4, r1
10007126:	3430      	adds	r4, #48	@ 0x30
10007128:	2909      	cmp	r1, #9
1000712a:	d900      	bls.n	1000712e <pico_get_unique_board_id_string+0x5e>
1000712c:	e087      	b.n	1000723e <pico_get_unique_board_id_string+0x16e>
1000712e:	70c4      	strb	r4, [r0, #3]
10007130:	2b04      	cmp	r3, #4
10007132:	d100      	bne.n	10007136 <pico_get_unique_board_id_string+0x66>
10007134:	e09c      	b.n	10007270 <pico_get_unique_board_id_string+0x1a0>
10007136:	7894      	ldrb	r4, [r2, #2]
10007138:	0925      	lsrs	r5, r4, #4
1000713a:	0029      	movs	r1, r5
1000713c:	3130      	adds	r1, #48	@ 0x30
1000713e:	2c9f      	cmp	r4, #159	@ 0x9f
10007140:	d900      	bls.n	10007144 <pico_get_unique_board_id_string+0x74>
10007142:	e07f      	b.n	10007244 <pico_get_unique_board_id_string+0x174>
10007144:	7101      	strb	r1, [r0, #4]
10007146:	2b05      	cmp	r3, #5
10007148:	d100      	bne.n	1000714c <pico_get_unique_board_id_string+0x7c>
1000714a:	e091      	b.n	10007270 <pico_get_unique_board_id_string+0x1a0>
1000714c:	210f      	movs	r1, #15
1000714e:	4021      	ands	r1, r4
10007150:	000c      	movs	r4, r1
10007152:	3430      	adds	r4, #48	@ 0x30
10007154:	2909      	cmp	r1, #9
10007156:	d900      	bls.n	1000715a <pico_get_unique_board_id_string+0x8a>
10007158:	e076      	b.n	10007248 <pico_get_unique_board_id_string+0x178>
1000715a:	7144      	strb	r4, [r0, #5]
1000715c:	2b06      	cmp	r3, #6
1000715e:	d100      	bne.n	10007162 <pico_get_unique_board_id_string+0x92>
10007160:	e086      	b.n	10007270 <pico_get_unique_board_id_string+0x1a0>
10007162:	78d4      	ldrb	r4, [r2, #3]
10007164:	0925      	lsrs	r5, r4, #4
10007166:	0029      	movs	r1, r5
10007168:	3130      	adds	r1, #48	@ 0x30
1000716a:	2c9f      	cmp	r4, #159	@ 0x9f
1000716c:	d900      	bls.n	10007170 <pico_get_unique_board_id_string+0xa0>
1000716e:	e06e      	b.n	1000724e <pico_get_unique_board_id_string+0x17e>
10007170:	7181      	strb	r1, [r0, #6]
10007172:	2b07      	cmp	r3, #7
10007174:	d100      	bne.n	10007178 <pico_get_unique_board_id_string+0xa8>
10007176:	e07b      	b.n	10007270 <pico_get_unique_board_id_string+0x1a0>
10007178:	210f      	movs	r1, #15
1000717a:	4021      	ands	r1, r4
1000717c:	000c      	movs	r4, r1
1000717e:	3430      	adds	r4, #48	@ 0x30
10007180:	2909      	cmp	r1, #9
10007182:	d866      	bhi.n	10007252 <pico_get_unique_board_id_string+0x182>
10007184:	71c4      	strb	r4, [r0, #7]
10007186:	2b08      	cmp	r3, #8
10007188:	d100      	bne.n	1000718c <pico_get_unique_board_id_string+0xbc>
1000718a:	e071      	b.n	10007270 <pico_get_unique_board_id_string+0x1a0>
1000718c:	7914      	ldrb	r4, [r2, #4]
1000718e:	0925      	lsrs	r5, r4, #4
10007190:	0029      	movs	r1, r5
10007192:	3130      	adds	r1, #48	@ 0x30
10007194:	2c9f      	cmp	r4, #159	@ 0x9f
10007196:	d85f      	bhi.n	10007258 <pico_get_unique_board_id_string+0x188>
10007198:	7201      	strb	r1, [r0, #8]
1000719a:	2b09      	cmp	r3, #9
1000719c:	d068      	beq.n	10007270 <pico_get_unique_board_id_string+0x1a0>
1000719e:	210f      	movs	r1, #15
100071a0:	4021      	ands	r1, r4
100071a2:	000c      	movs	r4, r1
100071a4:	3430      	adds	r4, #48	@ 0x30
100071a6:	2909      	cmp	r1, #9
100071a8:	d858      	bhi.n	1000725c <pico_get_unique_board_id_string+0x18c>
100071aa:	7244      	strb	r4, [r0, #9]
100071ac:	2b0a      	cmp	r3, #10
100071ae:	d05f      	beq.n	10007270 <pico_get_unique_board_id_string+0x1a0>
100071b0:	7954      	ldrb	r4, [r2, #5]
100071b2:	0925      	lsrs	r5, r4, #4
100071b4:	0029      	movs	r1, r5
100071b6:	3130      	adds	r1, #48	@ 0x30
100071b8:	2c9f      	cmp	r4, #159	@ 0x9f
100071ba:	d852      	bhi.n	10007262 <pico_get_unique_board_id_string+0x192>
100071bc:	7281      	strb	r1, [r0, #10]
100071be:	2b0b      	cmp	r3, #11
100071c0:	d056      	beq.n	10007270 <pico_get_unique_board_id_string+0x1a0>
100071c2:	210f      	movs	r1, #15
100071c4:	4021      	ands	r1, r4
100071c6:	000c      	movs	r4, r1
100071c8:	3430      	adds	r4, #48	@ 0x30
100071ca:	2909      	cmp	r1, #9
100071cc:	d84b      	bhi.n	10007266 <pico_get_unique_board_id_string+0x196>
100071ce:	72c4      	strb	r4, [r0, #11]
100071d0:	2b0c      	cmp	r3, #12
100071d2:	d04d      	beq.n	10007270 <pico_get_unique_board_id_string+0x1a0>
100071d4:	7994      	ldrb	r4, [r2, #6]
100071d6:	0925      	lsrs	r5, r4, #4
100071d8:	0029      	movs	r1, r5
100071da:	3130      	adds	r1, #48	@ 0x30
100071dc:	2c9f      	cmp	r4, #159	@ 0x9f
100071de:	d900      	bls.n	100071e2 <pico_get_unique_board_id_string+0x112>
100071e0:	3107      	adds	r1, #7
100071e2:	7301      	strb	r1, [r0, #12]
100071e4:	2b0d      	cmp	r3, #13
100071e6:	d043      	beq.n	10007270 <pico_get_unique_board_id_string+0x1a0>
100071e8:	210f      	movs	r1, #15
100071ea:	4021      	ands	r1, r4
100071ec:	000c      	movs	r4, r1
100071ee:	3430      	adds	r4, #48	@ 0x30
100071f0:	2909      	cmp	r1, #9
100071f2:	d901      	bls.n	100071f8 <pico_get_unique_board_id_string+0x128>
100071f4:	3137      	adds	r1, #55	@ 0x37
100071f6:	000c      	movs	r4, r1
100071f8:	7344      	strb	r4, [r0, #13]
100071fa:	2b0e      	cmp	r3, #14
100071fc:	d038      	beq.n	10007270 <pico_get_unique_board_id_string+0x1a0>
100071fe:	79d1      	ldrb	r1, [r2, #7]
10007200:	090c      	lsrs	r4, r1, #4
10007202:	0022      	movs	r2, r4
10007204:	3230      	adds	r2, #48	@ 0x30
10007206:	299f      	cmp	r1, #159	@ 0x9f
10007208:	d900      	bls.n	1000720c <pico_get_unique_board_id_string+0x13c>
1000720a:	3207      	adds	r2, #7
1000720c:	7382      	strb	r2, [r0, #14]
1000720e:	2b0f      	cmp	r3, #15
10007210:	d02e      	beq.n	10007270 <pico_get_unique_board_id_string+0x1a0>
10007212:	220f      	movs	r2, #15
10007214:	400a      	ands	r2, r1
10007216:	0011      	movs	r1, r2
10007218:	3137      	adds	r1, #55	@ 0x37
1000721a:	2a09      	cmp	r2, #9
1000721c:	d801      	bhi.n	10007222 <pico_get_unique_board_id_string+0x152>
1000721e:	3230      	adds	r2, #48	@ 0x30
10007220:	0011      	movs	r1, r2
10007222:	73c1      	strb	r1, [r0, #15]
10007224:	2b10      	cmp	r3, #16
10007226:	d023      	beq.n	10007270 <pico_get_unique_board_id_string+0x1a0>
10007228:	3010      	adds	r0, #16
1000722a:	2300      	movs	r3, #0
1000722c:	7003      	strb	r3, [r0, #0]
1000722e:	bd30      	pop	{r4, r5, pc}
10007230:	3407      	adds	r4, #7
10007232:	e75a      	b.n	100070ea <pico_get_unique_board_id_string+0x1a>
10007234:	3137      	adds	r1, #55	@ 0x37
10007236:	000c      	movs	r4, r1
10007238:	e763      	b.n	10007102 <pico_get_unique_board_id_string+0x32>
1000723a:	3107      	adds	r1, #7
1000723c:	e76c      	b.n	10007118 <pico_get_unique_board_id_string+0x48>
1000723e:	3137      	adds	r1, #55	@ 0x37
10007240:	000c      	movs	r4, r1
10007242:	e774      	b.n	1000712e <pico_get_unique_board_id_string+0x5e>
10007244:	3107      	adds	r1, #7
10007246:	e77d      	b.n	10007144 <pico_get_unique_board_id_string+0x74>
10007248:	3137      	adds	r1, #55	@ 0x37
1000724a:	000c      	movs	r4, r1
1000724c:	e785      	b.n	1000715a <pico_get_unique_board_id_string+0x8a>
1000724e:	3107      	adds	r1, #7
10007250:	e78e      	b.n	10007170 <pico_get_unique_board_id_string+0xa0>
10007252:	3137      	adds	r1, #55	@ 0x37
10007254:	000c      	movs	r4, r1
10007256:	e795      	b.n	10007184 <pico_get_unique_board_id_string+0xb4>
10007258:	3107      	adds	r1, #7
1000725a:	e79d      	b.n	10007198 <pico_get_unique_board_id_string+0xc8>
1000725c:	3137      	adds	r1, #55	@ 0x37
1000725e:	000c      	movs	r4, r1
10007260:	e7a3      	b.n	100071aa <pico_get_unique_board_id_string+0xda>
10007262:	3107      	adds	r1, #7
10007264:	e7aa      	b.n	100071bc <pico_get_unique_board_id_string+0xec>
10007266:	3137      	adds	r1, #55	@ 0x37
10007268:	000c      	movs	r4, r1
1000726a:	72c4      	strb	r4, [r0, #11]
1000726c:	2b0c      	cmp	r3, #12
1000726e:	d1b1      	bne.n	100071d4 <pico_get_unique_board_id_string+0x104>
10007270:	18c0      	adds	r0, r0, r3
10007272:	e7da      	b.n	1000722a <pico_get_unique_board_id_string+0x15a>
10007274:	2000bf20 	.word	0x2000bf20

10007278 <flash_get_unique_id>:
10007278:	b510      	push	{r4, lr}
1000727a:	b088      	sub	sp, #32
1000727c:	0004      	movs	r4, r0
1000727e:	220d      	movs	r2, #13
10007280:	2100      	movs	r1, #0
10007282:	4668      	mov	r0, sp
10007284:	f7fd fece 	bl	10005024 <__wrap_memset>
10007288:	220d      	movs	r2, #13
1000728a:	2100      	movs	r1, #0
1000728c:	a804      	add	r0, sp, #16
1000728e:	f7fd fec9 	bl	10005024 <__wrap_memset>
10007292:	466a      	mov	r2, sp
10007294:	234b      	movs	r3, #75	@ 0x4b
10007296:	4668      	mov	r0, sp
10007298:	7013      	strb	r3, [r2, #0]
1000729a:	a904      	add	r1, sp, #16
1000729c:	2300      	movs	r3, #0
1000729e:	220d      	movs	r2, #13
100072a0:	f001 ff92 	bl	100091c8 <__flash_do_cmd_cs_veneer>
100072a4:	2115      	movs	r1, #21
100072a6:	2208      	movs	r2, #8
100072a8:	0020      	movs	r0, r4
100072aa:	4469      	add	r1, sp
100072ac:	f7fd fec0 	bl	10005030 <__wrap___aeabi_memcpy>
100072b0:	b008      	add	sp, #32
100072b2:	bd10      	pop	{r4, pc}

100072b4 <usb_reset_interface_init>:
100072b4:	4770      	bx	lr
100072b6:	46c0      	nop			@ (mov r8, r8)

100072b8 <usb_reset_interface_reset>:
100072b8:	2200      	movs	r2, #0
100072ba:	4b01      	ldr	r3, [pc, #4]	@ (100072c0 <usb_reset_interface_reset+0x8>)
100072bc:	701a      	strb	r2, [r3, #0]
100072be:	4770      	bx	lr
100072c0:	2000bf6f 	.word	0x2000bf6f

100072c4 <usb_reset_interface_open>:
100072c4:	794b      	ldrb	r3, [r1, #5]
100072c6:	2000      	movs	r0, #0
100072c8:	2bff      	cmp	r3, #255	@ 0xff
100072ca:	d10b      	bne.n	100072e4 <usb_reset_interface_open+0x20>
100072cc:	798b      	ldrb	r3, [r1, #6]
100072ce:	2b00      	cmp	r3, #0
100072d0:	d108      	bne.n	100072e4 <usb_reset_interface_open+0x20>
100072d2:	79cb      	ldrb	r3, [r1, #7]
100072d4:	2b01      	cmp	r3, #1
100072d6:	d105      	bne.n	100072e4 <usb_reset_interface_open+0x20>
100072d8:	2a08      	cmp	r2, #8
100072da:	d903      	bls.n	100072e4 <usb_reset_interface_open+0x20>
100072dc:	4b02      	ldr	r3, [pc, #8]	@ (100072e8 <usb_reset_interface_open+0x24>)
100072de:	788a      	ldrb	r2, [r1, #2]
100072e0:	3009      	adds	r0, #9
100072e2:	701a      	strb	r2, [r3, #0]
100072e4:	4770      	bx	lr
100072e6:	46c0      	nop			@ (mov r8, r8)
100072e8:	2000bf6f 	.word	0x2000bf6f

100072ec <usb_reset_interface_xfer_cb>:
100072ec:	2001      	movs	r0, #1
100072ee:	4770      	bx	lr

100072f0 <usb_reset_interface_control_xfer_cb>:
100072f0:	b510      	push	{r4, lr}
100072f2:	2901      	cmp	r1, #1
100072f4:	d113      	bne.n	1000731e <usb_reset_interface_control_xfer_cb+0x2e>
100072f6:	4915      	ldr	r1, [pc, #84]	@ (1000734c <usb_reset_interface_control_xfer_cb+0x5c>)
100072f8:	7953      	ldrb	r3, [r2, #5]
100072fa:	7910      	ldrb	r0, [r2, #4]
100072fc:	7809      	ldrb	r1, [r1, #0]
100072fe:	021b      	lsls	r3, r3, #8
10007300:	4303      	orrs	r3, r0
10007302:	2000      	movs	r0, #0
10007304:	4299      	cmp	r1, r3
10007306:	d000      	beq.n	1000730a <usb_reset_interface_control_xfer_cb+0x1a>
10007308:	bd10      	pop	{r4, pc}
1000730a:	7853      	ldrb	r3, [r2, #1]
1000730c:	2b01      	cmp	r3, #1
1000730e:	d008      	beq.n	10007322 <usb_reset_interface_control_xfer_cb+0x32>
10007310:	2b02      	cmp	r3, #2
10007312:	d1f9      	bne.n	10007308 <usb_reset_interface_control_xfer_cb+0x18>
10007314:	2264      	movs	r2, #100	@ 0x64
10007316:	2100      	movs	r1, #0
10007318:	2000      	movs	r0, #0
1000731a:	f7fc fccd 	bl	10003cb8 <watchdog_reboot>
1000731e:	2001      	movs	r0, #1
10007320:	e7f2      	b.n	10007308 <usb_reset_interface_control_xfer_cb+0x18>
10007322:	78d1      	ldrb	r1, [r2, #3]
10007324:	7893      	ldrb	r3, [r2, #2]
10007326:	0209      	lsls	r1, r1, #8
10007328:	4319      	orrs	r1, r3
1000732a:	2380      	movs	r3, #128	@ 0x80
1000732c:	000a      	movs	r2, r1
1000732e:	005b      	lsls	r3, r3, #1
10007330:	401a      	ands	r2, r3
10007332:	4219      	tst	r1, r3
10007334:	d006      	beq.n	10007344 <usb_reset_interface_control_xfer_cb+0x54>
10007336:	060a      	lsls	r2, r1, #24
10007338:	0fd2      	lsrs	r2, r2, #31
1000733a:	0a48      	lsrs	r0, r1, #9
1000733c:	2303      	movs	r3, #3
1000733e:	4019      	ands	r1, r3
10007340:	f7fc fd42 	bl	10003dc8 <rom_reset_usb_boot_extra>
10007344:	2001      	movs	r0, #1
10007346:	4240      	negs	r0, r0
10007348:	e7f8      	b.n	1000733c <usb_reset_interface_control_xfer_cb+0x4c>
1000734a:	46c0      	nop			@ (mov r8, r8)
1000734c:	2000bf6f 	.word	0x2000bf6f

10007350 <tud_descriptor_bos_cb>:
10007350:	4800      	ldr	r0, [pc, #0]	@ (10007354 <tud_descriptor_bos_cb+0x4>)
10007352:	4770      	bx	lr
10007354:	10013ed0 	.word	0x10013ed0

10007358 <tud_vendor_control_xfer_cb>:
10007358:	b570      	push	{r4, r5, r6, lr}
1000735a:	0005      	movs	r5, r0
1000735c:	0014      	movs	r4, r2
1000735e:	2001      	movs	r0, #1
10007360:	2901      	cmp	r1, #1
10007362:	d109      	bne.n	10007378 <tud_vendor_control_xfer_cb+0x20>
10007364:	7853      	ldrb	r3, [r2, #1]
10007366:	2000      	movs	r0, #0
10007368:	2b01      	cmp	r3, #1
1000736a:	d105      	bne.n	10007378 <tud_vendor_control_xfer_cb+0x20>
1000736c:	7963      	ldrb	r3, [r4, #5]
1000736e:	7912      	ldrb	r2, [r2, #4]
10007370:	021b      	lsls	r3, r3, #8
10007372:	4313      	orrs	r3, r2
10007374:	2b07      	cmp	r3, #7
10007376:	d000      	beq.n	1000737a <tud_vendor_control_xfer_cb+0x22>
10007378:	bd70      	pop	{r4, r5, r6, pc}
1000737a:	0021      	movs	r1, r4
1000737c:	0028      	movs	r0, r5
1000737e:	4a02      	ldr	r2, [pc, #8]	@ (10007388 <tud_vendor_control_xfer_cb+0x30>)
10007380:	339f      	adds	r3, #159	@ 0x9f
10007382:	f000 fee9 	bl	10008158 <tud_control_xfer>
10007386:	e7f7      	b.n	10007378 <tud_vendor_control_xfer_cb+0x20>
10007388:	10013e28 	.word	0x10013e28

1000738c <usbd_app_driver_get_cb>:
1000738c:	2301      	movs	r3, #1
1000738e:	7003      	strb	r3, [r0, #0]
10007390:	4800      	ldr	r0, [pc, #0]	@ (10007394 <usbd_app_driver_get_cb+0x8>)
10007392:	4770      	bx	lr
10007394:	10013ef4 	.word	0x10013ef4

10007398 <tud_cdc_line_coding_cb>:
10007398:	784b      	ldrb	r3, [r1, #1]
1000739a:	780a      	ldrb	r2, [r1, #0]
1000739c:	021b      	lsls	r3, r3, #8
1000739e:	4313      	orrs	r3, r2
100073a0:	788a      	ldrb	r2, [r1, #2]
100073a2:	b510      	push	{r4, lr}
100073a4:	0412      	lsls	r2, r2, #16
100073a6:	431a      	orrs	r2, r3
100073a8:	78cb      	ldrb	r3, [r1, #3]
100073aa:	061b      	lsls	r3, r3, #24
100073ac:	4313      	orrs	r3, r2
100073ae:	2296      	movs	r2, #150	@ 0x96
100073b0:	00d2      	lsls	r2, r2, #3
100073b2:	4293      	cmp	r3, r2
100073b4:	d000      	beq.n	100073b8 <tud_cdc_line_coding_cb+0x20>
100073b6:	bd10      	pop	{r4, pc}
100073b8:	2200      	movs	r2, #0
100073ba:	2001      	movs	r0, #1
100073bc:	0011      	movs	r1, r2
100073be:	4240      	negs	r0, r0
100073c0:	f7fc fd02 	bl	10003dc8 <rom_reset_usb_boot_extra>

100073c4 <dcd_init>:
100073c4:	b5f8      	push	{r3, r4, r5, r6, r7, lr}
100073c6:	f000 f939 	bl	1000763c <rp2040_usb_init>
100073ca:	230c      	movs	r3, #12
100073cc:	4d19      	ldr	r5, [pc, #100]	@ (10007434 <dcd_init+0x70>)
100073ce:	22ff      	movs	r2, #255	@ 0xff
100073d0:	67ab      	str	r3, [r5, #120]	@ 0x78
100073d2:	2005      	movs	r0, #5
100073d4:	4918      	ldr	r1, [pc, #96]	@ (10007438 <dcd_init+0x74>)
100073d6:	f7fb fc29 	bl	10002c2c <irq_add_shared_handler>
100073da:	4c18      	ldr	r4, [pc, #96]	@ (1000743c <dcd_init+0x78>)
100073dc:	2240      	movs	r2, #64	@ 0x40
100073de:	2100      	movs	r1, #0
100073e0:	0020      	movs	r0, r4
100073e2:	f7fd fe1f 	bl	10005024 <__wrap_memset>
100073e6:	2740      	movs	r7, #64	@ 0x40
100073e8:	2300      	movs	r3, #0
100073ea:	2601      	movs	r6, #1
100073ec:	2121      	movs	r1, #33	@ 0x21
100073ee:	4a14      	ldr	r2, [pc, #80]	@ (10007440 <dcd_init+0x7c>)
100073f0:	7066      	strb	r6, [r4, #1]
100073f2:	8327      	strh	r7, [r4, #24]
100073f4:	60a2      	str	r2, [r4, #8]
100073f6:	6013      	str	r3, [r2, #0]
100073f8:	5463      	strb	r3, [r4, r1]
100073fa:	315f      	adds	r1, #95	@ 0x5f
100073fc:	8461      	strh	r1, [r4, #34]	@ 0x22
100073fe:	3945      	subs	r1, #69	@ 0x45
10007400:	5463      	strb	r3, [r4, r1]
10007402:	4a10      	ldr	r2, [pc, #64]	@ (10007444 <dcd_init+0x80>)
10007404:	4910      	ldr	r1, [pc, #64]	@ (10007448 <dcd_init+0x84>)
10007406:	6063      	str	r3, [r4, #4]
10007408:	60e2      	str	r2, [r4, #12]
1000740a:	8727      	strh	r7, [r4, #56]	@ 0x38
1000740c:	62a1      	str	r1, [r4, #40]	@ 0x28
1000740e:	600b      	str	r3, [r1, #0]
10007410:	6263      	str	r3, [r4, #36]	@ 0x24
10007412:	62e2      	str	r2, [r4, #44]	@ 0x2c
10007414:	f001 fea0 	bl	10009158 <__reset_non_control_endpoints_veneer>
10007418:	2380      	movs	r3, #128	@ 0x80
1000741a:	059b      	lsls	r3, r3, #22
1000741c:	642e      	str	r6, [r5, #64]	@ 0x40
1000741e:	64eb      	str	r3, [r5, #76]	@ 0x4c
10007420:	2390      	movs	r3, #144	@ 0x90
10007422:	4a0a      	ldr	r2, [pc, #40]	@ (1000744c <dcd_init+0x88>)
10007424:	2001      	movs	r0, #1
10007426:	50ea      	str	r2, [r5, r3]
10007428:	2280      	movs	r2, #128	@ 0x80
1000742a:	4b09      	ldr	r3, [pc, #36]	@ (10007450 <dcd_init+0x8c>)
1000742c:	0252      	lsls	r2, r2, #9
1000742e:	64da      	str	r2, [r3, #76]	@ 0x4c
10007430:	bdf8      	pop	{r3, r4, r5, r6, r7, pc}
10007432:	46c0      	nop			@ (mov r8, r8)
10007434:	50110000 	.word	0x50110000
10007438:	20000541 	.word	0x20000541
1000743c:	2000baf0 	.word	0x2000baf0
10007440:	50100084 	.word	0x50100084
10007444:	50100100 	.word	0x50100100
10007448:	50100080 	.word	0x50100080
1000744c:	0001d010 	.word	0x0001d010
10007450:	50112000 	.word	0x50112000

10007454 <dcd_int_enable>:
10007454:	b510      	push	{r4, lr}
10007456:	2101      	movs	r1, #1
10007458:	2005      	movs	r0, #5
1000745a:	f7fb fb83 	bl	10002b64 <irq_set_enabled>
1000745e:	bd10      	pop	{r4, pc}

10007460 <dcd_set_address>:
10007460:	b510      	push	{r4, lr}
10007462:	2200      	movs	r2, #0
10007464:	2100      	movs	r1, #0
10007466:	4802      	ldr	r0, [pc, #8]	@ (10007470 <dcd_set_address+0x10>)
10007468:	f000 f908 	bl	1000767c <hw_endpoint_xfer_start>
1000746c:	bd10      	pop	{r4, pc}
1000746e:	46c0      	nop			@ (mov r8, r8)
10007470:	2000bb10 	.word	0x2000bb10

10007474 <dcd_sof_enable>:
10007474:	4b04      	ldr	r3, [pc, #16]	@ (10007488 <dcd_sof_enable+0x14>)
10007476:	7019      	strb	r1, [r3, #0]
10007478:	2900      	cmp	r1, #0
1000747a:	d004      	beq.n	10007486 <dcd_sof_enable+0x12>
1000747c:	2180      	movs	r1, #128	@ 0x80
1000747e:	2390      	movs	r3, #144	@ 0x90
10007480:	4a02      	ldr	r2, [pc, #8]	@ (1000748c <dcd_sof_enable+0x18>)
10007482:	0289      	lsls	r1, r1, #10
10007484:	50d1      	str	r1, [r2, r3]
10007486:	4770      	bx	lr
10007488:	2000bf67 	.word	0x2000bf67
1000748c:	50112000 	.word	0x50112000

10007490 <dcd_edpt0_status_complete>:
10007490:	780b      	ldrb	r3, [r1, #0]
10007492:	065b      	lsls	r3, r3, #25
10007494:	d102      	bne.n	1000749c <dcd_edpt0_status_complete+0xc>
10007496:	784b      	ldrb	r3, [r1, #1]
10007498:	2b05      	cmp	r3, #5
1000749a:	d000      	beq.n	1000749e <dcd_edpt0_status_complete+0xe>
1000749c:	4770      	bx	lr
1000749e:	788a      	ldrb	r2, [r1, #2]
100074a0:	4b01      	ldr	r3, [pc, #4]	@ (100074a8 <dcd_edpt0_status_complete+0x18>)
100074a2:	601a      	str	r2, [r3, #0]
100074a4:	e7fa      	b.n	1000749c <dcd_edpt0_status_complete+0xc>
100074a6:	46c0      	nop			@ (mov r8, r8)
100074a8:	50110000 	.word	0x50110000

100074ac <dcd_edpt_open>:
100074ac:	b5f0      	push	{r4, r5, r6, r7, lr}
100074ae:	46c6      	mov	lr, r8
100074b0:	78cb      	ldrb	r3, [r1, #3]
100074b2:	b500      	push	{lr}
100074b4:	079b      	lsls	r3, r3, #30
100074b6:	0f9c      	lsrs	r4, r3, #30
100074b8:	0020      	movs	r0, r4
100074ba:	2c01      	cmp	r4, #1
100074bc:	d056      	beq.n	1000756c <dcd_edpt_open+0xc0>
100074be:	788d      	ldrb	r5, [r1, #2]
100074c0:	790a      	ldrb	r2, [r1, #4]
100074c2:	794b      	ldrb	r3, [r1, #5]
100074c4:	217f      	movs	r1, #127	@ 0x7f
100074c6:	021b      	lsls	r3, r3, #8
100074c8:	4029      	ands	r1, r5
100074ca:	09ee      	lsrs	r6, r5, #7
100074cc:	4313      	orrs	r3, r2
100074ce:	004a      	lsls	r2, r1, #1
100074d0:	4694      	mov	ip, r2
100074d2:	4f2c      	ldr	r7, [pc, #176]	@ (10007584 <dcd_edpt_open+0xd8>)
100074d4:	1992      	adds	r2, r2, r6
100074d6:	0152      	lsls	r2, r2, #5
100074d8:	18ba      	adds	r2, r7, r2
100074da:	7095      	strb	r5, [r2, #2]
100074dc:	2501      	movs	r5, #1
100074de:	4075      	eors	r5, r6
100074e0:	7055      	strb	r5, [r2, #1]
100074e2:	2500      	movs	r5, #0
100074e4:	055b      	lsls	r3, r3, #21
100074e6:	0d5b      	lsrs	r3, r3, #21
100074e8:	70d5      	strb	r5, [r2, #3]
100074ea:	8313      	strh	r3, [r2, #24]
100074ec:	76d4      	strb	r4, [r2, #27]
100074ee:	00ca      	lsls	r2, r1, #3
100074f0:	2e01      	cmp	r6, #1
100074f2:	d02b      	beq.n	1000754c <dcd_edpt_open+0xa0>
100074f4:	4c24      	ldr	r4, [pc, #144]	@ (10007588 <dcd_edpt_open+0xdc>)
100074f6:	46a0      	mov	r8, r4
100074f8:	018c      	lsls	r4, r1, #6
100074fa:	4442      	add	r2, r8
100074fc:	193c      	adds	r4, r7, r4
100074fe:	60a2      	str	r2, [r4, #8]
10007500:	6015      	str	r5, [r2, #0]
10007502:	2900      	cmp	r1, #0
10007504:	d02b      	beq.n	1000755e <dcd_edpt_open+0xb2>
10007506:	4a21      	ldr	r2, [pc, #132]	@ (1000758c <dcd_edpt_open+0xe0>)
10007508:	00c9      	lsls	r1, r1, #3
1000750a:	4690      	mov	r8, r2
1000750c:	4441      	add	r1, r8
1000750e:	6061      	str	r1, [r4, #4]
10007510:	223f      	movs	r2, #63	@ 0x3f
10007512:	333f      	adds	r3, #63	@ 0x3f
10007514:	4393      	bics	r3, r2
10007516:	2802      	cmp	r0, #2
10007518:	d030      	beq.n	1000757c <dcd_edpt_open+0xd0>
1000751a:	0032      	movs	r2, r6
1000751c:	4c1c      	ldr	r4, [pc, #112]	@ (10007590 <dcd_edpt_open+0xe4>)
1000751e:	4462      	add	r2, ip
10007520:	6821      	ldr	r1, [r4, #0]
10007522:	0152      	lsls	r2, r2, #5
10007524:	18bf      	adds	r7, r7, r2
10007526:	4a1b      	ldr	r2, [pc, #108]	@ (10007594 <dcd_edpt_open+0xe8>)
10007528:	18cb      	adds	r3, r1, r3
1000752a:	60f9      	str	r1, [r7, #12]
1000752c:	6023      	str	r3, [r4, #0]
1000752e:	4293      	cmp	r3, r2
10007530:	d826      	bhi.n	10007580 <dcd_edpt_open+0xd4>
10007532:	4a19      	ldr	r2, [pc, #100]	@ (10007598 <dcd_edpt_open+0xec>)
10007534:	0683      	lsls	r3, r0, #26
10007536:	404a      	eors	r2, r1
10007538:	4313      	orrs	r3, r2
1000753a:	2280      	movs	r2, #128	@ 0x80
1000753c:	0612      	lsls	r2, r2, #24
1000753e:	4313      	orrs	r3, r2
10007540:	687a      	ldr	r2, [r7, #4]
10007542:	6013      	str	r3, [r2, #0]
10007544:	2001      	movs	r0, #1
10007546:	bc80      	pop	{r7}
10007548:	46b8      	mov	r8, r7
1000754a:	bdf0      	pop	{r4, r5, r6, r7, pc}
1000754c:	4c13      	ldr	r4, [pc, #76]	@ (1000759c <dcd_edpt_open+0xf0>)
1000754e:	46a0      	mov	r8, r4
10007550:	018c      	lsls	r4, r1, #6
10007552:	4442      	add	r2, r8
10007554:	193c      	adds	r4, r7, r4
10007556:	62a2      	str	r2, [r4, #40]	@ 0x28
10007558:	6015      	str	r5, [r2, #0]
1000755a:	2900      	cmp	r1, #0
1000755c:	d108      	bne.n	10007570 <dcd_edpt_open+0xc4>
1000755e:	2300      	movs	r3, #0
10007560:	0176      	lsls	r6, r6, #5
10007562:	19be      	adds	r6, r7, r6
10007564:	6073      	str	r3, [r6, #4]
10007566:	4b0e      	ldr	r3, [pc, #56]	@ (100075a0 <dcd_edpt_open+0xf4>)
10007568:	60f3      	str	r3, [r6, #12]
1000756a:	e7eb      	b.n	10007544 <dcd_edpt_open+0x98>
1000756c:	2000      	movs	r0, #0
1000756e:	e7ea      	b.n	10007546 <dcd_edpt_open+0x9a>
10007570:	4a09      	ldr	r2, [pc, #36]	@ (10007598 <dcd_edpt_open+0xec>)
10007572:	00c9      	lsls	r1, r1, #3
10007574:	4690      	mov	r8, r2
10007576:	4441      	add	r1, r8
10007578:	6261      	str	r1, [r4, #36]	@ 0x24
1000757a:	e7c9      	b.n	10007510 <dcd_edpt_open+0x64>
1000757c:	005b      	lsls	r3, r3, #1
1000757e:	e7cc      	b.n	1000751a <dcd_edpt_open+0x6e>
10007580:	f7fc fc4a 	bl	10003e18 <hard_assertion_failure>
10007584:	2000baf0 	.word	0x2000baf0
10007588:	50100084 	.word	0x50100084
1000758c:	50100004 	.word	0x50100004
10007590:	2000bf04 	.word	0x2000bf04
10007594:	50100fff 	.word	0x50100fff
10007598:	50100000 	.word	0x50100000
1000759c:	50100080 	.word	0x50100080
100075a0:	50100100 	.word	0x50100100

100075a4 <dcd_edpt_close_all>:
100075a4:	b510      	push	{r4, lr}
100075a6:	f001 fdd7 	bl	10009158 <__reset_non_control_endpoints_veneer>
100075aa:	bd10      	pop	{r4, pc}

100075ac <dcd_edpt_xfer>:
100075ac:	b510      	push	{r4, lr}
100075ae:	207f      	movs	r0, #127	@ 0x7f
100075b0:	000c      	movs	r4, r1
100075b2:	4020      	ands	r0, r4
100075b4:	0040      	lsls	r0, r0, #1
100075b6:	09e4      	lsrs	r4, r4, #7
100075b8:	0011      	movs	r1, r2
100075ba:	1900      	adds	r0, r0, r4
100075bc:	001a      	movs	r2, r3
100075be:	4b03      	ldr	r3, [pc, #12]	@ (100075cc <dcd_edpt_xfer+0x20>)
100075c0:	0140      	lsls	r0, r0, #5
100075c2:	18c0      	adds	r0, r0, r3
100075c4:	f000 f85a 	bl	1000767c <hw_endpoint_xfer_start>
100075c8:	2001      	movs	r0, #1
100075ca:	bd10      	pop	{r4, pc}
100075cc:	2000baf0 	.word	0x2000baf0

100075d0 <dcd_edpt_stall>:
100075d0:	237f      	movs	r3, #127	@ 0x7f
100075d2:	0018      	movs	r0, r3
100075d4:	b500      	push	{lr}
100075d6:	4008      	ands	r0, r1
100075d8:	b083      	sub	sp, #12
100075da:	420b      	tst	r3, r1
100075dc:	d104      	bne.n	100075e8 <dcd_edpt_stall+0x18>
100075de:	424b      	negs	r3, r1
100075e0:	414b      	adcs	r3, r1
100075e2:	4a08      	ldr	r2, [pc, #32]	@ (10007604 <dcd_edpt_stall+0x34>)
100075e4:	3301      	adds	r3, #1
100075e6:	6693      	str	r3, [r2, #104]	@ 0x68
100075e8:	2280      	movs	r2, #128	@ 0x80
100075ea:	09c9      	lsrs	r1, r1, #7
100075ec:	0040      	lsls	r0, r0, #1
100075ee:	4b06      	ldr	r3, [pc, #24]	@ (10007608 <dcd_edpt_stall+0x38>)
100075f0:	1840      	adds	r0, r0, r1
100075f2:	0140      	lsls	r0, r0, #5
100075f4:	2100      	movs	r1, #0
100075f6:	18c0      	adds	r0, r0, r3
100075f8:	0112      	lsls	r2, r2, #4
100075fa:	f001 fd85 	bl	10009108 <___hw_endpoint_buffer_control_update32_veneer>
100075fe:	b003      	add	sp, #12
10007600:	bd00      	pop	{pc}
10007602:	46c0      	nop			@ (mov r8, r8)
10007604:	50112000 	.word	0x50112000
10007608:	2000baf0 	.word	0x2000baf0

1000760c <dcd_edpt_clear_stall>:
1000760c:	227f      	movs	r2, #127	@ 0x7f
1000760e:	0013      	movs	r3, r2
10007610:	b510      	push	{r4, lr}
10007612:	400b      	ands	r3, r1
10007614:	420a      	tst	r2, r1
10007616:	d100      	bne.n	1000761a <dcd_edpt_clear_stall+0xe>
10007618:	bd10      	pop	{r4, pc}
1000761a:	09c9      	lsrs	r1, r1, #7
1000761c:	005b      	lsls	r3, r3, #1
1000761e:	185b      	adds	r3, r3, r1
10007620:	4804      	ldr	r0, [pc, #16]	@ (10007634 <dcd_edpt_clear_stall+0x28>)
10007622:	015b      	lsls	r3, r3, #5
10007624:	18c0      	adds	r0, r0, r3
10007626:	2300      	movs	r3, #0
10007628:	2200      	movs	r2, #0
1000762a:	4903      	ldr	r1, [pc, #12]	@ (10007638 <dcd_edpt_clear_stall+0x2c>)
1000762c:	70c3      	strb	r3, [r0, #3]
1000762e:	f001 fd6b 	bl	10009108 <___hw_endpoint_buffer_control_update32_veneer>
10007632:	e7f1      	b.n	10007618 <dcd_edpt_clear_stall+0xc>
10007634:	2000baf0 	.word	0x2000baf0
10007638:	fffff7ff 	.word	0xfffff7ff

1000763c <rp2040_usb_init>:
1000763c:	2280      	movs	r2, #128	@ 0x80
1000763e:	4b0a      	ldr	r3, [pc, #40]	@ (10007668 <rp2040_usb_init+0x2c>)
10007640:	0452      	lsls	r2, r2, #17
10007642:	b510      	push	{r4, lr}
10007644:	601a      	str	r2, [r3, #0]
10007646:	4b09      	ldr	r3, [pc, #36]	@ (1000766c <rp2040_usb_init+0x30>)
10007648:	4909      	ldr	r1, [pc, #36]	@ (10007670 <rp2040_usb_init+0x34>)
1000764a:	601a      	str	r2, [r3, #0]
1000764c:	0010      	movs	r0, r2
1000764e:	680b      	ldr	r3, [r1, #0]
10007650:	4398      	bics	r0, r3
10007652:	d1fb      	bne.n	1000764c <rp2040_usb_init+0x10>
10007654:	2280      	movs	r2, #128	@ 0x80
10007656:	2100      	movs	r1, #0
10007658:	0152      	lsls	r2, r2, #5
1000765a:	4806      	ldr	r0, [pc, #24]	@ (10007674 <rp2040_usb_init+0x38>)
1000765c:	f7fd fce2 	bl	10005024 <__wrap_memset>
10007660:	2209      	movs	r2, #9
10007662:	4b05      	ldr	r3, [pc, #20]	@ (10007678 <rp2040_usb_init+0x3c>)
10007664:	675a      	str	r2, [r3, #116]	@ 0x74
10007666:	bd10      	pop	{r4, pc}
10007668:	4000e000 	.word	0x4000e000
1000766c:	4000f000 	.word	0x4000f000
10007670:	4000c008 	.word	0x4000c008
10007674:	50100000 	.word	0x50100000
10007678:	50110000 	.word	0x50110000

1000767c <hw_endpoint_xfer_start>:
1000767c:	2300      	movs	r3, #0
1000767e:	b510      	push	{r4, lr}
10007680:	82c3      	strh	r3, [r0, #22]
10007682:	3301      	adds	r3, #1
10007684:	8282      	strh	r2, [r0, #20]
10007686:	7683      	strb	r3, [r0, #26]
10007688:	6101      	str	r1, [r0, #16]
1000768a:	0004      	movs	r4, r0
1000768c:	f001 fd44 	bl	10009118 <__e15_is_bulkin_ep_veneer>
10007690:	2800      	cmp	r0, #0
10007692:	d004      	beq.n	1000769e <hw_endpoint_xfer_start+0x22>
10007694:	2180      	movs	r1, #128	@ 0x80
10007696:	2390      	movs	r3, #144	@ 0x90
10007698:	4a07      	ldr	r2, [pc, #28]	@ (100076b8 <hw_endpoint_xfer_start+0x3c>)
1000769a:	0289      	lsls	r1, r1, #10
1000769c:	50d1      	str	r1, [r2, r3]
1000769e:	0020      	movs	r0, r4
100076a0:	f001 fd4a 	bl	10009138 <__e15_is_critical_frame_period_veneer>
100076a4:	2800      	cmp	r0, #0
100076a6:	d002      	beq.n	100076ae <hw_endpoint_xfer_start+0x32>
100076a8:	2301      	movs	r3, #1
100076aa:	7723      	strb	r3, [r4, #28]
100076ac:	bd10      	pop	{r4, pc}
100076ae:	0020      	movs	r0, r4
100076b0:	f001 fd62 	bl	10009178 <__hw_endpoint_start_next_buffer_veneer>
100076b4:	e7fa      	b.n	100076ac <hw_endpoint_xfer_start+0x30>
100076b6:	46c0      	nop			@ (mov r8, r8)
100076b8:	50112000 	.word	0x50112000

100076bc <tud_event_hook_cb>:
100076bc:	4770      	bx	lr
100076be:	46c0      	nop			@ (mov r8, r8)

100076c0 <tud_sof_cb>:
100076c0:	4770      	bx	lr
100076c2:	46c0      	nop			@ (mov r8, r8)

100076c4 <tud_descriptor_device_qualifier_cb>:
100076c4:	2000      	movs	r0, #0
100076c6:	4770      	bx	lr

100076c8 <tud_descriptor_other_speed_configuration_cb>:
100076c8:	2000      	movs	r0, #0
100076ca:	4770      	bx	lr

100076cc <tud_mount_cb>:
100076cc:	4770      	bx	lr
100076ce:	46c0      	nop			@ (mov r8, r8)

100076d0 <tud_umount_cb>:
100076d0:	4770      	bx	lr
100076d2:	46c0      	nop			@ (mov r8, r8)

100076d4 <tud_suspend_cb>:
100076d4:	4770      	bx	lr
100076d6:	46c0      	nop			@ (mov r8, r8)

100076d8 <tud_resume_cb>:
100076d8:	4770      	bx	lr
100076da:	46c0      	nop			@ (mov r8, r8)

100076dc <tud_mounted>:
100076dc:	4b02      	ldr	r3, [pc, #8]	@ (100076e8 <tud_mounted+0xc>)
100076de:	7858      	ldrb	r0, [r3, #1]
100076e0:	1e43      	subs	r3, r0, #1
100076e2:	4198      	sbcs	r0, r3
100076e4:	b2c0      	uxtb	r0, r0
100076e6:	4770      	bx	lr
100076e8:	20001668 	.word	0x20001668

100076ec <tud_suspended>:
100076ec:	4b02      	ldr	r3, [pc, #8]	@ (100076f8 <tud_suspended+0xc>)
100076ee:	7818      	ldrb	r0, [r3, #0]
100076f0:	0740      	lsls	r0, r0, #29
100076f2:	0fc0      	lsrs	r0, r0, #31
100076f4:	4770      	bx	lr
100076f6:	46c0      	nop			@ (mov r8, r8)
100076f8:	20001668 	.word	0x20001668

100076fc <tud_rhport_init>:
100076fc:	b5f0      	push	{r4, r5, r6, r7, lr}
100076fe:	46d6      	mov	lr, sl
10007700:	464f      	mov	r7, r9
10007702:	4646      	mov	r6, r8
10007704:	b5c0      	push	{r6, r7, lr}
10007706:	4b2d      	ldr	r3, [pc, #180]	@ (100077bc <tud_rhport_init+0xc0>)
10007708:	0007      	movs	r7, r0
1000770a:	469a      	mov	sl, r3
1000770c:	781b      	ldrb	r3, [r3, #0]
1000770e:	000e      	movs	r6, r1
10007710:	2bff      	cmp	r3, #255	@ 0xff
10007712:	d14d      	bne.n	100077b0 <tud_rhport_init+0xb4>
10007714:	2900      	cmp	r1, #0
10007716:	d03e      	beq.n	10007796 <tud_rhport_init+0x9a>
10007718:	2100      	movs	r1, #0
1000771a:	2254      	movs	r2, #84	@ 0x54
1000771c:	4828      	ldr	r0, [pc, #160]	@ (100077c0 <tud_rhport_init+0xc4>)
1000771e:	f7fd fc81 	bl	10005024 <__wrap_memset>
10007722:	2200      	movs	r2, #0
10007724:	4c27      	ldr	r4, [pc, #156]	@ (100077c4 <tud_rhport_init+0xc8>)
10007726:	4b28      	ldr	r3, [pc, #160]	@ (100077c8 <tud_rhport_init+0xcc>)
10007728:	0020      	movs	r0, r4
1000772a:	701a      	strb	r2, [r3, #0]
1000772c:	f7fb fc16 	bl	10002f5c <mutex_init>
10007730:	4b26      	ldr	r3, [pc, #152]	@ (100077cc <tud_rhport_init+0xd0>)
10007732:	601c      	str	r4, [r3, #0]
10007734:	4c26      	ldr	r4, [pc, #152]	@ (100077d0 <tud_rhport_init+0xd4>)
10007736:	0020      	movs	r0, r4
10007738:	3c14      	subs	r4, #20
1000773a:	f7fb fc1d 	bl	10002f78 <critical_section_init>
1000773e:	0020      	movs	r0, r4
10007740:	f001 fba8 	bl	10008e94 <tu_fifo_clear>
10007744:	4b23      	ldr	r3, [pc, #140]	@ (100077d4 <tud_rhport_init+0xd8>)
10007746:	4d24      	ldr	r5, [pc, #144]	@ (100077d8 <tud_rhport_init+0xdc>)
10007748:	601c      	str	r4, [r3, #0]
1000774a:	4b24      	ldr	r3, [pc, #144]	@ (100077dc <tud_rhport_init+0xe0>)
1000774c:	2b00      	cmp	r3, #0
1000774e:	d004      	beq.n	1000775a <tud_rhport_init+0x5e>
10007750:	0028      	movs	r0, r5
10007752:	f7ff fe1b 	bl	1000738c <usbd_app_driver_get_cb>
10007756:	4b22      	ldr	r3, [pc, #136]	@ (100077e0 <tud_rhport_init+0xe4>)
10007758:	6018      	str	r0, [r3, #0]
1000775a:	4a22      	ldr	r2, [pc, #136]	@ (100077e4 <tud_rhport_init+0xe8>)
1000775c:	2400      	movs	r4, #0
1000775e:	4691      	mov	r9, r2
10007760:	4a1f      	ldr	r2, [pc, #124]	@ (100077e0 <tud_rhport_init+0xe4>)
10007762:	782b      	ldrb	r3, [r5, #0]
10007764:	4690      	mov	r8, r2
10007766:	e00e      	b.n	10007786 <tud_rhport_init+0x8a>
10007768:	4643      	mov	r3, r8
1000776a:	681b      	ldr	r3, [r3, #0]
1000776c:	0162      	lsls	r2, r4, #5
1000776e:	189b      	adds	r3, r3, r2
10007770:	2b00      	cmp	r3, #0
10007772:	d010      	beq.n	10007796 <tud_rhport_init+0x9a>
10007774:	685b      	ldr	r3, [r3, #4]
10007776:	2b00      	cmp	r3, #0
10007778:	d00d      	beq.n	10007796 <tud_rhport_init+0x9a>
1000777a:	4798      	blx	r3
1000777c:	3401      	adds	r4, #1
1000777e:	782b      	ldrb	r3, [r5, #0]
10007780:	b2e4      	uxtb	r4, r4
10007782:	42a3      	cmp	r3, r4
10007784:	d309      	bcc.n	1000779a <tud_rhport_init+0x9e>
10007786:	42a3      	cmp	r3, r4
10007788:	d8ee      	bhi.n	10007768 <tud_rhport_init+0x6c>
1000778a:	1ae3      	subs	r3, r4, r3
1000778c:	015b      	lsls	r3, r3, #5
1000778e:	444b      	add	r3, r9
10007790:	685b      	ldr	r3, [r3, #4]
10007792:	2b00      	cmp	r3, #0
10007794:	d1f1      	bne.n	1000777a <tud_rhport_init+0x7e>
10007796:	2000      	movs	r0, #0
10007798:	e00b      	b.n	100077b2 <tud_rhport_init+0xb6>
1000779a:	4653      	mov	r3, sl
1000779c:	0031      	movs	r1, r6
1000779e:	0038      	movs	r0, r7
100077a0:	701f      	strb	r7, [r3, #0]
100077a2:	f7ff fe0f 	bl	100073c4 <dcd_init>
100077a6:	2800      	cmp	r0, #0
100077a8:	d0f5      	beq.n	10007796 <tud_rhport_init+0x9a>
100077aa:	0038      	movs	r0, r7
100077ac:	f7ff fe52 	bl	10007454 <dcd_int_enable>
100077b0:	2001      	movs	r0, #1
100077b2:	bce0      	pop	{r5, r6, r7}
100077b4:	46ba      	mov	sl, r7
100077b6:	46b1      	mov	r9, r6
100077b8:	46a8      	mov	r8, r5
100077ba:	bdf0      	pop	{r4, r5, r6, r7, pc}
100077bc:	20001124 	.word	0x20001124
100077c0:	20001668 	.word	0x20001668
100077c4:	20001660 	.word	0x20001660
100077c8:	2000bf68 	.word	0x2000bf68
100077cc:	200016bc 	.word	0x200016bc
100077d0:	2000111c 	.word	0x2000111c
100077d4:	200016c0 	.word	0x200016c0
100077d8:	2000bf66 	.word	0x2000bf66
100077dc:	1000738d 	.word	0x1000738d
100077e0:	200014b8 	.word	0x200014b8
100077e4:	10013fbc 	.word	0x10013fbc

100077e8 <tud_task_ext>:
100077e8:	b5f0      	push	{r4, r5, r6, r7, lr}
100077ea:	46de      	mov	lr, fp
100077ec:	4657      	mov	r7, sl
100077ee:	464e      	mov	r6, r9
100077f0:	4645      	mov	r5, r8
100077f2:	b5e0      	push	{r5, r6, r7, lr}
100077f4:	4bc9      	ldr	r3, [pc, #804]	@ (10007b1c <tud_task_ext+0x334>)
100077f6:	b091      	sub	sp, #68	@ 0x44
100077f8:	9303      	str	r3, [sp, #12]
100077fa:	781b      	ldrb	r3, [r3, #0]
100077fc:	2bff      	cmp	r3, #255	@ 0xff
100077fe:	d100      	bne.n	10007802 <tud_task_ext+0x1a>
10007800:	e145      	b.n	10007a8e <tud_task_ext+0x2a6>
10007802:	4bc7      	ldr	r3, [pc, #796]	@ (10007b20 <tud_task_ext+0x338>)
10007804:	4ec7      	ldr	r6, [pc, #796]	@ (10007b24 <tud_task_ext+0x33c>)
10007806:	469b      	mov	fp, r3
10007808:	465f      	mov	r7, fp
1000780a:	4bc7      	ldr	r3, [pc, #796]	@ (10007b28 <tud_task_ext+0x340>)
1000780c:	ac0d      	add	r4, sp, #52	@ 0x34
1000780e:	9302      	str	r3, [sp, #8]
10007810:	4bc6      	ldr	r3, [pc, #792]	@ (10007b2c <tud_task_ext+0x344>)
10007812:	9301      	str	r3, [sp, #4]
10007814:	6835      	ldr	r5, [r6, #0]
10007816:	696a      	ldr	r2, [r5, #20]
10007818:	f3ef 8110 	mrs	r1, PRIMASK
1000781c:	b672      	cpsid	i
1000781e:	6813      	ldr	r3, [r2, #0]
10007820:	2b00      	cmp	r3, #0
10007822:	d0fc      	beq.n	1000781e <tud_task_ext+0x36>
10007824:	f3bf 8f5f 	dmb	sy
10007828:	61a9      	str	r1, [r5, #24]
1000782a:	0028      	movs	r0, r5
1000782c:	0021      	movs	r1, r4
1000782e:	f001 f961 	bl	10008af4 <tu_fifo_read>
10007832:	696a      	ldr	r2, [r5, #20]
10007834:	69ab      	ldr	r3, [r5, #24]
10007836:	f3bf 8f5f 	dmb	sy
1000783a:	2100      	movs	r1, #0
1000783c:	6011      	str	r1, [r2, #0]
1000783e:	f383 8810 	msr	PRIMASK, r3
10007842:	2800      	cmp	r0, #0
10007844:	d100      	bne.n	10007848 <tud_task_ext+0x60>
10007846:	e122      	b.n	10007a8e <tud_task_ext+0x2a6>
10007848:	7863      	ldrb	r3, [r4, #1]
1000784a:	2b08      	cmp	r3, #8
1000784c:	d8e2      	bhi.n	10007814 <tud_task_ext+0x2c>
1000784e:	009b      	lsls	r3, r3, #2
10007850:	58fb      	ldr	r3, [r7, r3]
10007852:	469f      	mov	pc, r3
10007854:	6863      	ldr	r3, [r4, #4]
10007856:	2b00      	cmp	r3, #0
10007858:	d0dc      	beq.n	10007814 <tud_task_ext+0x2c>
1000785a:	68a0      	ldr	r0, [r4, #8]
1000785c:	4798      	blx	r3
1000785e:	e7d9      	b.n	10007814 <tud_task_ext+0x2c>
10007860:	227f      	movs	r2, #127	@ 0x7f
10007862:	7921      	ldrb	r1, [r4, #4]
10007864:	4db0      	ldr	r5, [pc, #704]	@ (10007b28 <tud_task_ext+0x340>)
10007866:	400a      	ands	r2, r1
10007868:	0053      	lsls	r3, r2, #1
1000786a:	18eb      	adds	r3, r5, r3
1000786c:	4698      	mov	r8, r3
1000786e:	09c8      	lsrs	r0, r1, #7
10007870:	4480      	add	r8, r0
10007872:	4640      	mov	r0, r8
10007874:	2301      	movs	r3, #1
10007876:	3030      	adds	r0, #48	@ 0x30
10007878:	7905      	ldrb	r5, [r0, #4]
1000787a:	439d      	bics	r5, r3
1000787c:	7105      	strb	r5, [r0, #4]
1000787e:	7905      	ldrb	r5, [r0, #4]
10007880:	3303      	adds	r3, #3
10007882:	439d      	bics	r5, r3
10007884:	7105      	strb	r5, [r0, #4]
10007886:	2a00      	cmp	r2, #0
10007888:	d100      	bne.n	1000788c <tud_task_ext+0xa4>
1000788a:	e107      	b.n	10007a9c <tud_task_ext+0x2b4>
1000788c:	4643      	mov	r3, r8
1000788e:	4aa8      	ldr	r2, [pc, #672]	@ (10007b30 <tud_task_ext+0x348>)
10007890:	7d1b      	ldrb	r3, [r3, #20]
10007892:	7812      	ldrb	r2, [r2, #0]
10007894:	4293      	cmp	r3, r2
10007896:	d300      	bcc.n	1000789a <tud_task_ext+0xb2>
10007898:	e0f7      	b.n	10007a8a <tud_task_ext+0x2a2>
1000789a:	4aa6      	ldr	r2, [pc, #664]	@ (10007b34 <tud_task_ext+0x34c>)
1000789c:	015b      	lsls	r3, r3, #5
1000789e:	6815      	ldr	r5, [r2, #0]
100078a0:	18ed      	adds	r5, r5, r3
100078a2:	2d00      	cmp	r5, #0
100078a4:	d100      	bne.n	100078a8 <tud_task_ext+0xc0>
100078a6:	e0f2      	b.n	10007a8e <tud_task_ext+0x2a6>
100078a8:	68a3      	ldr	r3, [r4, #8]
100078aa:	7962      	ldrb	r2, [r4, #5]
100078ac:	7820      	ldrb	r0, [r4, #0]
100078ae:	69ad      	ldr	r5, [r5, #24]
100078b0:	47a8      	blx	r5
100078b2:	e7af      	b.n	10007814 <tud_task_ext+0x2c>
100078b4:	4aa0      	ldr	r2, [pc, #640]	@ (10007b38 <tud_task_ext+0x350>)
100078b6:	7813      	ldrb	r3, [r2, #0]
100078b8:	2b00      	cmp	r3, #0
100078ba:	d100      	bne.n	100078be <tud_task_ext+0xd6>
100078bc:	e0e7      	b.n	10007a8e <tud_task_ext+0x2a6>
100078be:	7813      	ldrb	r3, [r2, #0]
100078c0:	3b01      	subs	r3, #1
100078c2:	b2db      	uxtb	r3, r3
100078c4:	7013      	strb	r3, [r2, #0]
100078c6:	7813      	ldrb	r3, [r2, #0]
100078c8:	2b00      	cmp	r3, #0
100078ca:	d1a3      	bne.n	10007814 <tud_task_ext+0x2c>
100078cc:	2201      	movs	r2, #1
100078ce:	4d96      	ldr	r5, [pc, #600]	@ (10007b28 <tud_task_ext+0x340>)
100078d0:	2101      	movs	r1, #1
100078d2:	782b      	ldrb	r3, [r5, #0]
100078d4:	2004      	movs	r0, #4
100078d6:	4313      	orrs	r3, r2
100078d8:	702b      	strb	r3, [r5, #0]
100078da:	2334      	movs	r3, #52	@ 0x34
100078dc:	5cea      	ldrb	r2, [r5, r3]
100078de:	438a      	bics	r2, r1
100078e0:	54ea      	strb	r2, [r5, r3]
100078e2:	5cea      	ldrb	r2, [r5, r3]
100078e4:	4382      	bics	r2, r0
100078e6:	54ea      	strb	r2, [r5, r3]
100078e8:	3301      	adds	r3, #1
100078ea:	5cea      	ldrb	r2, [r5, r3]
100078ec:	438a      	bics	r2, r1
100078ee:	54ea      	strb	r2, [r5, r3]
100078f0:	5cea      	ldrb	r2, [r5, r3]
100078f2:	4382      	bics	r2, r0
100078f4:	54ea      	strb	r2, [r5, r3]
100078f6:	7823      	ldrb	r3, [r4, #0]
100078f8:	2000      	movs	r0, #0
100078fa:	469b      	mov	fp, r3
100078fc:	f000 fc8a 	bl	10008214 <usbd_control_set_complete_callback>
10007900:	2260      	movs	r2, #96	@ 0x60
10007902:	7923      	ldrb	r3, [r4, #4]
10007904:	401a      	ands	r2, r3
10007906:	2a60      	cmp	r2, #96	@ 0x60
10007908:	d100      	bne.n	1000790c <tud_task_ext+0x124>
1000790a:	e0f2      	b.n	10007af2 <tud_task_ext+0x30a>
1000790c:	2a40      	cmp	r2, #64	@ 0x40
1000790e:	d100      	bne.n	10007912 <tud_task_ext+0x12a>
10007910:	e0f8      	b.n	10007b04 <tud_task_ext+0x31c>
10007912:	06db      	lsls	r3, r3, #27
10007914:	0edb      	lsrs	r3, r3, #27
10007916:	2b01      	cmp	r3, #1
10007918:	d100      	bne.n	1000791c <tud_task_ext+0x134>
1000791a:	e115      	b.n	10007b48 <tud_task_ext+0x360>
1000791c:	2b02      	cmp	r3, #2
1000791e:	d100      	bne.n	10007922 <tud_task_ext+0x13a>
10007920:	e0cb      	b.n	10007aba <tud_task_ext+0x2d2>
10007922:	2b00      	cmp	r3, #0
10007924:	d000      	beq.n	10007928 <tud_task_ext+0x140>
10007926:	e0e4      	b.n	10007af2 <tud_task_ext+0x30a>
10007928:	2a20      	cmp	r2, #32
1000792a:	d100      	bne.n	1000792e <tud_task_ext+0x146>
1000792c:	e20f      	b.n	10007d4e <tud_task_ext+0x566>
1000792e:	2a00      	cmp	r2, #0
10007930:	d000      	beq.n	10007934 <tud_task_ext+0x14c>
10007932:	e0de      	b.n	10007af2 <tud_task_ext+0x30a>
10007934:	7963      	ldrb	r3, [r4, #5]
10007936:	2b09      	cmp	r3, #9
10007938:	d900      	bls.n	1000793c <tud_task_ext+0x154>
1000793a:	e0da      	b.n	10007af2 <tud_task_ext+0x30a>
1000793c:	4a7f      	ldr	r2, [pc, #508]	@ (10007b3c <tud_task_ext+0x354>)
1000793e:	009b      	lsls	r3, r3, #2
10007940:	58d3      	ldr	r3, [r2, r3]
10007942:	469f      	mov	pc, r3
10007944:	4d78      	ldr	r5, [pc, #480]	@ (10007b28 <tud_task_ext+0x340>)
10007946:	782b      	ldrb	r3, [r5, #0]
10007948:	07db      	lsls	r3, r3, #31
1000794a:	d400      	bmi.n	1000794e <tud_task_ext+0x166>
1000794c:	e762      	b.n	10007814 <tud_task_ext+0x2c>
1000794e:	f7ff fec3 	bl	100076d8 <tud_resume_cb>
10007952:	e75f      	b.n	10007814 <tud_task_ext+0x2c>
10007954:	9b02      	ldr	r3, [sp, #8]
10007956:	78db      	ldrb	r3, [r3, #3]
10007958:	07db      	lsls	r3, r3, #31
1000795a:	d400      	bmi.n	1000795e <tud_task_ext+0x176>
1000795c:	e75a      	b.n	10007814 <tud_task_ext+0x2c>
1000795e:	6860      	ldr	r0, [r4, #4]
10007960:	f7ff feae 	bl	100076c0 <tud_sof_cb>
10007964:	e756      	b.n	10007814 <tud_task_ext+0x2c>
10007966:	4d70      	ldr	r5, [pc, #448]	@ (10007b28 <tud_task_ext+0x340>)
10007968:	782b      	ldrb	r3, [r5, #0]
1000796a:	07db      	lsls	r3, r3, #31
1000796c:	d400      	bmi.n	10007970 <tud_task_ext+0x188>
1000796e:	e751      	b.n	10007814 <tud_task_ext+0x2c>
10007970:	7828      	ldrb	r0, [r5, #0]
10007972:	0700      	lsls	r0, r0, #28
10007974:	0fc0      	lsrs	r0, r0, #31
10007976:	f7ff fead 	bl	100076d4 <tud_suspend_cb>
1000797a:	e74b      	b.n	10007814 <tud_task_ext+0x2c>
1000797c:	7823      	ldrb	r3, [r4, #0]
1000797e:	4a6b      	ldr	r2, [pc, #428]	@ (10007b2c <tud_task_ext+0x344>)
10007980:	4699      	mov	r9, r3
10007982:	4693      	mov	fp, r2
10007984:	4b6a      	ldr	r3, [pc, #424]	@ (10007b30 <tud_task_ext+0x348>)
10007986:	4a6b      	ldr	r2, [pc, #428]	@ (10007b34 <tud_task_ext+0x34c>)
10007988:	4698      	mov	r8, r3
1000798a:	4692      	mov	sl, r2
1000798c:	003a      	movs	r2, r7
1000798e:	2500      	movs	r5, #0
10007990:	4647      	mov	r7, r8
10007992:	781b      	ldrb	r3, [r3, #0]
10007994:	46b0      	mov	r8, r6
10007996:	464e      	mov	r6, r9
10007998:	4691      	mov	r9, r2
1000799a:	e00e      	b.n	100079ba <tud_task_ext+0x1d2>
1000799c:	4653      	mov	r3, sl
1000799e:	681b      	ldr	r3, [r3, #0]
100079a0:	016a      	lsls	r2, r5, #5
100079a2:	189b      	adds	r3, r3, r2
100079a4:	2b00      	cmp	r3, #0
100079a6:	d100      	bne.n	100079aa <tud_task_ext+0x1c2>
100079a8:	e07e      	b.n	10007aa8 <tud_task_ext+0x2c0>
100079aa:	68db      	ldr	r3, [r3, #12]
100079ac:	0030      	movs	r0, r6
100079ae:	4798      	blx	r3
100079b0:	3501      	adds	r5, #1
100079b2:	783b      	ldrb	r3, [r7, #0]
100079b4:	b2ed      	uxtb	r5, r5
100079b6:	42ab      	cmp	r3, r5
100079b8:	d30c      	bcc.n	100079d4 <tud_task_ext+0x1ec>
100079ba:	42ab      	cmp	r3, r5
100079bc:	d8ee      	bhi.n	1000799c <tud_task_ext+0x1b4>
100079be:	1aeb      	subs	r3, r5, r3
100079c0:	015b      	lsls	r3, r3, #5
100079c2:	445b      	add	r3, fp
100079c4:	68db      	ldr	r3, [r3, #12]
100079c6:	0030      	movs	r0, r6
100079c8:	4798      	blx	r3
100079ca:	3501      	adds	r5, #1
100079cc:	783b      	ldrb	r3, [r7, #0]
100079ce:	b2ed      	uxtb	r5, r5
100079d0:	42ab      	cmp	r3, r5
100079d2:	d2f2      	bcs.n	100079ba <tud_task_ext+0x1d2>
100079d4:	4d54      	ldr	r5, [pc, #336]	@ (10007b28 <tud_task_ext+0x340>)
100079d6:	2254      	movs	r2, #84	@ 0x54
100079d8:	2100      	movs	r1, #0
100079da:	0028      	movs	r0, r5
100079dc:	f7fd fb22 	bl	10005024 <__wrap_memset>
100079e0:	2210      	movs	r2, #16
100079e2:	21ff      	movs	r1, #255	@ 0xff
100079e4:	1d28      	adds	r0, r5, #4
100079e6:	f7fd fb1d 	bl	10005024 <__wrap_memset>
100079ea:	0028      	movs	r0, r5
100079ec:	2220      	movs	r2, #32
100079ee:	21ff      	movs	r1, #255	@ 0xff
100079f0:	3014      	adds	r0, #20
100079f2:	4646      	mov	r6, r8
100079f4:	464f      	mov	r7, r9
100079f6:	f7fd fb15 	bl	10005024 <__wrap_memset>
100079fa:	f000 fc01 	bl	10008200 <usbd_control_reset>
100079fe:	7923      	ldrb	r3, [r4, #4]
10007a00:	70ab      	strb	r3, [r5, #2]
10007a02:	e707      	b.n	10007814 <tud_task_ext+0x2c>
10007a04:	7823      	ldrb	r3, [r4, #0]
10007a06:	4a4b      	ldr	r2, [pc, #300]	@ (10007b34 <tud_task_ext+0x34c>)
10007a08:	4699      	mov	r9, r3
10007a0a:	4b49      	ldr	r3, [pc, #292]	@ (10007b30 <tud_task_ext+0x348>)
10007a0c:	4692      	mov	sl, r2
10007a0e:	4698      	mov	r8, r3
10007a10:	0032      	movs	r2, r6
10007a12:	46bb      	mov	fp, r7
10007a14:	464e      	mov	r6, r9
10007a16:	2500      	movs	r5, #0
10007a18:	4647      	mov	r7, r8
10007a1a:	4691      	mov	r9, r2
10007a1c:	781b      	ldrb	r3, [r3, #0]
10007a1e:	e00d      	b.n	10007a3c <tud_task_ext+0x254>
10007a20:	4653      	mov	r3, sl
10007a22:	681b      	ldr	r3, [r3, #0]
10007a24:	016a      	lsls	r2, r5, #5
10007a26:	189b      	adds	r3, r3, r2
10007a28:	2b00      	cmp	r3, #0
10007a2a:	d041      	beq.n	10007ab0 <tud_task_ext+0x2c8>
10007a2c:	68db      	ldr	r3, [r3, #12]
10007a2e:	0030      	movs	r0, r6
10007a30:	4798      	blx	r3
10007a32:	3501      	adds	r5, #1
10007a34:	783b      	ldrb	r3, [r7, #0]
10007a36:	b2ed      	uxtb	r5, r5
10007a38:	42ab      	cmp	r3, r5
10007a3a:	d30e      	bcc.n	10007a5a <tud_task_ext+0x272>
10007a3c:	429d      	cmp	r5, r3
10007a3e:	d3ef      	bcc.n	10007a20 <tud_task_ext+0x238>
10007a40:	9a01      	ldr	r2, [sp, #4]
10007a42:	1aeb      	subs	r3, r5, r3
10007a44:	4694      	mov	ip, r2
10007a46:	015b      	lsls	r3, r3, #5
10007a48:	4463      	add	r3, ip
10007a4a:	68db      	ldr	r3, [r3, #12]
10007a4c:	0030      	movs	r0, r6
10007a4e:	4798      	blx	r3
10007a50:	3501      	adds	r5, #1
10007a52:	783b      	ldrb	r3, [r7, #0]
10007a54:	b2ed      	uxtb	r5, r5
10007a56:	42ab      	cmp	r3, r5
10007a58:	d2f0      	bcs.n	10007a3c <tud_task_ext+0x254>
10007a5a:	9d02      	ldr	r5, [sp, #8]
10007a5c:	2254      	movs	r2, #84	@ 0x54
10007a5e:	2100      	movs	r1, #0
10007a60:	0028      	movs	r0, r5
10007a62:	f7fd fadf 	bl	10005024 <__wrap_memset>
10007a66:	2210      	movs	r2, #16
10007a68:	21ff      	movs	r1, #255	@ 0xff
10007a6a:	4835      	ldr	r0, [pc, #212]	@ (10007b40 <tud_task_ext+0x358>)
10007a6c:	f7fd fada 	bl	10005024 <__wrap_memset>
10007a70:	0028      	movs	r0, r5
10007a72:	2220      	movs	r2, #32
10007a74:	21ff      	movs	r1, #255	@ 0xff
10007a76:	3014      	adds	r0, #20
10007a78:	464e      	mov	r6, r9
10007a7a:	465f      	mov	r7, fp
10007a7c:	f7fd fad2 	bl	10005024 <__wrap_memset>
10007a80:	f000 fbbe 	bl	10008200 <usbd_control_reset>
10007a84:	f7ff fe24 	bl	100076d0 <tud_umount_cb>
10007a88:	e6c4      	b.n	10007814 <tud_task_ext+0x2c>
10007a8a:	4293      	cmp	r3, r2
10007a8c:	d013      	beq.n	10007ab6 <tud_task_ext+0x2ce>
10007a8e:	b011      	add	sp, #68	@ 0x44
10007a90:	bcf0      	pop	{r4, r5, r6, r7}
10007a92:	46bb      	mov	fp, r7
10007a94:	46b2      	mov	sl, r6
10007a96:	46a9      	mov	r9, r5
10007a98:	46a0      	mov	r8, r4
10007a9a:	bdf0      	pop	{r4, r5, r6, r7, pc}
10007a9c:	68a3      	ldr	r3, [r4, #8]
10007a9e:	7962      	ldrb	r2, [r4, #5]
10007aa0:	7820      	ldrb	r0, [r4, #0]
10007aa2:	f000 fbcb 	bl	1000823c <usbd_control_xfer_cb>
10007aa6:	e6b5      	b.n	10007814 <tud_task_ext+0x2c>
10007aa8:	4646      	mov	r6, r8
10007aaa:	464f      	mov	r7, r9
10007aac:	4d1e      	ldr	r5, [pc, #120]	@ (10007b28 <tud_task_ext+0x340>)
10007aae:	e7a4      	b.n	100079fa <tud_task_ext+0x212>
10007ab0:	464e      	mov	r6, r9
10007ab2:	465f      	mov	r7, fp
10007ab4:	e7e4      	b.n	10007a80 <tud_task_ext+0x298>
10007ab6:	4d1d      	ldr	r5, [pc, #116]	@ (10007b2c <tud_task_ext+0x344>)
10007ab8:	e6f6      	b.n	100078a8 <tud_task_ext+0xc0>
10007aba:	2370      	movs	r3, #112	@ 0x70
10007abc:	7a21      	ldrb	r1, [r4, #8]
10007abe:	420b      	tst	r3, r1
10007ac0:	d117      	bne.n	10007af2 <tud_task_ext+0x30a>
10007ac2:	09c8      	lsrs	r0, r1, #7
10007ac4:	4682      	mov	sl, r0
10007ac6:	330f      	adds	r3, #15
10007ac8:	400b      	ands	r3, r1
10007aca:	005b      	lsls	r3, r3, #1
10007acc:	4698      	mov	r8, r3
10007ace:	4818      	ldr	r0, [pc, #96]	@ (10007b30 <tud_task_ext+0x348>)
10007ad0:	18eb      	adds	r3, r5, r3
10007ad2:	4453      	add	r3, sl
10007ad4:	7d1b      	ldrb	r3, [r3, #20]
10007ad6:	7800      	ldrb	r0, [r0, #0]
10007ad8:	4283      	cmp	r3, r0
10007ada:	d260      	bcs.n	10007b9e <tud_task_ext+0x3b6>
10007adc:	4815      	ldr	r0, [pc, #84]	@ (10007b34 <tud_task_ext+0x34c>)
10007ade:	015b      	lsls	r3, r3, #5
10007ae0:	6800      	ldr	r0, [r0, #0]
10007ae2:	4681      	mov	r9, r0
10007ae4:	4499      	add	r9, r3
10007ae6:	2a00      	cmp	r2, #0
10007ae8:	d100      	bne.n	10007aec <tud_task_ext+0x304>
10007aea:	e14f      	b.n	10007d8c <tud_task_ext+0x5a4>
10007aec:	464b      	mov	r3, r9
10007aee:	2b00      	cmp	r3, #0
10007af0:	d15d      	bne.n	10007bae <tud_task_ext+0x3c6>
10007af2:	7820      	ldrb	r0, [r4, #0]
10007af4:	2100      	movs	r1, #0
10007af6:	f7ff fd6b 	bl	100075d0 <dcd_edpt_stall>
10007afa:	2180      	movs	r1, #128	@ 0x80
10007afc:	7820      	ldrb	r0, [r4, #0]
10007afe:	f7ff fd67 	bl	100075d0 <dcd_edpt_stall>
10007b02:	e687      	b.n	10007814 <tud_task_ext+0x2c>
10007b04:	480f      	ldr	r0, [pc, #60]	@ (10007b44 <tud_task_ext+0x35c>)
10007b06:	f000 fb85 	bl	10008214 <usbd_control_set_complete_callback>
10007b0a:	2101      	movs	r1, #1
10007b0c:	4658      	mov	r0, fp
10007b0e:	aa0e      	add	r2, sp, #56	@ 0x38
10007b10:	f7ff fc22 	bl	10007358 <tud_vendor_control_xfer_cb>
10007b14:	2800      	cmp	r0, #0
10007b16:	d000      	beq.n	10007b1a <tud_task_ext+0x332>
10007b18:	e67c      	b.n	10007814 <tud_task_ext+0x2c>
10007b1a:	e7ea      	b.n	10007af2 <tud_task_ext+0x30a>
10007b1c:	20001124 	.word	0x20001124
10007b20:	10013f14 	.word	0x10013f14
10007b24:	200016c0 	.word	0x200016c0
10007b28:	20001668 	.word	0x20001668
10007b2c:	10013fbc 	.word	0x10013fbc
10007b30:	2000bf66 	.word	0x2000bf66
10007b34:	200014b8 	.word	0x200014b8
10007b38:	2000bf68 	.word	0x2000bf68
10007b3c:	10013f38 	.word	0x10013f38
10007b40:	2000166c 	.word	0x2000166c
10007b44:	10007359 	.word	0x10007359
10007b48:	7a23      	ldrb	r3, [r4, #8]
10007b4a:	2b0f      	cmp	r3, #15
10007b4c:	d8d1      	bhi.n	10007af2 <tud_task_ext+0x30a>
10007b4e:	4ad6      	ldr	r2, [pc, #856]	@ (10007ea8 <tud_task_ext+0x6c0>)
10007b50:	18eb      	adds	r3, r5, r3
10007b52:	791b      	ldrb	r3, [r3, #4]
10007b54:	7812      	ldrb	r2, [r2, #0]
10007b56:	4293      	cmp	r3, r2
10007b58:	d334      	bcc.n	10007bc4 <tud_task_ext+0x3dc>
10007b5a:	d1ca      	bne.n	10007af2 <tud_task_ext+0x30a>
10007b5c:	4dd3      	ldr	r5, [pc, #844]	@ (10007eac <tud_task_ext+0x6c4>)
10007b5e:	6968      	ldr	r0, [r5, #20]
10007b60:	f000 fb58 	bl	10008214 <usbd_control_set_complete_callback>
10007b64:	2101      	movs	r1, #1
10007b66:	4658      	mov	r0, fp
10007b68:	696b      	ldr	r3, [r5, #20]
10007b6a:	aa0e      	add	r2, sp, #56	@ 0x38
10007b6c:	4798      	blx	r3
10007b6e:	2800      	cmp	r0, #0
10007b70:	d000      	beq.n	10007b74 <tud_task_ext+0x38c>
10007b72:	e64f      	b.n	10007814 <tud_task_ext+0x2c>
10007b74:	2260      	movs	r2, #96	@ 0x60
10007b76:	0015      	movs	r5, r2
10007b78:	7923      	ldrb	r3, [r4, #4]
10007b7a:	401d      	ands	r5, r3
10007b7c:	421a      	tst	r2, r3
10007b7e:	d1b8      	bne.n	10007af2 <tud_task_ext+0x30a>
10007b80:	7963      	ldrb	r3, [r4, #5]
10007b82:	3b0a      	subs	r3, #10
10007b84:	2b01      	cmp	r3, #1
10007b86:	d8b4      	bhi.n	10007af2 <tud_task_ext+0x30a>
10007b88:	f000 fb44 	bl	10008214 <usbd_control_set_complete_callback>
10007b8c:	7963      	ldrb	r3, [r4, #5]
10007b8e:	2b0a      	cmp	r3, #10
10007b90:	d100      	bne.n	10007b94 <tud_task_ext+0x3ac>
10007b92:	e17f      	b.n	10007e94 <tud_task_ext+0x6ac>
10007b94:	4658      	mov	r0, fp
10007b96:	a90e      	add	r1, sp, #56	@ 0x38
10007b98:	f000 fac8 	bl	1000812c <tud_control_status>
10007b9c:	e63a      	b.n	10007814 <tud_task_ext+0x2c>
10007b9e:	4283      	cmp	r3, r0
10007ba0:	d000      	beq.n	10007ba4 <tud_task_ext+0x3bc>
10007ba2:	e0ee      	b.n	10007d82 <tud_task_ext+0x59a>
10007ba4:	4bc1      	ldr	r3, [pc, #772]	@ (10007eac <tud_task_ext+0x6c4>)
10007ba6:	4699      	mov	r9, r3
10007ba8:	2a00      	cmp	r2, #0
10007baa:	d100      	bne.n	10007bae <tud_task_ext+0x3c6>
10007bac:	e0ee      	b.n	10007d8c <tud_task_ext+0x5a4>
10007bae:	464b      	mov	r3, r9
10007bb0:	6958      	ldr	r0, [r3, #20]
10007bb2:	f000 fb2f 	bl	10008214 <usbd_control_set_complete_callback>
10007bb6:	464b      	mov	r3, r9
10007bb8:	2101      	movs	r1, #1
10007bba:	4658      	mov	r0, fp
10007bbc:	695b      	ldr	r3, [r3, #20]
10007bbe:	aa0e      	add	r2, sp, #56	@ 0x38
10007bc0:	4798      	blx	r3
10007bc2:	e7a7      	b.n	10007b14 <tud_task_ext+0x32c>
10007bc4:	4aba      	ldr	r2, [pc, #744]	@ (10007eb0 <tud_task_ext+0x6c8>)
10007bc6:	015b      	lsls	r3, r3, #5
10007bc8:	6815      	ldr	r5, [r2, #0]
10007bca:	18ed      	adds	r5, r5, r3
10007bcc:	2d00      	cmp	r5, #0
10007bce:	d1c6      	bne.n	10007b5e <tud_task_ext+0x376>
10007bd0:	e78f      	b.n	10007af2 <tud_task_ext+0x30a>
10007bd2:	79a3      	ldrb	r3, [r4, #6]
10007bd4:	4699      	mov	r9, r3
10007bd6:	786b      	ldrb	r3, [r5, #1]
10007bd8:	4599      	cmp	r9, r3
10007bda:	d0db      	beq.n	10007b94 <tud_task_ext+0x3ac>
10007bdc:	786b      	ldrb	r3, [r5, #1]
10007bde:	2b00      	cmp	r3, #0
10007be0:	d000      	beq.n	10007be4 <tud_task_ext+0x3fc>
10007be2:	e12a      	b.n	10007e3a <tud_task_ext+0x652>
10007be4:	464b      	mov	r3, r9
10007be6:	706b      	strb	r3, [r5, #1]
10007be8:	2b00      	cmp	r3, #0
10007bea:	d100      	bne.n	10007bee <tud_task_ext+0x406>
10007bec:	e122      	b.n	10007e34 <tud_task_ext+0x64c>
10007bee:	4648      	mov	r0, r9
10007bf0:	3801      	subs	r0, #1
10007bf2:	b2c0      	uxtb	r0, r0
10007bf4:	f7ff fa24 	bl	10007040 <tud_descriptor_configuration_cb>
10007bf8:	2800      	cmp	r0, #0
10007bfa:	d100      	bne.n	10007bfe <tud_task_ext+0x416>
10007bfc:	e174      	b.n	10007ee8 <tud_task_ext+0x700>
10007bfe:	7843      	ldrb	r3, [r0, #1]
10007c00:	9307      	str	r3, [sp, #28]
10007c02:	2b02      	cmp	r3, #2
10007c04:	d000      	beq.n	10007c08 <tud_task_ext+0x420>
10007c06:	e16f      	b.n	10007ee8 <tud_task_ext+0x700>
10007c08:	2201      	movs	r2, #1
10007c0a:	79c1      	ldrb	r1, [r0, #7]
10007c0c:	46b1      	mov	r9, r6
10007c0e:	118b      	asrs	r3, r1, #6
10007c10:	1149      	asrs	r1, r1, #5
10007c12:	4013      	ands	r3, r2
10007c14:	400a      	ands	r2, r1
10007c16:	2130      	movs	r1, #48	@ 0x30
10007c18:	0112      	lsls	r2, r2, #4
10007c1a:	015b      	lsls	r3, r3, #5
10007c1c:	4313      	orrs	r3, r2
10007c1e:	782a      	ldrb	r2, [r5, #0]
10007c20:	46a8      	mov	r8, r5
10007c22:	438a      	bics	r2, r1
10007c24:	4313      	orrs	r3, r2
10007c26:	702b      	strb	r3, [r5, #0]
10007c28:	2309      	movs	r3, #9
10007c2a:	469a      	mov	sl, r3
10007c2c:	4482      	add	sl, r0
10007c2e:	4656      	mov	r6, sl
10007c30:	46ba      	mov	sl, r7
10007c32:	78c3      	ldrb	r3, [r0, #3]
10007c34:	7882      	ldrb	r2, [r0, #2]
10007c36:	021b      	lsls	r3, r3, #8
10007c38:	4313      	orrs	r3, r2
10007c3a:	18c3      	adds	r3, r0, r3
10007c3c:	9305      	str	r3, [sp, #20]
10007c3e:	4b9a      	ldr	r3, [pc, #616]	@ (10007ea8 <tud_task_ext+0x6c0>)
10007c40:	9304      	str	r3, [sp, #16]
10007c42:	4b9a      	ldr	r3, [pc, #616]	@ (10007eac <tud_task_ext+0x6c4>)
10007c44:	9308      	str	r3, [sp, #32]
10007c46:	4b9a      	ldr	r3, [pc, #616]	@ (10007eb0 <tud_task_ext+0x6c8>)
10007c48:	9309      	str	r3, [sp, #36]	@ 0x24
10007c4a:	4b9a      	ldr	r3, [pc, #616]	@ (10007eb4 <tud_task_ext+0x6cc>)
10007c4c:	930a      	str	r3, [sp, #40]	@ 0x28
10007c4e:	9b05      	ldr	r3, [sp, #20]
10007c50:	42b3      	cmp	r3, r6
10007c52:	d800      	bhi.n	10007c56 <tud_task_ext+0x46e>
10007c54:	e14b      	b.n	10007eee <tud_task_ext+0x706>
10007c56:	7873      	ldrb	r3, [r6, #1]
10007c58:	2201      	movs	r2, #1
10007c5a:	2b0b      	cmp	r3, #11
10007c5c:	d103      	bne.n	10007c66 <tud_task_ext+0x47e>
10007c5e:	7833      	ldrb	r3, [r6, #0]
10007c60:	78f2      	ldrb	r2, [r6, #3]
10007c62:	18f6      	adds	r6, r6, r3
10007c64:	7873      	ldrb	r3, [r6, #1]
10007c66:	2b04      	cmp	r3, #4
10007c68:	d000      	beq.n	10007c6c <tud_task_ext+0x484>
10007c6a:	e13a      	b.n	10007ee2 <tud_task_ext+0x6fa>
10007c6c:	9b05      	ldr	r3, [sp, #20]
10007c6e:	2700      	movs	r7, #0
10007c70:	1b9b      	subs	r3, r3, r6
10007c72:	b29b      	uxth	r3, r3
10007c74:	9306      	str	r3, [sp, #24]
10007c76:	9b04      	ldr	r3, [sp, #16]
10007c78:	920b      	str	r2, [sp, #44]	@ 0x2c
10007c7a:	781d      	ldrb	r5, [r3, #0]
10007c7c:	e019      	b.n	10007cb2 <tud_task_ext+0x4ca>
10007c7e:	9a09      	ldr	r2, [sp, #36]	@ 0x24
10007c80:	017b      	lsls	r3, r7, #5
10007c82:	6815      	ldr	r5, [r2, #0]
10007c84:	18ed      	adds	r5, r5, r3
10007c86:	2d00      	cmp	r5, #0
10007c88:	d100      	bne.n	10007c8c <tud_task_ext+0x4a4>
10007c8a:	e12a      	b.n	10007ee2 <tud_task_ext+0x6fa>
10007c8c:	0031      	movs	r1, r6
10007c8e:	4658      	mov	r0, fp
10007c90:	692b      	ldr	r3, [r5, #16]
10007c92:	9a06      	ldr	r2, [sp, #24]
10007c94:	4798      	blx	r3
10007c96:	4684      	mov	ip, r0
10007c98:	2808      	cmp	r0, #8
10007c9a:	d903      	bls.n	10007ca4 <tud_task_ext+0x4bc>
10007c9c:	9a06      	ldr	r2, [sp, #24]
10007c9e:	4282      	cmp	r2, r0
10007ca0:	d300      	bcc.n	10007ca4 <tud_task_ext+0x4bc>
10007ca2:	e10b      	b.n	10007ebc <tud_task_ext+0x6d4>
10007ca4:	9b04      	ldr	r3, [sp, #16]
10007ca6:	3701      	adds	r7, #1
10007ca8:	781d      	ldrb	r5, [r3, #0]
10007caa:	b2ff      	uxtb	r7, r7
10007cac:	42bd      	cmp	r5, r7
10007cae:	d200      	bcs.n	10007cb2 <tud_task_ext+0x4ca>
10007cb0:	e117      	b.n	10007ee2 <tud_task_ext+0x6fa>
10007cb2:	42bd      	cmp	r5, r7
10007cb4:	d8e3      	bhi.n	10007c7e <tud_task_ext+0x496>
10007cb6:	9b08      	ldr	r3, [sp, #32]
10007cb8:	1b7d      	subs	r5, r7, r5
10007cba:	469c      	mov	ip, r3
10007cbc:	016d      	lsls	r5, r5, #5
10007cbe:	4465      	add	r5, ip
10007cc0:	e7e4      	b.n	10007c8c <tud_task_ext+0x4a4>
10007cc2:	786b      	ldrb	r3, [r5, #1]
10007cc4:	aa0c      	add	r2, sp, #48	@ 0x30
10007cc6:	3202      	adds	r2, #2
10007cc8:	7013      	strb	r3, [r2, #0]
10007cca:	4658      	mov	r0, fp
10007ccc:	2301      	movs	r3, #1
10007cce:	a90e      	add	r1, sp, #56	@ 0x38
10007cd0:	f000 fa42 	bl	10008158 <tud_control_xfer>
10007cd4:	e59e      	b.n	10007814 <tud_task_ext+0x2c>
10007cd6:	88e3      	ldrh	r3, [r4, #6]
10007cd8:	0a1a      	lsrs	r2, r3, #8
10007cda:	b2d8      	uxtb	r0, r3
10007cdc:	2a0f      	cmp	r2, #15
10007cde:	d900      	bls.n	10007ce2 <tud_task_ext+0x4fa>
10007ce0:	e707      	b.n	10007af2 <tud_task_ext+0x30a>
10007ce2:	4975      	ldr	r1, [pc, #468]	@ (10007eb8 <tud_task_ext+0x6d0>)
10007ce4:	0093      	lsls	r3, r2, #2
10007ce6:	58cb      	ldr	r3, [r1, r3]
10007ce8:	469f      	mov	pc, r3
10007cea:	a80e      	add	r0, sp, #56	@ 0x38
10007cec:	f000 fa98 	bl	10008220 <usbd_control_set_request>
10007cf0:	4658      	mov	r0, fp
10007cf2:	79a1      	ldrb	r1, [r4, #6]
10007cf4:	f7ff fbb4 	bl	10007460 <dcd_set_address>
10007cf8:	2202      	movs	r2, #2
10007cfa:	782b      	ldrb	r3, [r5, #0]
10007cfc:	4313      	orrs	r3, r2
10007cfe:	702b      	strb	r3, [r5, #0]
10007d00:	e588      	b.n	10007814 <tud_task_ext+0x2c>
10007d02:	88e3      	ldrh	r3, [r4, #6]
10007d04:	2b01      	cmp	r3, #1
10007d06:	d000      	beq.n	10007d0a <tud_task_ext+0x522>
10007d08:	e6f3      	b.n	10007af2 <tud_task_ext+0x30a>
10007d0a:	2208      	movs	r2, #8
10007d0c:	782b      	ldrb	r3, [r5, #0]
10007d0e:	4658      	mov	r0, fp
10007d10:	4393      	bics	r3, r2
10007d12:	a90e      	add	r1, sp, #56	@ 0x38
10007d14:	702b      	strb	r3, [r5, #0]
10007d16:	f000 fa09 	bl	1000812c <tud_control_status>
10007d1a:	e57b      	b.n	10007814 <tud_task_ext+0x2c>
10007d1c:	2002      	movs	r0, #2
10007d1e:	7829      	ldrb	r1, [r5, #0]
10007d20:	ab0c      	add	r3, sp, #48	@ 0x30
10007d22:	1c9a      	adds	r2, r3, #2
10007d24:	068b      	lsls	r3, r1, #26
10007d26:	0889      	lsrs	r1, r1, #2
10007d28:	0fdb      	lsrs	r3, r3, #31
10007d2a:	4001      	ands	r1, r0
10007d2c:	430b      	orrs	r3, r1
10007d2e:	8013      	strh	r3, [r2, #0]
10007d30:	4658      	mov	r0, fp
10007d32:	2302      	movs	r3, #2
10007d34:	a90e      	add	r1, sp, #56	@ 0x38
10007d36:	f000 fa0f 	bl	10008158 <tud_control_xfer>
10007d3a:	e56b      	b.n	10007814 <tud_task_ext+0x2c>
10007d3c:	88e3      	ldrh	r3, [r4, #6]
10007d3e:	2b01      	cmp	r3, #1
10007d40:	d000      	beq.n	10007d44 <tud_task_ext+0x55c>
10007d42:	e6d6      	b.n	10007af2 <tud_task_ext+0x30a>
10007d44:	2208      	movs	r2, #8
10007d46:	782b      	ldrb	r3, [r5, #0]
10007d48:	4313      	orrs	r3, r2
10007d4a:	702b      	strb	r3, [r5, #0]
10007d4c:	e722      	b.n	10007b94 <tud_task_ext+0x3ac>
10007d4e:	7a23      	ldrb	r3, [r4, #8]
10007d50:	2b0f      	cmp	r3, #15
10007d52:	d900      	bls.n	10007d56 <tud_task_ext+0x56e>
10007d54:	e6cd      	b.n	10007af2 <tud_task_ext+0x30a>
10007d56:	4a54      	ldr	r2, [pc, #336]	@ (10007ea8 <tud_task_ext+0x6c0>)
10007d58:	18eb      	adds	r3, r5, r3
10007d5a:	791b      	ldrb	r3, [r3, #4]
10007d5c:	7812      	ldrb	r2, [r2, #0]
10007d5e:	4293      	cmp	r3, r2
10007d60:	d228      	bcs.n	10007db4 <tud_task_ext+0x5cc>
10007d62:	4a53      	ldr	r2, [pc, #332]	@ (10007eb0 <tud_task_ext+0x6c8>)
10007d64:	015b      	lsls	r3, r3, #5
10007d66:	6815      	ldr	r5, [r2, #0]
10007d68:	18ed      	adds	r5, r5, r3
10007d6a:	2d00      	cmp	r5, #0
10007d6c:	d100      	bne.n	10007d70 <tud_task_ext+0x588>
10007d6e:	e6c0      	b.n	10007af2 <tud_task_ext+0x30a>
10007d70:	6968      	ldr	r0, [r5, #20]
10007d72:	f000 fa4f 	bl	10008214 <usbd_control_set_complete_callback>
10007d76:	2101      	movs	r1, #1
10007d78:	4658      	mov	r0, fp
10007d7a:	696b      	ldr	r3, [r5, #20]
10007d7c:	aa0e      	add	r2, sp, #56	@ 0x38
10007d7e:	4798      	blx	r3
10007d80:	e6c8      	b.n	10007b14 <tud_task_ext+0x32c>
10007d82:	2a00      	cmp	r2, #0
10007d84:	d000      	beq.n	10007d88 <tud_task_ext+0x5a0>
10007d86:	e6b4      	b.n	10007af2 <tud_task_ext+0x30a>
10007d88:	2300      	movs	r3, #0
10007d8a:	4699      	mov	r9, r3
10007d8c:	7962      	ldrb	r2, [r4, #5]
10007d8e:	2002      	movs	r0, #2
10007d90:	0013      	movs	r3, r2
10007d92:	9204      	str	r2, [sp, #16]
10007d94:	4383      	bics	r3, r0
10007d96:	2b01      	cmp	r3, #1
10007d98:	d011      	beq.n	10007dbe <tud_task_ext+0x5d6>
10007d9a:	2a00      	cmp	r2, #0
10007d9c:	d000      	beq.n	10007da0 <tud_task_ext+0x5b8>
10007d9e:	e6a8      	b.n	10007af2 <tud_task_ext+0x30a>
10007da0:	002b      	movs	r3, r5
10007da2:	4443      	add	r3, r8
10007da4:	4453      	add	r3, sl
10007da6:	3330      	adds	r3, #48	@ 0x30
10007da8:	791b      	ldrb	r3, [r3, #4]
10007daa:	aa0c      	add	r2, sp, #48	@ 0x30
10007dac:	079b      	lsls	r3, r3, #30
10007dae:	0fdb      	lsrs	r3, r3, #31
10007db0:	3202      	adds	r2, #2
10007db2:	e7bc      	b.n	10007d2e <tud_task_ext+0x546>
10007db4:	4293      	cmp	r3, r2
10007db6:	d000      	beq.n	10007dba <tud_task_ext+0x5d2>
10007db8:	e69b      	b.n	10007af2 <tud_task_ext+0x30a>
10007dba:	4d3c      	ldr	r5, [pc, #240]	@ (10007eac <tud_task_ext+0x6c4>)
10007dbc:	e7d8      	b.n	10007d70 <tud_task_ext+0x588>
10007dbe:	88e3      	ldrh	r3, [r4, #6]
10007dc0:	2b00      	cmp	r3, #0
10007dc2:	d112      	bne.n	10007dea <tud_task_ext+0x602>
10007dc4:	9b03      	ldr	r3, [sp, #12]
10007dc6:	7818      	ldrb	r0, [r3, #0]
10007dc8:	9b04      	ldr	r3, [sp, #16]
10007dca:	2b01      	cmp	r3, #1
10007dcc:	d023      	beq.n	10007e16 <tud_task_ext+0x62e>
10007dce:	f7ff fbff 	bl	100075d0 <dcd_edpt_stall>
10007dd2:	4643      	mov	r3, r8
10007dd4:	2102      	movs	r1, #2
10007dd6:	18eb      	adds	r3, r5, r3
10007dd8:	4453      	add	r3, sl
10007dda:	3330      	adds	r3, #48	@ 0x30
10007ddc:	791a      	ldrb	r2, [r3, #4]
10007dde:	430a      	orrs	r2, r1
10007de0:	2101      	movs	r1, #1
10007de2:	711a      	strb	r2, [r3, #4]
10007de4:	791a      	ldrb	r2, [r3, #4]
10007de6:	430a      	orrs	r2, r1
10007de8:	711a      	strb	r2, [r3, #4]
10007dea:	464b      	mov	r3, r9
10007dec:	2b00      	cmp	r3, #0
10007dee:	d100      	bne.n	10007df2 <tud_task_ext+0x60a>
10007df0:	e510      	b.n	10007814 <tud_task_ext+0x2c>
10007df2:	6958      	ldr	r0, [r3, #20]
10007df4:	f000 fa0e 	bl	10008214 <usbd_control_set_complete_callback>
10007df8:	464b      	mov	r3, r9
10007dfa:	2101      	movs	r1, #1
10007dfc:	695b      	ldr	r3, [r3, #20]
10007dfe:	aa0e      	add	r2, sp, #56	@ 0x38
10007e00:	4658      	mov	r0, fp
10007e02:	4798      	blx	r3
10007e04:	2000      	movs	r0, #0
10007e06:	f000 fa05 	bl	10008214 <usbd_control_set_complete_callback>
10007e0a:	2335      	movs	r3, #53	@ 0x35
10007e0c:	5ceb      	ldrb	r3, [r5, r3]
10007e0e:	07db      	lsls	r3, r3, #31
10007e10:	d500      	bpl.n	10007e14 <tud_task_ext+0x62c>
10007e12:	e4ff      	b.n	10007814 <tud_task_ext+0x2c>
10007e14:	e6be      	b.n	10007b94 <tud_task_ext+0x3ac>
10007e16:	f7ff fbf9 	bl	1000760c <dcd_edpt_clear_stall>
10007e1a:	4643      	mov	r3, r8
10007e1c:	2102      	movs	r1, #2
10007e1e:	18eb      	adds	r3, r5, r3
10007e20:	4453      	add	r3, sl
10007e22:	3330      	adds	r3, #48	@ 0x30
10007e24:	791a      	ldrb	r2, [r3, #4]
10007e26:	438a      	bics	r2, r1
10007e28:	711a      	strb	r2, [r3, #4]
10007e2a:	791a      	ldrb	r2, [r3, #4]
10007e2c:	9904      	ldr	r1, [sp, #16]
10007e2e:	438a      	bics	r2, r1
10007e30:	711a      	strb	r2, [r3, #4]
10007e32:	e7da      	b.n	10007dea <tud_task_ext+0x602>
10007e34:	f7ff fc4c 	bl	100076d0 <tud_umount_cb>
10007e38:	e6ac      	b.n	10007b94 <tud_task_ext+0x3ac>
10007e3a:	2100      	movs	r1, #0
10007e3c:	4658      	mov	r0, fp
10007e3e:	f7ff fb19 	bl	10007474 <dcd_sof_enable>
10007e42:	4658      	mov	r0, fp
10007e44:	f7ff fbae 	bl	100075a4 <dcd_edpt_close_all>
10007e48:	2200      	movs	r2, #0
10007e4a:	4692      	mov	sl, r2
10007e4c:	4a17      	ldr	r2, [pc, #92]	@ (10007eac <tud_task_ext+0x6c4>)
10007e4e:	78ab      	ldrb	r3, [r5, #2]
10007e50:	9205      	str	r2, [sp, #20]
10007e52:	4a17      	ldr	r2, [pc, #92]	@ (10007eb0 <tud_task_ext+0x6c8>)
10007e54:	9304      	str	r3, [sp, #16]
10007e56:	9206      	str	r2, [sp, #24]
10007e58:	002a      	movs	r2, r5
10007e5a:	4b13      	ldr	r3, [pc, #76]	@ (10007ea8 <tud_task_ext+0x6c0>)
10007e5c:	4655      	mov	r5, sl
10007e5e:	4698      	mov	r8, r3
10007e60:	4692      	mov	sl, r2
10007e62:	781b      	ldrb	r3, [r3, #0]
10007e64:	e00e      	b.n	10007e84 <tud_task_ext+0x69c>
10007e66:	9b06      	ldr	r3, [sp, #24]
10007e68:	016a      	lsls	r2, r5, #5
10007e6a:	681b      	ldr	r3, [r3, #0]
10007e6c:	189b      	adds	r3, r3, r2
10007e6e:	2b00      	cmp	r3, #0
10007e70:	d056      	beq.n	10007f20 <tud_task_ext+0x738>
10007e72:	68db      	ldr	r3, [r3, #12]
10007e74:	4658      	mov	r0, fp
10007e76:	4798      	blx	r3
10007e78:	4643      	mov	r3, r8
10007e7a:	3501      	adds	r5, #1
10007e7c:	781b      	ldrb	r3, [r3, #0]
10007e7e:	b2ed      	uxtb	r5, r5
10007e80:	42ab      	cmp	r3, r5
10007e82:	d339      	bcc.n	10007ef8 <tud_task_ext+0x710>
10007e84:	42ab      	cmp	r3, r5
10007e86:	d8ee      	bhi.n	10007e66 <tud_task_ext+0x67e>
10007e88:	9a05      	ldr	r2, [sp, #20]
10007e8a:	1aeb      	subs	r3, r5, r3
10007e8c:	4694      	mov	ip, r2
10007e8e:	015b      	lsls	r3, r3, #5
10007e90:	4463      	add	r3, ip
10007e92:	e7ee      	b.n	10007e72 <tud_task_ext+0x68a>
10007e94:	ab0c      	add	r3, sp, #48	@ 0x30
10007e96:	1c9a      	adds	r2, r3, #2
10007e98:	4658      	mov	r0, fp
10007e9a:	2301      	movs	r3, #1
10007e9c:	a90e      	add	r1, sp, #56	@ 0x38
10007e9e:	7015      	strb	r5, [r2, #0]
10007ea0:	f000 f95a 	bl	10008158 <tud_control_xfer>
10007ea4:	e4b6      	b.n	10007814 <tud_task_ext+0x2c>
10007ea6:	46c0      	nop			@ (mov r8, r8)
10007ea8:	2000bf66 	.word	0x2000bf66
10007eac:	10013fbc 	.word	0x10013fbc
10007eb0:	200014b8 	.word	0x200014b8
10007eb4:	2000167c 	.word	0x2000167c
10007eb8:	10013f60 	.word	0x10013f60
10007ebc:	9a0b      	ldr	r2, [sp, #44]	@ 0x2c
10007ebe:	2a01      	cmp	r2, #1
10007ec0:	d04d      	beq.n	10007f5e <tud_task_ext+0x776>
10007ec2:	2a00      	cmp	r2, #0
10007ec4:	d03c      	beq.n	10007f40 <tud_task_ext+0x758>
10007ec6:	2300      	movs	r3, #0
10007ec8:	78b0      	ldrb	r0, [r6, #2]
10007eca:	e004      	b.n	10007ed6 <tud_task_ext+0x6ee>
10007ecc:	3301      	adds	r3, #1
10007ece:	b2db      	uxtb	r3, r3
10007ed0:	710f      	strb	r7, [r1, #4]
10007ed2:	4293      	cmp	r3, r2
10007ed4:	d234      	bcs.n	10007f40 <tud_task_ext+0x758>
10007ed6:	18c1      	adds	r1, r0, r3
10007ed8:	b2c9      	uxtb	r1, r1
10007eda:	4441      	add	r1, r8
10007edc:	790d      	ldrb	r5, [r1, #4]
10007ede:	2dff      	cmp	r5, #255	@ 0xff
10007ee0:	d0f4      	beq.n	10007ecc <tud_task_ext+0x6e4>
10007ee2:	464e      	mov	r6, r9
10007ee4:	4645      	mov	r5, r8
10007ee6:	4657      	mov	r7, sl
10007ee8:	2300      	movs	r3, #0
10007eea:	706b      	strb	r3, [r5, #1]
10007eec:	e601      	b.n	10007af2 <tud_task_ext+0x30a>
10007eee:	464e      	mov	r6, r9
10007ef0:	4657      	mov	r7, sl
10007ef2:	f7ff fbeb 	bl	100076cc <tud_mount_cb>
10007ef6:	e64d      	b.n	10007b94 <tud_task_ext+0x3ac>
10007ef8:	4655      	mov	r5, sl
10007efa:	2254      	movs	r2, #84	@ 0x54
10007efc:	2100      	movs	r1, #0
10007efe:	0028      	movs	r0, r5
10007f00:	f7fd f890 	bl	10005024 <__wrap_memset>
10007f04:	2210      	movs	r2, #16
10007f06:	21ff      	movs	r1, #255	@ 0xff
10007f08:	1d28      	adds	r0, r5, #4
10007f0a:	f7fd f88b 	bl	10005024 <__wrap_memset>
10007f0e:	0028      	movs	r0, r5
10007f10:	2220      	movs	r2, #32
10007f12:	21ff      	movs	r1, #255	@ 0xff
10007f14:	3014      	adds	r0, #20
10007f16:	f7fd f885 	bl	10005024 <__wrap_memset>
10007f1a:	9b04      	ldr	r3, [sp, #16]
10007f1c:	70ab      	strb	r3, [r5, #2]
10007f1e:	e661      	b.n	10007be4 <tud_task_ext+0x3fc>
10007f20:	4655      	mov	r5, sl
10007f22:	e7fa      	b.n	10007f1a <tud_task_ext+0x732>
10007f24:	f7ff fa14 	bl	10007350 <tud_descriptor_bos_cb>
10007f28:	1e02      	subs	r2, r0, #0
10007f2a:	d100      	bne.n	10007f2e <tud_task_ext+0x746>
10007f2c:	e5e1      	b.n	10007af2 <tud_task_ext+0x30a>
10007f2e:	78d3      	ldrb	r3, [r2, #3]
10007f30:	7891      	ldrb	r1, [r2, #2]
10007f32:	021b      	lsls	r3, r3, #8
10007f34:	430b      	orrs	r3, r1
10007f36:	4658      	mov	r0, fp
10007f38:	a90e      	add	r1, sp, #56	@ 0x38
10007f3a:	f000 f90d 	bl	10008158 <tud_control_xfer>
10007f3e:	e5e9      	b.n	10007b14 <tud_task_ext+0x32c>
10007f40:	4665      	mov	r5, ip
10007f42:	003b      	movs	r3, r7
10007f44:	0031      	movs	r1, r6
10007f46:	002a      	movs	r2, r5
10007f48:	980a      	ldr	r0, [sp, #40]	@ 0x28
10007f4a:	f000 fd4f 	bl	100089ec <tu_edpt_bind_driver>
10007f4e:	46ac      	mov	ip, r5
10007f50:	9b04      	ldr	r3, [sp, #16]
10007f52:	4466      	add	r6, ip
10007f54:	781b      	ldrb	r3, [r3, #0]
10007f56:	42bb      	cmp	r3, r7
10007f58:	d300      	bcc.n	10007f5c <tud_task_ext+0x774>
10007f5a:	e678      	b.n	10007c4e <tud_task_ext+0x466>
10007f5c:	e7c1      	b.n	10007ee2 <tud_task_ext+0x6fa>
10007f5e:	4b17      	ldr	r3, [pc, #92]	@ (10007fbc <tud_task_ext+0x7d4>)
10007f60:	6929      	ldr	r1, [r5, #16]
10007f62:	4299      	cmp	r1, r3
10007f64:	d1af      	bne.n	10007ec6 <tud_task_ext+0x6de>
10007f66:	9a07      	ldr	r2, [sp, #28]
10007f68:	e7ad      	b.n	10007ec6 <tud_task_ext+0x6de>
10007f6a:	f7ff fbab 	bl	100076c4 <tud_descriptor_device_qualifier_cb>
10007f6e:	1e02      	subs	r2, r0, #0
10007f70:	d100      	bne.n	10007f74 <tud_task_ext+0x78c>
10007f72:	e5be      	b.n	10007af2 <tud_task_ext+0x30a>
10007f74:	4658      	mov	r0, fp
10007f76:	7813      	ldrb	r3, [r2, #0]
10007f78:	a90e      	add	r1, sp, #56	@ 0x38
10007f7a:	f000 f8ed 	bl	10008158 <tud_control_xfer>
10007f7e:	e5c9      	b.n	10007b14 <tud_task_ext+0x32c>
10007f80:	8921      	ldrh	r1, [r4, #8]
10007f82:	f7ff f861 	bl	10007048 <tud_descriptor_string_cb>
10007f86:	1e02      	subs	r2, r0, #0
10007f88:	d1f4      	bne.n	10007f74 <tud_task_ext+0x78c>
10007f8a:	e5b2      	b.n	10007af2 <tud_task_ext+0x30a>
10007f8c:	2a02      	cmp	r2, #2
10007f8e:	d00f      	beq.n	10007fb0 <tud_task_ext+0x7c8>
10007f90:	f7ff fb9a 	bl	100076c8 <tud_descriptor_other_speed_configuration_cb>
10007f94:	1e02      	subs	r2, r0, #0
10007f96:	d1ca      	bne.n	10007f2e <tud_task_ext+0x746>
10007f98:	e5ab      	b.n	10007af2 <tud_task_ext+0x30a>
10007f9a:	f7ff f84d 	bl	10007038 <tud_descriptor_device_cb>
10007f9e:	1e02      	subs	r2, r0, #0
10007fa0:	d100      	bne.n	10007fa4 <tud_task_ext+0x7bc>
10007fa2:	e5a6      	b.n	10007af2 <tud_task_ext+0x30a>
10007fa4:	2312      	movs	r3, #18
10007fa6:	4658      	mov	r0, fp
10007fa8:	a90e      	add	r1, sp, #56	@ 0x38
10007faa:	f000 f8d5 	bl	10008158 <tud_control_xfer>
10007fae:	e5b1      	b.n	10007b14 <tud_task_ext+0x32c>
10007fb0:	f7ff f846 	bl	10007040 <tud_descriptor_configuration_cb>
10007fb4:	1e02      	subs	r2, r0, #0
10007fb6:	d1ba      	bne.n	10007f2e <tud_task_ext+0x746>
10007fb8:	e59b      	b.n	10007af2 <tud_task_ext+0x30a>
10007fba:	46c0      	nop			@ (mov r8, r8)
10007fbc:	10008611 	.word	0x10008611

10007fc0 <usbd_open_edpt_pair>:
10007fc0:	b5f8      	push	{r3, r4, r5, r6, r7, lr}
10007fc2:	4657      	mov	r7, sl
10007fc4:	464e      	mov	r6, r9
10007fc6:	46de      	mov	lr, fp
10007fc8:	4645      	mov	r5, r8
10007fca:	000c      	movs	r4, r1
10007fcc:	b5e0      	push	{r5, r6, r7, lr}
10007fce:	0016      	movs	r6, r2
10007fd0:	001f      	movs	r7, r3
10007fd2:	2a00      	cmp	r2, #0
10007fd4:	d03c      	beq.n	10008050 <usbd_open_edpt_pair+0x90>
10007fd6:	2370      	movs	r3, #112	@ 0x70
10007fd8:	4698      	mov	r8, r3
10007fda:	4b1e      	ldr	r3, [pc, #120]	@ (10008054 <usbd_open_edpt_pair+0x94>)
10007fdc:	2500      	movs	r5, #0
10007fde:	469b      	mov	fp, r3
10007fe0:	4b1d      	ldr	r3, [pc, #116]	@ (10008058 <usbd_open_edpt_pair+0x98>)
10007fe2:	469a      	mov	sl, r3
10007fe4:	e01a      	b.n	1000801c <usbd_open_edpt_pair+0x5c>
10007fe6:	465b      	mov	r3, fp
10007fe8:	781b      	ldrb	r3, [r3, #0]
10007fea:	0020      	movs	r0, r4
10007fec:	4699      	mov	r9, r3
10007fee:	4653      	mov	r3, sl
10007ff0:	7899      	ldrb	r1, [r3, #2]
10007ff2:	f000 fcbd 	bl	10008970 <tu_edpt_validate>
10007ff6:	2800      	cmp	r0, #0
10007ff8:	d01c      	beq.n	10008034 <usbd_open_edpt_pair+0x74>
10007ffa:	0021      	movs	r1, r4
10007ffc:	4648      	mov	r0, r9
10007ffe:	f7ff fa55 	bl	100074ac <dcd_edpt_open>
10008002:	2800      	cmp	r0, #0
10008004:	d016      	beq.n	10008034 <usbd_open_edpt_pair+0x74>
10008006:	78a3      	ldrb	r3, [r4, #2]
10008008:	09da      	lsrs	r2, r3, #7
1000800a:	2a01      	cmp	r2, #1
1000800c:	d019      	beq.n	10008042 <usbd_open_edpt_pair+0x82>
1000800e:	9a0a      	ldr	r2, [sp, #40]	@ 0x28
10008010:	3501      	adds	r5, #1
10008012:	7013      	strb	r3, [r2, #0]
10008014:	7823      	ldrb	r3, [r4, #0]
10008016:	18e4      	adds	r4, r4, r3
10008018:	42b5      	cmp	r5, r6
1000801a:	da19      	bge.n	10008050 <usbd_open_edpt_pair+0x90>
1000801c:	7863      	ldrb	r3, [r4, #1]
1000801e:	2b05      	cmp	r3, #5
10008020:	d108      	bne.n	10008034 <usbd_open_edpt_pair+0x74>
10008022:	78e3      	ldrb	r3, [r4, #3]
10008024:	079b      	lsls	r3, r3, #30
10008026:	0f9b      	lsrs	r3, r3, #30
10008028:	42bb      	cmp	r3, r7
1000802a:	d103      	bne.n	10008034 <usbd_open_edpt_pair+0x74>
1000802c:	4642      	mov	r2, r8
1000802e:	78a3      	ldrb	r3, [r4, #2]
10008030:	421a      	tst	r2, r3
10008032:	d0d8      	beq.n	10007fe6 <usbd_open_edpt_pair+0x26>
10008034:	2000      	movs	r0, #0
10008036:	bcf0      	pop	{r4, r5, r6, r7}
10008038:	46bb      	mov	fp, r7
1000803a:	46b2      	mov	sl, r6
1000803c:	46a9      	mov	r9, r5
1000803e:	46a0      	mov	r8, r4
10008040:	bdf8      	pop	{r3, r4, r5, r6, r7, pc}
10008042:	9a0b      	ldr	r2, [sp, #44]	@ 0x2c
10008044:	3501      	adds	r5, #1
10008046:	7013      	strb	r3, [r2, #0]
10008048:	7823      	ldrb	r3, [r4, #0]
1000804a:	18e4      	adds	r4, r4, r3
1000804c:	42b5      	cmp	r5, r6
1000804e:	dbe5      	blt.n	1000801c <usbd_open_edpt_pair+0x5c>
10008050:	2001      	movs	r0, #1
10008052:	e7f0      	b.n	10008036 <usbd_open_edpt_pair+0x76>
10008054:	20001124 	.word	0x20001124
10008058:	20001668 	.word	0x20001668

1000805c <usbd_edpt_open>:
1000805c:	2270      	movs	r2, #112	@ 0x70
1000805e:	b570      	push	{r4, r5, r6, lr}
10008060:	788b      	ldrb	r3, [r1, #2]
10008062:	000c      	movs	r4, r1
10008064:	421a      	tst	r2, r3
10008066:	d001      	beq.n	1000806c <usbd_edpt_open+0x10>
10008068:	2000      	movs	r0, #0
1000806a:	bd70      	pop	{r4, r5, r6, pc}
1000806c:	4b06      	ldr	r3, [pc, #24]	@ (10008088 <usbd_edpt_open+0x2c>)
1000806e:	0020      	movs	r0, r4
10008070:	781d      	ldrb	r5, [r3, #0]
10008072:	4b06      	ldr	r3, [pc, #24]	@ (1000808c <usbd_edpt_open+0x30>)
10008074:	7899      	ldrb	r1, [r3, #2]
10008076:	f000 fc7b 	bl	10008970 <tu_edpt_validate>
1000807a:	2800      	cmp	r0, #0
1000807c:	d0f4      	beq.n	10008068 <usbd_edpt_open+0xc>
1000807e:	0021      	movs	r1, r4
10008080:	0028      	movs	r0, r5
10008082:	f7ff fa13 	bl	100074ac <dcd_edpt_open>
10008086:	e7f0      	b.n	1000806a <usbd_edpt_open+0xe>
10008088:	20001124 	.word	0x20001124
1000808c:	20001668 	.word	0x20001668

10008090 <usbd_edpt_claim>:
10008090:	000b      	movs	r3, r1
10008092:	207f      	movs	r0, #127	@ 0x7f
10008094:	b510      	push	{r4, lr}
10008096:	4018      	ands	r0, r3
10008098:	09db      	lsrs	r3, r3, #7
1000809a:	3334      	adds	r3, #52	@ 0x34
1000809c:	0040      	lsls	r0, r0, #1
1000809e:	4a04      	ldr	r2, [pc, #16]	@ (100080b0 <usbd_edpt_claim+0x20>)
100080a0:	18c0      	adds	r0, r0, r3
100080a2:	4b04      	ldr	r3, [pc, #16]	@ (100080b4 <usbd_edpt_claim+0x24>)
100080a4:	6811      	ldr	r1, [r2, #0]
100080a6:	18c0      	adds	r0, r0, r3
100080a8:	f000 fc1e 	bl	100088e8 <tu_edpt_claim>
100080ac:	bd10      	pop	{r4, pc}
100080ae:	46c0      	nop			@ (mov r8, r8)
100080b0:	200016bc 	.word	0x200016bc
100080b4:	20001668 	.word	0x20001668

100080b8 <usbd_edpt_release>:
100080b8:	000b      	movs	r3, r1
100080ba:	207f      	movs	r0, #127	@ 0x7f
100080bc:	b510      	push	{r4, lr}
100080be:	4018      	ands	r0, r3
100080c0:	09db      	lsrs	r3, r3, #7
100080c2:	3334      	adds	r3, #52	@ 0x34
100080c4:	0040      	lsls	r0, r0, #1
100080c6:	4a04      	ldr	r2, [pc, #16]	@ (100080d8 <usbd_edpt_release+0x20>)
100080c8:	18c0      	adds	r0, r0, r3
100080ca:	4b04      	ldr	r3, [pc, #16]	@ (100080dc <usbd_edpt_release+0x24>)
100080cc:	6811      	ldr	r1, [r2, #0]
100080ce:	18c0      	adds	r0, r0, r3
100080d0:	f000 fc32 	bl	10008938 <tu_edpt_release>
100080d4:	bd10      	pop	{r4, pc}
100080d6:	46c0      	nop			@ (mov r8, r8)
100080d8:	200016bc 	.word	0x200016bc
100080dc:	20001668 	.word	0x20001668

100080e0 <usbd_edpt_xfer>:
100080e0:	b570      	push	{r4, r5, r6, lr}
100080e2:	247f      	movs	r4, #127	@ 0x7f
100080e4:	480f      	ldr	r0, [pc, #60]	@ (10008124 <usbd_edpt_xfer+0x44>)
100080e6:	400c      	ands	r4, r1
100080e8:	0064      	lsls	r4, r4, #1
100080ea:	1904      	adds	r4, r0, r4
100080ec:	09cd      	lsrs	r5, r1, #7
100080ee:	1964      	adds	r4, r4, r5
100080f0:	3430      	adds	r4, #48	@ 0x30
100080f2:	7920      	ldrb	r0, [r4, #4]
100080f4:	07c0      	lsls	r0, r0, #31
100080f6:	d501      	bpl.n	100080fc <usbd_edpt_xfer+0x1c>
100080f8:	2000      	movs	r0, #0
100080fa:	bd70      	pop	{r4, r5, r6, pc}
100080fc:	2601      	movs	r6, #1
100080fe:	7925      	ldrb	r5, [r4, #4]
10008100:	4809      	ldr	r0, [pc, #36]	@ (10008128 <usbd_edpt_xfer+0x48>)
10008102:	4335      	orrs	r5, r6
10008104:	7800      	ldrb	r0, [r0, #0]
10008106:	7125      	strb	r5, [r4, #4]
10008108:	f7ff fa50 	bl	100075ac <dcd_edpt_xfer>
1000810c:	2800      	cmp	r0, #0
1000810e:	d1f4      	bne.n	100080fa <usbd_edpt_xfer+0x1a>
10008110:	2201      	movs	r2, #1
10008112:	7923      	ldrb	r3, [r4, #4]
10008114:	4393      	bics	r3, r2
10008116:	7123      	strb	r3, [r4, #4]
10008118:	7923      	ldrb	r3, [r4, #4]
1000811a:	3203      	adds	r2, #3
1000811c:	4393      	bics	r3, r2
1000811e:	7123      	strb	r3, [r4, #4]
10008120:	e7ea      	b.n	100080f8 <usbd_edpt_xfer+0x18>
10008122:	46c0      	nop			@ (mov r8, r8)
10008124:	20001668 	.word	0x20001668
10008128:	20001124 	.word	0x20001124

1000812c <tud_control_status>:
1000812c:	b570      	push	{r4, r5, r6, lr}
1000812e:	4c09      	ldr	r4, [pc, #36]	@ (10008154 <tud_control_status+0x28>)
10008130:	0006      	movs	r6, r0
10008132:	2208      	movs	r2, #8
10008134:	0020      	movs	r0, r4
10008136:	000d      	movs	r5, r1
10008138:	f7fc ff7a 	bl	10005030 <__wrap___aeabi_memcpy>
1000813c:	2300      	movs	r3, #0
1000813e:	2180      	movs	r1, #128	@ 0x80
10008140:	60e3      	str	r3, [r4, #12]
10008142:	60a3      	str	r3, [r4, #8]
10008144:	782b      	ldrb	r3, [r5, #0]
10008146:	0030      	movs	r0, r6
10008148:	4399      	bics	r1, r3
1000814a:	2200      	movs	r2, #0
1000814c:	2300      	movs	r3, #0
1000814e:	f7ff ffc7 	bl	100080e0 <usbd_edpt_xfer>
10008152:	bd70      	pop	{r4, r5, r6, pc}
10008154:	20001648 	.word	0x20001648

10008158 <tud_control_xfer>:
10008158:	b5f8      	push	{r3, r4, r5, r6, r7, lr}
1000815a:	46ce      	mov	lr, r9
1000815c:	4647      	mov	r7, r8
1000815e:	4690      	mov	r8, r2
10008160:	4e25      	ldr	r6, [pc, #148]	@ (100081f8 <tud_control_xfer+0xa0>)
10008162:	b580      	push	{r7, lr}
10008164:	4681      	mov	r9, r0
10008166:	2208      	movs	r2, #8
10008168:	0030      	movs	r0, r6
1000816a:	000d      	movs	r5, r1
1000816c:	001f      	movs	r7, r3
1000816e:	f7fc ff5f 	bl	10005030 <__wrap___aeabi_memcpy>
10008172:	4643      	mov	r3, r8
10008174:	60b3      	str	r3, [r6, #8]
10008176:	2300      	movs	r3, #0
10008178:	81f3      	strh	r3, [r6, #14]
1000817a:	79ec      	ldrb	r4, [r5, #7]
1000817c:	79ab      	ldrb	r3, [r5, #6]
1000817e:	0224      	lsls	r4, r4, #8
10008180:	431c      	orrs	r4, r3
10008182:	1c23      	adds	r3, r4, #0
10008184:	42bc      	cmp	r4, r7
10008186:	d900      	bls.n	1000818a <tud_control_xfer+0x32>
10008188:	1c3b      	adds	r3, r7, #0
1000818a:	b29f      	uxth	r7, r3
1000818c:	81b3      	strh	r3, [r6, #12]
1000818e:	2c00      	cmp	r4, #0
10008190:	d00d      	beq.n	100081ae <tud_control_xfer+0x56>
10008192:	2f00      	cmp	r7, #0
10008194:	d017      	beq.n	100081c6 <tud_control_xfer+0x6e>
10008196:	4642      	mov	r2, r8
10008198:	2a00      	cmp	r2, #0
1000819a:	d02b      	beq.n	100081f4 <tud_control_xfer+0x9c>
1000819c:	2f40      	cmp	r7, #64	@ 0x40
1000819e:	d81b      	bhi.n	100081d8 <tud_control_xfer+0x80>
100081a0:	b29f      	uxth	r7, r3
100081a2:	7833      	ldrb	r3, [r6, #0]
100081a4:	2b7f      	cmp	r3, #127	@ 0x7f
100081a6:	d81c      	bhi.n	100081e2 <tud_control_xfer+0x8a>
100081a8:	2100      	movs	r1, #0
100081aa:	4a14      	ldr	r2, [pc, #80]	@ (100081fc <tud_control_xfer+0xa4>)
100081ac:	e00f      	b.n	100081ce <tud_control_xfer+0x76>
100081ae:	2180      	movs	r1, #128	@ 0x80
100081b0:	782b      	ldrb	r3, [r5, #0]
100081b2:	2200      	movs	r2, #0
100081b4:	4399      	bics	r1, r3
100081b6:	4648      	mov	r0, r9
100081b8:	2300      	movs	r3, #0
100081ba:	f7ff ff91 	bl	100080e0 <usbd_edpt_xfer>
100081be:	bcc0      	pop	{r6, r7}
100081c0:	46b9      	mov	r9, r7
100081c2:	46b0      	mov	r8, r6
100081c4:	bdf8      	pop	{r3, r4, r5, r6, r7, pc}
100081c6:	237f      	movs	r3, #127	@ 0x7f
100081c8:	2200      	movs	r2, #0
100081ca:	7831      	ldrb	r1, [r6, #0]
100081cc:	4399      	bics	r1, r3
100081ce:	003b      	movs	r3, r7
100081d0:	4648      	mov	r0, r9
100081d2:	f7ff ff85 	bl	100080e0 <usbd_edpt_xfer>
100081d6:	e7f2      	b.n	100081be <tud_control_xfer+0x66>
100081d8:	2340      	movs	r3, #64	@ 0x40
100081da:	b29f      	uxth	r7, r3
100081dc:	7833      	ldrb	r3, [r6, #0]
100081de:	2b7f      	cmp	r3, #127	@ 0x7f
100081e0:	d9e2      	bls.n	100081a8 <tud_control_xfer+0x50>
100081e2:	4c06      	ldr	r4, [pc, #24]	@ (100081fc <tud_control_xfer+0xa4>)
100081e4:	003a      	movs	r2, r7
100081e6:	4641      	mov	r1, r8
100081e8:	0020      	movs	r0, r4
100081ea:	f7fc ff21 	bl	10005030 <__wrap___aeabi_memcpy>
100081ee:	2180      	movs	r1, #128	@ 0x80
100081f0:	0022      	movs	r2, r4
100081f2:	e7ec      	b.n	100081ce <tud_control_xfer+0x76>
100081f4:	2000      	movs	r0, #0
100081f6:	e7e2      	b.n	100081be <tud_control_xfer+0x66>
100081f8:	20001648 	.word	0x20001648
100081fc:	20001608 	.word	0x20001608

10008200 <usbd_control_reset>:
10008200:	b510      	push	{r4, lr}
10008202:	2214      	movs	r2, #20
10008204:	2100      	movs	r1, #0
10008206:	4802      	ldr	r0, [pc, #8]	@ (10008210 <usbd_control_reset+0x10>)
10008208:	f7fc ff0c 	bl	10005024 <__wrap_memset>
1000820c:	bd10      	pop	{r4, pc}
1000820e:	46c0      	nop			@ (mov r8, r8)
10008210:	20001648 	.word	0x20001648

10008214 <usbd_control_set_complete_callback>:
10008214:	4b01      	ldr	r3, [pc, #4]	@ (1000821c <usbd_control_set_complete_callback+0x8>)
10008216:	6118      	str	r0, [r3, #16]
10008218:	4770      	bx	lr
1000821a:	46c0      	nop			@ (mov r8, r8)
1000821c:	20001648 	.word	0x20001648

10008220 <usbd_control_set_request>:
10008220:	b510      	push	{r4, lr}
10008222:	4c05      	ldr	r4, [pc, #20]	@ (10008238 <usbd_control_set_request+0x18>)
10008224:	0001      	movs	r1, r0
10008226:	2208      	movs	r2, #8
10008228:	0020      	movs	r0, r4
1000822a:	f7fc ff01 	bl	10005030 <__wrap___aeabi_memcpy>
1000822e:	2300      	movs	r3, #0
10008230:	60a3      	str	r3, [r4, #8]
10008232:	60e3      	str	r3, [r4, #12]
10008234:	bd10      	pop	{r4, pc}
10008236:	46c0      	nop			@ (mov r8, r8)
10008238:	20001648 	.word	0x20001648

1000823c <usbd_control_xfer_cb>:
1000823c:	b570      	push	{r4, r5, r6, lr}
1000823e:	4c38      	ldr	r4, [pc, #224]	@ (10008320 <usbd_control_xfer_cb+0xe4>)
10008240:	001d      	movs	r5, r3
10008242:	7823      	ldrb	r3, [r4, #0]
10008244:	0006      	movs	r6, r0
10008246:	09da      	lsrs	r2, r3, #7
10008248:	09c9      	lsrs	r1, r1, #7
1000824a:	428a      	cmp	r2, r1
1000824c:	d010      	beq.n	10008270 <usbd_control_xfer_cb+0x34>
1000824e:	2000      	movs	r0, #0
10008250:	2d00      	cmp	r5, #0
10008252:	d000      	beq.n	10008256 <usbd_control_xfer_cb+0x1a>
10008254:	bd70      	pop	{r4, r5, r6, pc}
10008256:	0021      	movs	r1, r4
10008258:	0030      	movs	r0, r6
1000825a:	f7ff f919 	bl	10007490 <dcd_edpt0_status_complete>
1000825e:	6923      	ldr	r3, [r4, #16]
10008260:	2b00      	cmp	r3, #0
10008262:	d003      	beq.n	1000826c <usbd_control_xfer_cb+0x30>
10008264:	0022      	movs	r2, r4
10008266:	2103      	movs	r1, #3
10008268:	0030      	movs	r0, r6
1000826a:	4798      	blx	r3
1000826c:	2001      	movs	r0, #1
1000826e:	e7f1      	b.n	10008254 <usbd_control_xfer_cb+0x18>
10008270:	2b7f      	cmp	r3, #127	@ 0x7f
10008272:	d806      	bhi.n	10008282 <usbd_control_xfer_cb+0x46>
10008274:	68a0      	ldr	r0, [r4, #8]
10008276:	2800      	cmp	r0, #0
10008278:	d034      	beq.n	100082e4 <usbd_control_xfer_cb+0xa8>
1000827a:	002a      	movs	r2, r5
1000827c:	4929      	ldr	r1, [pc, #164]	@ (10008324 <usbd_control_xfer_cb+0xe8>)
1000827e:	f7fc fed7 	bl	10005030 <__wrap___aeabi_memcpy>
10008282:	89e2      	ldrh	r2, [r4, #14]
10008284:	68a1      	ldr	r1, [r4, #8]
10008286:	1952      	adds	r2, r2, r5
10008288:	88e3      	ldrh	r3, [r4, #6]
1000828a:	b292      	uxth	r2, r2
1000828c:	1949      	adds	r1, r1, r5
1000828e:	81e2      	strh	r2, [r4, #14]
10008290:	60a1      	str	r1, [r4, #8]
10008292:	4293      	cmp	r3, r2
10008294:	d014      	beq.n	100082c0 <usbd_control_xfer_cb+0x84>
10008296:	2d3f      	cmp	r5, #63	@ 0x3f
10008298:	d912      	bls.n	100082c0 <usbd_control_xfer_cb+0x84>
1000829a:	89a3      	ldrh	r3, [r4, #12]
1000829c:	1a98      	subs	r0, r3, r2
1000829e:	1c05      	adds	r5, r0, #0
100082a0:	b280      	uxth	r0, r0
100082a2:	2840      	cmp	r0, #64	@ 0x40
100082a4:	d82a      	bhi.n	100082fc <usbd_control_xfer_cb+0xc0>
100082a6:	7820      	ldrb	r0, [r4, #0]
100082a8:	b2ad      	uxth	r5, r5
100082aa:	287f      	cmp	r0, #127	@ 0x7f
100082ac:	d828      	bhi.n	10008300 <usbd_control_xfer_cb+0xc4>
100082ae:	2100      	movs	r1, #0
100082b0:	429a      	cmp	r2, r3
100082b2:	d032      	beq.n	1000831a <usbd_control_xfer_cb+0xde>
100082b4:	4a1b      	ldr	r2, [pc, #108]	@ (10008324 <usbd_control_xfer_cb+0xe8>)
100082b6:	002b      	movs	r3, r5
100082b8:	0030      	movs	r0, r6
100082ba:	f7ff ff11 	bl	100080e0 <usbd_edpt_xfer>
100082be:	e7c9      	b.n	10008254 <usbd_control_xfer_cb+0x18>
100082c0:	6923      	ldr	r3, [r4, #16]
100082c2:	2b00      	cmp	r3, #0
100082c4:	d005      	beq.n	100082d2 <usbd_control_xfer_cb+0x96>
100082c6:	0022      	movs	r2, r4
100082c8:	2102      	movs	r1, #2
100082ca:	0030      	movs	r0, r6
100082cc:	4798      	blx	r3
100082ce:	2800      	cmp	r0, #0
100082d0:	d00a      	beq.n	100082e8 <usbd_control_xfer_cb+0xac>
100082d2:	2180      	movs	r1, #128	@ 0x80
100082d4:	7823      	ldrb	r3, [r4, #0]
100082d6:	2200      	movs	r2, #0
100082d8:	4399      	bics	r1, r3
100082da:	0030      	movs	r0, r6
100082dc:	2300      	movs	r3, #0
100082de:	f7ff feff 	bl	100080e0 <usbd_edpt_xfer>
100082e2:	e7b7      	b.n	10008254 <usbd_control_xfer_cb+0x18>
100082e4:	2000      	movs	r0, #0
100082e6:	e7b5      	b.n	10008254 <usbd_control_xfer_cb+0x18>
100082e8:	2100      	movs	r1, #0
100082ea:	0030      	movs	r0, r6
100082ec:	f7ff f970 	bl	100075d0 <dcd_edpt_stall>
100082f0:	0030      	movs	r0, r6
100082f2:	2180      	movs	r1, #128	@ 0x80
100082f4:	f7ff f96c 	bl	100075d0 <dcd_edpt_stall>
100082f8:	2001      	movs	r0, #1
100082fa:	e7ab      	b.n	10008254 <usbd_control_xfer_cb+0x18>
100082fc:	2540      	movs	r5, #64	@ 0x40
100082fe:	e7d2      	b.n	100082a6 <usbd_control_xfer_cb+0x6a>
10008300:	429a      	cmp	r2, r3
10008302:	d007      	beq.n	10008314 <usbd_control_xfer_cb+0xd8>
10008304:	4c07      	ldr	r4, [pc, #28]	@ (10008324 <usbd_control_xfer_cb+0xe8>)
10008306:	002a      	movs	r2, r5
10008308:	0020      	movs	r0, r4
1000830a:	f7fc fe91 	bl	10005030 <__wrap___aeabi_memcpy>
1000830e:	2180      	movs	r1, #128	@ 0x80
10008310:	0022      	movs	r2, r4
10008312:	e7d0      	b.n	100082b6 <usbd_control_xfer_cb+0x7a>
10008314:	2180      	movs	r1, #128	@ 0x80
10008316:	2200      	movs	r2, #0
10008318:	e7cd      	b.n	100082b6 <usbd_control_xfer_cb+0x7a>
1000831a:	2200      	movs	r2, #0
1000831c:	e7cb      	b.n	100082b6 <usbd_control_xfer_cb+0x7a>
1000831e:	46c0      	nop			@ (mov r8, r8)
10008320:	20001648 	.word	0x20001648
10008324:	20001608 	.word	0x20001608

10008328 <_prep_out_transaction.isra.0>:
10008328:	b570      	push	{r4, r5, r6, lr}
1000832a:	0004      	movs	r4, r0
1000832c:	f7ff f9d6 	bl	100076dc <tud_mounted>
10008330:	2800      	cmp	r0, #0
10008332:	d100      	bne.n	10008336 <_prep_out_transaction.isra.0+0xe>
10008334:	bd70      	pop	{r4, r5, r6, pc}
10008336:	f7ff f9d9 	bl	100076ec <tud_suspended>
1000833a:	2800      	cmp	r0, #0
1000833c:	d1fa      	bne.n	10008334 <_prep_out_transaction.isra.0+0xc>
1000833e:	23c8      	movs	r3, #200	@ 0xc8
10008340:	4363      	muls	r3, r4
10008342:	4d12      	ldr	r5, [pc, #72]	@ (1000838c <_prep_out_transaction.isra.0+0x64>)
10008344:	18ee      	adds	r6, r5, r3
10008346:	78f1      	ldrb	r1, [r6, #3]
10008348:	2900      	cmp	r1, #0
1000834a:	d0f3      	beq.n	10008334 <_prep_out_transaction.isra.0+0xc>
1000834c:	3310      	adds	r3, #16
1000834e:	195d      	adds	r5, r3, r5
10008350:	0028      	movs	r0, r5
10008352:	f000 fbb9 	bl	10008ac8 <tu_fifo_remaining>
10008356:	283f      	cmp	r0, #63	@ 0x3f
10008358:	d9ec      	bls.n	10008334 <_prep_out_transaction.isra.0+0xc>
1000835a:	2000      	movs	r0, #0
1000835c:	78f1      	ldrb	r1, [r6, #3]
1000835e:	f7ff fe97 	bl	10008090 <usbd_edpt_claim>
10008362:	2800      	cmp	r0, #0
10008364:	d0e6      	beq.n	10008334 <_prep_out_transaction.isra.0+0xc>
10008366:	0028      	movs	r0, r5
10008368:	f000 fbae 	bl	10008ac8 <tu_fifo_remaining>
1000836c:	78f1      	ldrb	r1, [r6, #3]
1000836e:	283f      	cmp	r0, #63	@ 0x3f
10008370:	d907      	bls.n	10008382 <_prep_out_transaction.isra.0+0x5a>
10008372:	4b07      	ldr	r3, [pc, #28]	@ (10008390 <_prep_out_transaction.isra.0+0x68>)
10008374:	01e2      	lsls	r2, r4, #7
10008376:	18d2      	adds	r2, r2, r3
10008378:	2000      	movs	r0, #0
1000837a:	2340      	movs	r3, #64	@ 0x40
1000837c:	f7ff feb0 	bl	100080e0 <usbd_edpt_xfer>
10008380:	e7d8      	b.n	10008334 <_prep_out_transaction.isra.0+0xc>
10008382:	2000      	movs	r0, #0
10008384:	f7ff fe98 	bl	100080b8 <usbd_edpt_release>
10008388:	e7d4      	b.n	10008334 <_prep_out_transaction.isra.0+0xc>
1000838a:	46c0      	nop			@ (mov r8, r8)
1000838c:	20001540 	.word	0x20001540
10008390:	200014bc 	.word	0x200014bc

10008394 <tud_cdc_n_connected>:
10008394:	b510      	push	{r4, lr}
10008396:	0004      	movs	r4, r0
10008398:	f7ff f9a0 	bl	100076dc <tud_mounted>
1000839c:	2800      	cmp	r0, #0
1000839e:	d101      	bne.n	100083a4 <tud_cdc_n_connected+0x10>
100083a0:	2000      	movs	r0, #0
100083a2:	bd10      	pop	{r4, pc}
100083a4:	f7ff f9a2 	bl	100076ec <tud_suspended>
100083a8:	2800      	cmp	r0, #0
100083aa:	d1f9      	bne.n	100083a0 <tud_cdc_n_connected+0xc>
100083ac:	22c8      	movs	r2, #200	@ 0xc8
100083ae:	4362      	muls	r2, r4
100083b0:	4b02      	ldr	r3, [pc, #8]	@ (100083bc <tud_cdc_n_connected+0x28>)
100083b2:	3001      	adds	r0, #1
100083b4:	189b      	adds	r3, r3, r2
100083b6:	791b      	ldrb	r3, [r3, #4]
100083b8:	4018      	ands	r0, r3
100083ba:	e7f2      	b.n	100083a2 <tud_cdc_n_connected+0xe>
100083bc:	20001540 	.word	0x20001540

100083c0 <tud_cdc_n_available>:
100083c0:	23c8      	movs	r3, #200	@ 0xc8
100083c2:	b510      	push	{r4, lr}
100083c4:	4343      	muls	r3, r0
100083c6:	4802      	ldr	r0, [pc, #8]	@ (100083d0 <tud_cdc_n_available+0x10>)
100083c8:	1818      	adds	r0, r3, r0
100083ca:	f000 fb5f 	bl	10008a8c <tu_fifo_count>
100083ce:	bd10      	pop	{r4, pc}
100083d0:	20001550 	.word	0x20001550

100083d4 <tud_cdc_n_read>:
100083d4:	b5f8      	push	{r3, r4, r5, r6, r7, lr}
100083d6:	24c8      	movs	r4, #200	@ 0xc8
100083d8:	2380      	movs	r3, #128	@ 0x80
100083da:	4344      	muls	r4, r0
100083dc:	4f1c      	ldr	r7, [pc, #112]	@ (10008450 <tud_cdc_n_read+0x7c>)
100083de:	3410      	adds	r4, #16
100083e0:	0005      	movs	r5, r0
100083e2:	193c      	adds	r4, r7, r4
100083e4:	025b      	lsls	r3, r3, #9
100083e6:	429a      	cmp	r2, r3
100083e8:	d300      	bcc.n	100083ec <tud_cdc_n_read+0x18>
100083ea:	4a1a      	ldr	r2, [pc, #104]	@ (10008454 <tud_cdc_n_read+0x80>)
100083ec:	0020      	movs	r0, r4
100083ee:	b292      	uxth	r2, r2
100083f0:	f000 fbce 	bl	10008b90 <tu_fifo_read_n>
100083f4:	0006      	movs	r6, r0
100083f6:	f7ff f971 	bl	100076dc <tud_mounted>
100083fa:	2800      	cmp	r0, #0
100083fc:	d101      	bne.n	10008402 <tud_cdc_n_read+0x2e>
100083fe:	0030      	movs	r0, r6
10008400:	bdf8      	pop	{r3, r4, r5, r6, r7, pc}
10008402:	f7ff f973 	bl	100076ec <tud_suspended>
10008406:	2800      	cmp	r0, #0
10008408:	d1f9      	bne.n	100083fe <tud_cdc_n_read+0x2a>
1000840a:	23c8      	movs	r3, #200	@ 0xc8
1000840c:	436b      	muls	r3, r5
1000840e:	18ff      	adds	r7, r7, r3
10008410:	78fb      	ldrb	r3, [r7, #3]
10008412:	2b00      	cmp	r3, #0
10008414:	d0f3      	beq.n	100083fe <tud_cdc_n_read+0x2a>
10008416:	0020      	movs	r0, r4
10008418:	f000 fb56 	bl	10008ac8 <tu_fifo_remaining>
1000841c:	283f      	cmp	r0, #63	@ 0x3f
1000841e:	d9ee      	bls.n	100083fe <tud_cdc_n_read+0x2a>
10008420:	2000      	movs	r0, #0
10008422:	78f9      	ldrb	r1, [r7, #3]
10008424:	f7ff fe34 	bl	10008090 <usbd_edpt_claim>
10008428:	2800      	cmp	r0, #0
1000842a:	d0e8      	beq.n	100083fe <tud_cdc_n_read+0x2a>
1000842c:	0020      	movs	r0, r4
1000842e:	f000 fb4b 	bl	10008ac8 <tu_fifo_remaining>
10008432:	78f9      	ldrb	r1, [r7, #3]
10008434:	283f      	cmp	r0, #63	@ 0x3f
10008436:	d907      	bls.n	10008448 <tud_cdc_n_read+0x74>
10008438:	4b07      	ldr	r3, [pc, #28]	@ (10008458 <tud_cdc_n_read+0x84>)
1000843a:	01ea      	lsls	r2, r5, #7
1000843c:	18d2      	adds	r2, r2, r3
1000843e:	2000      	movs	r0, #0
10008440:	2340      	movs	r3, #64	@ 0x40
10008442:	f7ff fe4d 	bl	100080e0 <usbd_edpt_xfer>
10008446:	e7da      	b.n	100083fe <tud_cdc_n_read+0x2a>
10008448:	2000      	movs	r0, #0
1000844a:	f7ff fe35 	bl	100080b8 <usbd_edpt_release>
1000844e:	e7d6      	b.n	100083fe <tud_cdc_n_read+0x2a>
10008450:	20001540 	.word	0x20001540
10008454:	0000ffff 	.word	0x0000ffff
10008458:	200014bc 	.word	0x200014bc

1000845c <tud_cdc_n_write_flush>:
1000845c:	b5f8      	push	{r3, r4, r5, r6, r7, lr}
1000845e:	0004      	movs	r4, r0
10008460:	f7ff f93c 	bl	100076dc <tud_mounted>
10008464:	2800      	cmp	r0, #0
10008466:	d101      	bne.n	1000846c <tud_cdc_n_write_flush+0x10>
10008468:	2000      	movs	r0, #0
1000846a:	bdf8      	pop	{r3, r4, r5, r6, r7, pc}
1000846c:	f7ff f93e 	bl	100076ec <tud_suspended>
10008470:	2800      	cmp	r0, #0
10008472:	d1f9      	bne.n	10008468 <tud_cdc_n_write_flush+0xc>
10008474:	25c8      	movs	r5, #200	@ 0xc8
10008476:	4365      	muls	r5, r4
10008478:	002e      	movs	r6, r5
1000847a:	4f13      	ldr	r7, [pc, #76]	@ (100084c8 <tud_cdc_n_write_flush+0x6c>)
1000847c:	3624      	adds	r6, #36	@ 0x24
1000847e:	19f6      	adds	r6, r6, r7
10008480:	0030      	movs	r0, r6
10008482:	f000 fb03 	bl	10008a8c <tu_fifo_count>
10008486:	2800      	cmp	r0, #0
10008488:	d0ee      	beq.n	10008468 <tud_cdc_n_write_flush+0xc>
1000848a:	197f      	adds	r7, r7, r5
1000848c:	2000      	movs	r0, #0
1000848e:	78b9      	ldrb	r1, [r7, #2]
10008490:	f7ff fdfe 	bl	10008090 <usbd_edpt_claim>
10008494:	2800      	cmp	r0, #0
10008496:	d0e7      	beq.n	10008468 <tud_cdc_n_write_flush+0xc>
10008498:	4d0c      	ldr	r5, [pc, #48]	@ (100084cc <tud_cdc_n_write_flush+0x70>)
1000849a:	01e4      	lsls	r4, r4, #7
1000849c:	1965      	adds	r5, r4, r5
1000849e:	0029      	movs	r1, r5
100084a0:	2240      	movs	r2, #64	@ 0x40
100084a2:	0030      	movs	r0, r6
100084a4:	f000 fb74 	bl	10008b90 <tu_fifo_read_n>
100084a8:	78b9      	ldrb	r1, [r7, #2]
100084aa:	1e04      	subs	r4, r0, #0
100084ac:	d008      	beq.n	100084c0 <tud_cdc_n_write_flush+0x64>
100084ae:	0003      	movs	r3, r0
100084b0:	002a      	movs	r2, r5
100084b2:	2000      	movs	r0, #0
100084b4:	f7ff fe14 	bl	100080e0 <usbd_edpt_xfer>
100084b8:	2800      	cmp	r0, #0
100084ba:	d0d5      	beq.n	10008468 <tud_cdc_n_write_flush+0xc>
100084bc:	0020      	movs	r0, r4
100084be:	e7d4      	b.n	1000846a <tud_cdc_n_write_flush+0xe>
100084c0:	2000      	movs	r0, #0
100084c2:	f7ff fdf9 	bl	100080b8 <usbd_edpt_release>
100084c6:	e7cf      	b.n	10008468 <tud_cdc_n_write_flush+0xc>
100084c8:	20001540 	.word	0x20001540
100084cc:	200014fc 	.word	0x200014fc

100084d0 <tud_cdc_n_write>:
100084d0:	b570      	push	{r4, r5, r6, lr}
100084d2:	24c8      	movs	r4, #200	@ 0xc8
100084d4:	4344      	muls	r4, r0
100084d6:	4b0c      	ldr	r3, [pc, #48]	@ (10008508 <tud_cdc_n_write+0x38>)
100084d8:	0005      	movs	r5, r0
100084da:	18e4      	adds	r4, r4, r3
100084dc:	2380      	movs	r3, #128	@ 0x80
100084de:	025b      	lsls	r3, r3, #9
100084e0:	429a      	cmp	r2, r3
100084e2:	d300      	bcc.n	100084e6 <tud_cdc_n_write+0x16>
100084e4:	4a09      	ldr	r2, [pc, #36]	@ (1000850c <tud_cdc_n_write+0x3c>)
100084e6:	0020      	movs	r0, r4
100084e8:	b292      	uxth	r2, r2
100084ea:	f000 fc17 	bl	10008d1c <tu_fifo_write_n>
100084ee:	0006      	movs	r6, r0
100084f0:	0020      	movs	r0, r4
100084f2:	f000 facb 	bl	10008a8c <tu_fifo_count>
100084f6:	283f      	cmp	r0, #63	@ 0x3f
100084f8:	d801      	bhi.n	100084fe <tud_cdc_n_write+0x2e>
100084fa:	0030      	movs	r0, r6
100084fc:	bd70      	pop	{r4, r5, r6, pc}
100084fe:	0028      	movs	r0, r5
10008500:	f7ff ffac 	bl	1000845c <tud_cdc_n_write_flush>
10008504:	e7f9      	b.n	100084fa <tud_cdc_n_write+0x2a>
10008506:	46c0      	nop			@ (mov r8, r8)
10008508:	20001564 	.word	0x20001564
1000850c:	0000ffff 	.word	0x0000ffff

10008510 <tud_cdc_n_write_available>:
10008510:	23c8      	movs	r3, #200	@ 0xc8
10008512:	b510      	push	{r4, lr}
10008514:	4343      	muls	r3, r0
10008516:	4802      	ldr	r0, [pc, #8]	@ (10008520 <tud_cdc_n_write_available+0x10>)
10008518:	1818      	adds	r0, r3, r0
1000851a:	f000 fad5 	bl	10008ac8 <tu_fifo_remaining>
1000851e:	bd10      	pop	{r4, pc}
10008520:	20001564 	.word	0x20001564

10008524 <cdcd_init>:
10008524:	b5f0      	push	{r4, r5, r6, r7, lr}
10008526:	2500      	movs	r5, #0
10008528:	4c18      	ldr	r4, [pc, #96]	@ (1000858c <cdcd_init+0x68>)
1000852a:	b083      	sub	sp, #12
1000852c:	22c8      	movs	r2, #200	@ 0xc8
1000852e:	2100      	movs	r1, #0
10008530:	0020      	movs	r0, r4
10008532:	f7fc fd77 	bl	10005024 <__wrap_memset>
10008536:	4b16      	ldr	r3, [pc, #88]	@ (10008590 <cdcd_init+0x6c>)
10008538:	0021      	movs	r1, r4
1000853a:	701d      	strb	r5, [r3, #0]
1000853c:	23ff      	movs	r3, #255	@ 0xff
1000853e:	7163      	strb	r3, [r4, #5]
10008540:	23e1      	movs	r3, #225	@ 0xe1
10008542:	025b      	lsls	r3, r3, #9
10008544:	60a3      	str	r3, [r4, #8]
10008546:	0020      	movs	r0, r4
10008548:	2308      	movs	r3, #8
1000854a:	2240      	movs	r2, #64	@ 0x40
1000854c:	73a3      	strb	r3, [r4, #14]
1000854e:	3138      	adds	r1, #56	@ 0x38
10008550:	9500      	str	r5, [sp, #0]
10008552:	3b07      	subs	r3, #7
10008554:	3010      	adds	r0, #16
10008556:	f000 fa63 	bl	10008a20 <tu_fifo_config>
1000855a:	0027      	movs	r7, r4
1000855c:	2301      	movs	r3, #1
1000855e:	0021      	movs	r1, r4
10008560:	0020      	movs	r0, r4
10008562:	0026      	movs	r6, r4
10008564:	2240      	movs	r2, #64	@ 0x40
10008566:	3178      	adds	r1, #120	@ 0x78
10008568:	9300      	str	r3, [sp, #0]
1000856a:	37b8      	adds	r7, #184	@ 0xb8
1000856c:	3024      	adds	r0, #36	@ 0x24
1000856e:	f000 fa57 	bl	10008a20 <tu_fifo_config>
10008572:	36c0      	adds	r6, #192	@ 0xc0
10008574:	0038      	movs	r0, r7
10008576:	f7fa fcf1 	bl	10002f5c <mutex_init>
1000857a:	0030      	movs	r0, r6
1000857c:	f7fa fcee 	bl	10002f5c <mutex_init>
10008580:	61e5      	str	r5, [r4, #28]
10008582:	6227      	str	r7, [r4, #32]
10008584:	6326      	str	r6, [r4, #48]	@ 0x30
10008586:	6365      	str	r5, [r4, #52]	@ 0x34
10008588:	b003      	add	sp, #12
1000858a:	bdf0      	pop	{r4, r5, r6, r7, pc}
1000858c:	20001540 	.word	0x20001540
10008590:	2000153c 	.word	0x2000153c

10008594 <cdcd_deinit>:
10008594:	4a0a      	ldr	r2, [pc, #40]	@ (100085c0 <cdcd_deinit+0x2c>)
10008596:	6b11      	ldr	r1, [r2, #48]	@ 0x30
10008598:	6a13      	ldr	r3, [r2, #32]
1000859a:	2900      	cmp	r1, #0
1000859c:	d00c      	beq.n	100085b8 <cdcd_deinit+0x24>
1000859e:	2b00      	cmp	r3, #0
100085a0:	d007      	beq.n	100085b2 <cdcd_deinit+0x1e>
100085a2:	2300      	movs	r3, #0
100085a4:	61d3      	str	r3, [r2, #28]
100085a6:	6353      	str	r3, [r2, #52]	@ 0x34
100085a8:	6313      	str	r3, [r2, #48]	@ 0x30
100085aa:	2300      	movs	r3, #0
100085ac:	6213      	str	r3, [r2, #32]
100085ae:	2001      	movs	r0, #1
100085b0:	4770      	bx	lr
100085b2:	6353      	str	r3, [r2, #52]	@ 0x34
100085b4:	6313      	str	r3, [r2, #48]	@ 0x30
100085b6:	e7fa      	b.n	100085ae <cdcd_deinit+0x1a>
100085b8:	2b00      	cmp	r3, #0
100085ba:	d0f8      	beq.n	100085ae <cdcd_deinit+0x1a>
100085bc:	61d1      	str	r1, [r2, #28]
100085be:	e7f4      	b.n	100085aa <cdcd_deinit+0x16>
100085c0:	20001540 	.word	0x20001540

100085c4 <cdcd_reset>:
100085c4:	b570      	push	{r4, r5, r6, lr}
100085c6:	4c0f      	ldr	r4, [pc, #60]	@ (10008604 <cdcd_reset+0x40>)
100085c8:	2205      	movs	r2, #5
100085ca:	2100      	movs	r1, #0
100085cc:	0020      	movs	r0, r4
100085ce:	f7fc fd29 	bl	10005024 <__wrap_memset>
100085d2:	4d0d      	ldr	r5, [pc, #52]	@ (10008608 <cdcd_reset+0x44>)
100085d4:	782b      	ldrb	r3, [r5, #0]
100085d6:	07da      	lsls	r2, r3, #31
100085d8:	d507      	bpl.n	100085ea <cdcd_reset+0x26>
100085da:	4c0c      	ldr	r4, [pc, #48]	@ (1000860c <cdcd_reset+0x48>)
100085dc:	079b      	lsls	r3, r3, #30
100085de:	d50c      	bpl.n	100085fa <cdcd_reset+0x36>
100085e0:	2101      	movs	r1, #1
100085e2:	0020      	movs	r0, r4
100085e4:	f000 fc76 	bl	10008ed4 <tu_fifo_set_overwritable>
100085e8:	bd70      	pop	{r4, r5, r6, pc}
100085ea:	0020      	movs	r0, r4
100085ec:	3010      	adds	r0, #16
100085ee:	f000 fc51 	bl	10008e94 <tu_fifo_clear>
100085f2:	782b      	ldrb	r3, [r5, #0]
100085f4:	4c05      	ldr	r4, [pc, #20]	@ (1000860c <cdcd_reset+0x48>)
100085f6:	079b      	lsls	r3, r3, #30
100085f8:	d4f2      	bmi.n	100085e0 <cdcd_reset+0x1c>
100085fa:	0020      	movs	r0, r4
100085fc:	f000 fc4a 	bl	10008e94 <tu_fifo_clear>
10008600:	e7ee      	b.n	100085e0 <cdcd_reset+0x1c>
10008602:	46c0      	nop			@ (mov r8, r8)
10008604:	20001540 	.word	0x20001540
10008608:	2000153c 	.word	0x2000153c
1000860c:	20001564 	.word	0x20001564

10008610 <cdcd_open>:
10008610:	b5f0      	push	{r4, r5, r6, r7, lr}
10008612:	794b      	ldrb	r3, [r1, #5]
10008614:	0006      	movs	r6, r0
10008616:	b083      	sub	sp, #12
10008618:	2b02      	cmp	r3, #2
1000861a:	d102      	bne.n	10008622 <cdcd_open+0x12>
1000861c:	798b      	ldrb	r3, [r1, #6]
1000861e:	2b02      	cmp	r3, #2
10008620:	d003      	beq.n	1000862a <cdcd_open+0x1a>
10008622:	2500      	movs	r5, #0
10008624:	0028      	movs	r0, r5
10008626:	b003      	add	sp, #12
10008628:	bdf0      	pop	{r4, r5, r6, r7, pc}
1000862a:	4f20      	ldr	r7, [pc, #128]	@ (100086ac <cdcd_open+0x9c>)
1000862c:	78bb      	ldrb	r3, [r7, #2]
1000862e:	2b00      	cmp	r3, #0
10008630:	d1f7      	bne.n	10008622 <cdcd_open+0x12>
10008632:	788b      	ldrb	r3, [r1, #2]
10008634:	2509      	movs	r5, #9
10008636:	703b      	strb	r3, [r7, #0]
10008638:	780c      	ldrb	r4, [r1, #0]
1000863a:	190c      	adds	r4, r1, r4
1000863c:	7863      	ldrb	r3, [r4, #1]
1000863e:	2b24      	cmp	r3, #36	@ 0x24
10008640:	d007      	beq.n	10008652 <cdcd_open+0x42>
10008642:	e00c      	b.n	1000865e <cdcd_open+0x4e>
10008644:	7823      	ldrb	r3, [r4, #0]
10008646:	18e4      	adds	r4, r4, r3
10008648:	195d      	adds	r5, r3, r5
1000864a:	7863      	ldrb	r3, [r4, #1]
1000864c:	b2ad      	uxth	r5, r5
1000864e:	2b24      	cmp	r3, #36	@ 0x24
10008650:	d105      	bne.n	1000865e <cdcd_open+0x4e>
10008652:	4295      	cmp	r5, r2
10008654:	d9f6      	bls.n	10008644 <cdcd_open+0x34>
10008656:	2000      	movs	r0, #0
10008658:	f7ff fe66 	bl	10008328 <_prep_out_transaction.isra.0>
1000865c:	e7e2      	b.n	10008624 <cdcd_open+0x14>
1000865e:	001a      	movs	r2, r3
10008660:	2b05      	cmp	r3, #5
10008662:	d015      	beq.n	10008690 <cdcd_open+0x80>
10008664:	2a04      	cmp	r2, #4
10008666:	d1f6      	bne.n	10008656 <cdcd_open+0x46>
10008668:	7963      	ldrb	r3, [r4, #5]
1000866a:	2b0a      	cmp	r3, #10
1000866c:	d1f3      	bne.n	10008656 <cdcd_open+0x46>
1000866e:	4b10      	ldr	r3, [pc, #64]	@ (100086b0 <cdcd_open+0xa0>)
10008670:	7827      	ldrb	r7, [r4, #0]
10008672:	9301      	str	r3, [sp, #4]
10008674:	3301      	adds	r3, #1
10008676:	9300      	str	r3, [sp, #0]
10008678:	0030      	movs	r0, r6
1000867a:	2302      	movs	r3, #2
1000867c:	19e1      	adds	r1, r4, r7
1000867e:	3a02      	subs	r2, #2
10008680:	f7ff fc9e 	bl	10007fc0 <usbd_open_edpt_pair>
10008684:	2800      	cmp	r0, #0
10008686:	d0cc      	beq.n	10008622 <cdcd_open+0x12>
10008688:	350e      	adds	r5, #14
1000868a:	19ed      	adds	r5, r5, r7
1000868c:	b2ad      	uxth	r5, r5
1000868e:	e7e2      	b.n	10008656 <cdcd_open+0x46>
10008690:	0021      	movs	r1, r4
10008692:	0030      	movs	r0, r6
10008694:	f7ff fce2 	bl	1000805c <usbd_edpt_open>
10008698:	2800      	cmp	r0, #0
1000869a:	d0c2      	beq.n	10008622 <cdcd_open+0x12>
1000869c:	78a3      	ldrb	r3, [r4, #2]
1000869e:	707b      	strb	r3, [r7, #1]
100086a0:	7823      	ldrb	r3, [r4, #0]
100086a2:	195d      	adds	r5, r3, r5
100086a4:	18e4      	adds	r4, r4, r3
100086a6:	7862      	ldrb	r2, [r4, #1]
100086a8:	b2ad      	uxth	r5, r5
100086aa:	e7db      	b.n	10008664 <cdcd_open+0x54>
100086ac:	20001540 	.word	0x20001540
100086b0:	20001542 	.word	0x20001542

100086b4 <cdcd_control_xfer_cb>:
100086b4:	b5f8      	push	{r3, r4, r5, r6, r7, lr}
100086b6:	2360      	movs	r3, #96	@ 0x60
100086b8:	0014      	movs	r4, r2
100086ba:	7812      	ldrb	r2, [r2, #0]
100086bc:	0005      	movs	r5, r0
100086be:	4013      	ands	r3, r2
100086c0:	2000      	movs	r0, #0
100086c2:	2b20      	cmp	r3, #32
100086c4:	d107      	bne.n	100086d6 <cdcd_control_xfer_cb+0x22>
100086c6:	4a30      	ldr	r2, [pc, #192]	@ (10008788 <cdcd_control_xfer_cb+0xd4>)
100086c8:	7963      	ldrb	r3, [r4, #5]
100086ca:	7927      	ldrb	r7, [r4, #4]
100086cc:	7816      	ldrb	r6, [r2, #0]
100086ce:	021b      	lsls	r3, r3, #8
100086d0:	433b      	orrs	r3, r7
100086d2:	429e      	cmp	r6, r3
100086d4:	d000      	beq.n	100086d8 <cdcd_control_xfer_cb+0x24>
100086d6:	bdf8      	pop	{r3, r4, r5, r6, r7, pc}
100086d8:	7863      	ldrb	r3, [r4, #1]
100086da:	2b22      	cmp	r3, #34	@ 0x22
100086dc:	d01a      	beq.n	10008714 <cdcd_control_xfer_cb+0x60>
100086de:	d807      	bhi.n	100086f0 <cdcd_control_xfer_cb+0x3c>
100086e0:	2b20      	cmp	r3, #32
100086e2:	d034      	beq.n	1000874e <cdcd_control_xfer_cb+0x9a>
100086e4:	2b21      	cmp	r3, #33	@ 0x21
100086e6:	d1f6      	bne.n	100086d6 <cdcd_control_xfer_cb+0x22>
100086e8:	2901      	cmp	r1, #1
100086ea:	d03e      	beq.n	1000876a <cdcd_control_xfer_cb+0xb6>
100086ec:	2001      	movs	r0, #1
100086ee:	e7f2      	b.n	100086d6 <cdcd_control_xfer_cb+0x22>
100086f0:	2b23      	cmp	r3, #35	@ 0x23
100086f2:	d1f0      	bne.n	100086d6 <cdcd_control_xfer_cb+0x22>
100086f4:	2901      	cmp	r1, #1
100086f6:	d040      	beq.n	1000877a <cdcd_control_xfer_cb+0xc6>
100086f8:	2903      	cmp	r1, #3
100086fa:	d1f7      	bne.n	100086ec <cdcd_control_xfer_cb+0x38>
100086fc:	4b23      	ldr	r3, [pc, #140]	@ (1000878c <cdcd_control_xfer_cb+0xd8>)
100086fe:	2b00      	cmp	r3, #0
10008700:	d0f4      	beq.n	100086ec <cdcd_control_xfer_cb+0x38>
10008702:	78e1      	ldrb	r1, [r4, #3]
10008704:	78a3      	ldrb	r3, [r4, #2]
10008706:	0209      	lsls	r1, r1, #8
10008708:	2000      	movs	r0, #0
1000870a:	4319      	orrs	r1, r3
1000870c:	e000      	b.n	10008710 <cdcd_control_xfer_cb+0x5c>
1000870e:	bf00      	nop
10008710:	2001      	movs	r0, #1
10008712:	e7e0      	b.n	100086d6 <cdcd_control_xfer_cb+0x22>
10008714:	2901      	cmp	r1, #1
10008716:	d030      	beq.n	1000877a <cdcd_control_xfer_cb+0xc6>
10008718:	2903      	cmp	r1, #3
1000871a:	d1e7      	bne.n	100086ec <cdcd_control_xfer_cb+0x38>
1000871c:	2501      	movs	r5, #1
1000871e:	002e      	movs	r6, r5
10008720:	78a3      	ldrb	r3, [r4, #2]
10008722:	78e4      	ldrb	r4, [r4, #3]
10008724:	3902      	subs	r1, #2
10008726:	0224      	lsls	r4, r4, #8
10008728:	431c      	orrs	r4, r3
1000872a:	7114      	strb	r4, [r2, #4]
1000872c:	4026      	ands	r6, r4
1000872e:	3224      	adds	r2, #36	@ 0x24
10008730:	0010      	movs	r0, r2
10008732:	4071      	eors	r1, r6
10008734:	f000 fbce 	bl	10008ed4 <tu_fifo_set_overwritable>
10008738:	4b15      	ldr	r3, [pc, #84]	@ (10008790 <cdcd_control_xfer_cb+0xdc>)
1000873a:	2b00      	cmp	r3, #0
1000873c:	d0d6      	beq.n	100086ec <cdcd_control_xfer_cb+0x38>
1000873e:	0862      	lsrs	r2, r4, #1
10008740:	2000      	movs	r0, #0
10008742:	0031      	movs	r1, r6
10008744:	402a      	ands	r2, r5
10008746:	e000      	b.n	1000874a <cdcd_control_xfer_cb+0x96>
10008748:	bf00      	nop
1000874a:	2001      	movs	r0, #1
1000874c:	e7c3      	b.n	100086d6 <cdcd_control_xfer_cb+0x22>
1000874e:	2901      	cmp	r1, #1
10008750:	d00b      	beq.n	1000876a <cdcd_control_xfer_cb+0xb6>
10008752:	2903      	cmp	r1, #3
10008754:	d1ca      	bne.n	100086ec <cdcd_control_xfer_cb+0x38>
10008756:	4b0f      	ldr	r3, [pc, #60]	@ (10008794 <cdcd_control_xfer_cb+0xe0>)
10008758:	2b00      	cmp	r3, #0
1000875a:	d0c7      	beq.n	100086ec <cdcd_control_xfer_cb+0x38>
1000875c:	3208      	adds	r2, #8
1000875e:	2000      	movs	r0, #0
10008760:	0011      	movs	r1, r2
10008762:	f7fe fe19 	bl	10007398 <tud_cdc_line_coding_cb>
10008766:	2001      	movs	r0, #1
10008768:	e7b5      	b.n	100086d6 <cdcd_control_xfer_cb+0x22>
1000876a:	2307      	movs	r3, #7
1000876c:	0021      	movs	r1, r4
1000876e:	0028      	movs	r0, r5
10008770:	4a09      	ldr	r2, [pc, #36]	@ (10008798 <cdcd_control_xfer_cb+0xe4>)
10008772:	f7ff fcf1 	bl	10008158 <tud_control_xfer>
10008776:	2001      	movs	r0, #1
10008778:	e7ad      	b.n	100086d6 <cdcd_control_xfer_cb+0x22>
1000877a:	0021      	movs	r1, r4
1000877c:	0028      	movs	r0, r5
1000877e:	f7ff fcd5 	bl	1000812c <tud_control_status>
10008782:	2001      	movs	r0, #1
10008784:	e7a7      	b.n	100086d6 <cdcd_control_xfer_cb+0x22>
10008786:	46c0      	nop			@ (mov r8, r8)
10008788:	20001540 	.word	0x20001540
	...
10008794:	10007399 	.word	0x10007399
10008798:	20001548 	.word	0x20001548

1000879c <cdcd_xfer_cb>:
1000879c:	b5f0      	push	{r4, r5, r6, r7, lr}
1000879e:	464f      	mov	r7, r9
100087a0:	4646      	mov	r6, r8
100087a2:	46d6      	mov	lr, sl
100087a4:	b5c0      	push	{r6, r7, lr}
100087a6:	4d36      	ldr	r5, [pc, #216]	@ (10008880 <cdcd_xfer_cb+0xe4>)
100087a8:	4680      	mov	r8, r0
100087aa:	78ea      	ldrb	r2, [r5, #3]
100087ac:	000c      	movs	r4, r1
100087ae:	001f      	movs	r7, r3
100087b0:	428a      	cmp	r2, r1
100087b2:	d03c      	beq.n	1000882e <cdcd_xfer_cb+0x92>
100087b4:	78ab      	ldrb	r3, [r5, #2]
100087b6:	428b      	cmp	r3, r1
100087b8:	d010      	beq.n	100087dc <cdcd_xfer_cb+0x40>
100087ba:	2000      	movs	r0, #0
100087bc:	bce0      	pop	{r5, r6, r7}
100087be:	46ba      	mov	sl, r7
100087c0:	46b1      	mov	r9, r6
100087c2:	46a8      	mov	r8, r5
100087c4:	bdf0      	pop	{r4, r5, r6, r7, pc}
100087c6:	4b2f      	ldr	r3, [pc, #188]	@ (10008884 <cdcd_xfer_cb+0xe8>)
100087c8:	2b00      	cmp	r3, #0
100087ca:	d004      	beq.n	100087d6 <cdcd_xfer_cb+0x3a>
100087cc:	482e      	ldr	r0, [pc, #184]	@ (10008888 <cdcd_xfer_cb+0xec>)
100087ce:	f000 f973 	bl	10008ab8 <tu_fifo_empty>
100087d2:	2800      	cmp	r0, #0
100087d4:	d051      	beq.n	1000887a <cdcd_xfer_cb+0xde>
100087d6:	2000      	movs	r0, #0
100087d8:	f7ff fda6 	bl	10008328 <_prep_out_transaction.isra.0>
100087dc:	78ab      	ldrb	r3, [r5, #2]
100087de:	42a3      	cmp	r3, r4
100087e0:	d001      	beq.n	100087e6 <cdcd_xfer_cb+0x4a>
100087e2:	2001      	movs	r0, #1
100087e4:	e7ea      	b.n	100087bc <cdcd_xfer_cb+0x20>
100087e6:	4b29      	ldr	r3, [pc, #164]	@ (1000888c <cdcd_xfer_cb+0xf0>)
100087e8:	2b00      	cmp	r3, #0
100087ea:	d002      	beq.n	100087f2 <cdcd_xfer_cb+0x56>
100087ec:	2000      	movs	r0, #0
100087ee:	e000      	b.n	100087f2 <cdcd_xfer_cb+0x56>
100087f0:	bf00      	nop
100087f2:	2000      	movs	r0, #0
100087f4:	f7ff fe32 	bl	1000845c <tud_cdc_n_write_flush>
100087f8:	2800      	cmp	r0, #0
100087fa:	d1f2      	bne.n	100087e2 <cdcd_xfer_cb+0x46>
100087fc:	4c24      	ldr	r4, [pc, #144]	@ (10008890 <cdcd_xfer_cb+0xf4>)
100087fe:	0020      	movs	r0, r4
10008800:	f000 f944 	bl	10008a8c <tu_fifo_count>
10008804:	2800      	cmp	r0, #0
10008806:	d1ec      	bne.n	100087e2 <cdcd_xfer_cb+0x46>
10008808:	2f00      	cmp	r7, #0
1000880a:	d0ea      	beq.n	100087e2 <cdcd_xfer_cb+0x46>
1000880c:	06bf      	lsls	r7, r7, #26
1000880e:	d1e8      	bne.n	100087e2 <cdcd_xfer_cb+0x46>
10008810:	3c24      	subs	r4, #36	@ 0x24
10008812:	4640      	mov	r0, r8
10008814:	78a1      	ldrb	r1, [r4, #2]
10008816:	f7ff fc3b 	bl	10008090 <usbd_edpt_claim>
1000881a:	2800      	cmp	r0, #0
1000881c:	d0e1      	beq.n	100087e2 <cdcd_xfer_cb+0x46>
1000881e:	2300      	movs	r3, #0
10008820:	2200      	movs	r2, #0
10008822:	4640      	mov	r0, r8
10008824:	78a1      	ldrb	r1, [r4, #2]
10008826:	f7ff fc5b 	bl	100080e0 <usbd_edpt_xfer>
1000882a:	2001      	movs	r0, #1
1000882c:	e7c6      	b.n	100087bc <cdcd_xfer_cb+0x20>
1000882e:	b29a      	uxth	r2, r3
10008830:	2310      	movs	r3, #16
10008832:	469a      	mov	sl, r3
10008834:	4e17      	ldr	r6, [pc, #92]	@ (10008894 <cdcd_xfer_cb+0xf8>)
10008836:	44aa      	add	sl, r5
10008838:	0031      	movs	r1, r6
1000883a:	4650      	mov	r0, sl
1000883c:	f000 fa6e 	bl	10008d1c <tu_fifo_write_n>
10008840:	4b15      	ldr	r3, [pc, #84]	@ (10008898 <cdcd_xfer_cb+0xfc>)
10008842:	2b00      	cmp	r3, #0
10008844:	d0bf      	beq.n	100087c6 <cdcd_xfer_cb+0x2a>
10008846:	796b      	ldrb	r3, [r5, #5]
10008848:	2bff      	cmp	r3, #255	@ 0xff
1000884a:	d0bc      	beq.n	100087c6 <cdcd_xfer_cb+0x2a>
1000884c:	2f00      	cmp	r7, #0
1000884e:	d0ba      	beq.n	100087c6 <cdcd_xfer_cb+0x2a>
10008850:	19f2      	adds	r2, r6, r7
10008852:	4691      	mov	r9, r2
10008854:	e003      	b.n	1000885e <cdcd_xfer_cb+0xc2>
10008856:	3601      	adds	r6, #1
10008858:	454e      	cmp	r6, r9
1000885a:	d0b4      	beq.n	100087c6 <cdcd_xfer_cb+0x2a>
1000885c:	796b      	ldrb	r3, [r5, #5]
1000885e:	7832      	ldrb	r2, [r6, #0]
10008860:	429a      	cmp	r2, r3
10008862:	d1f8      	bne.n	10008856 <cdcd_xfer_cb+0xba>
10008864:	4650      	mov	r0, sl
10008866:	f000 f927 	bl	10008ab8 <tu_fifo_empty>
1000886a:	2800      	cmp	r0, #0
1000886c:	d1f3      	bne.n	10008856 <cdcd_xfer_cb+0xba>
1000886e:	4653      	mov	r3, sl
10008870:	3b10      	subs	r3, #16
10008872:	7959      	ldrb	r1, [r3, #5]
10008874:	e000      	b.n	10008878 <cdcd_xfer_cb+0xdc>
10008876:	bf00      	nop
10008878:	e7ed      	b.n	10008856 <cdcd_xfer_cb+0xba>
1000887a:	e000      	b.n	1000887e <cdcd_xfer_cb+0xe2>
1000887c:	bf00      	nop
1000887e:	e7aa      	b.n	100087d6 <cdcd_xfer_cb+0x3a>
10008880:	20001540 	.word	0x20001540
10008884:	00000000 	.word	0x00000000
10008888:	20001550 	.word	0x20001550
1000888c:	00000000 	.word	0x00000000
10008890:	20001564 	.word	0x20001564
10008894:	200014bc 	.word	0x200014bc
10008898:	00000000 	.word	0x00000000

1000889c <tusb_rhport_init>:
1000889c:	b500      	push	{lr}
1000889e:	0003      	movs	r3, r0
100088a0:	b083      	sub	sp, #12
100088a2:	2900      	cmp	r1, #0
100088a4:	d010      	beq.n	100088c8 <tusb_rhport_init+0x2c>
100088a6:	2000      	movs	r0, #0
100088a8:	2b01      	cmp	r3, #1
100088aa:	d807      	bhi.n	100088bc <tusb_rhport_init+0x20>
100088ac:	780a      	ldrb	r2, [r1, #0]
100088ae:	2a00      	cmp	r2, #0
100088b0:	d004      	beq.n	100088bc <tusb_rhport_init+0x20>
100088b2:	480c      	ldr	r0, [pc, #48]	@ (100088e4 <tusb_rhport_init+0x48>)
100088b4:	54c2      	strb	r2, [r0, r3]
100088b6:	2001      	movs	r0, #1
100088b8:	2a01      	cmp	r2, #1
100088ba:	d001      	beq.n	100088c0 <tusb_rhport_init+0x24>
100088bc:	b003      	add	sp, #12
100088be:	bd00      	pop	{pc}
100088c0:	0018      	movs	r0, r3
100088c2:	f7fe ff1b 	bl	100076fc <tud_rhport_init>
100088c6:	e7f9      	b.n	100088bc <tusb_rhport_init+0x20>
100088c8:	2301      	movs	r3, #1
100088ca:	466a      	mov	r2, sp
100088cc:	2000      	movs	r0, #0
100088ce:	a901      	add	r1, sp, #4
100088d0:	8093      	strh	r3, [r2, #4]
100088d2:	f7fe ff13 	bl	100076fc <tud_rhport_init>
100088d6:	2800      	cmp	r0, #0
100088d8:	d0f0      	beq.n	100088bc <tusb_rhport_init+0x20>
100088da:	2201      	movs	r2, #1
100088dc:	4b01      	ldr	r3, [pc, #4]	@ (100088e4 <tusb_rhport_init+0x48>)
100088de:	701a      	strb	r2, [r3, #0]
100088e0:	e7ec      	b.n	100088bc <tusb_rhport_init+0x20>
100088e2:	46c0      	nop			@ (mov r8, r8)
100088e4:	2000165c 	.word	0x2000165c

100088e8 <tu_edpt_claim>:
100088e8:	7803      	ldrb	r3, [r0, #0]
100088ea:	b570      	push	{r4, r5, r6, lr}
100088ec:	07db      	lsls	r3, r3, #31
100088ee:	0004      	movs	r4, r0
100088f0:	000e      	movs	r6, r1
100088f2:	0fdd      	lsrs	r5, r3, #31
100088f4:	2b00      	cmp	r3, #0
100088f6:	d117      	bne.n	10008928 <tu_edpt_claim+0x40>
100088f8:	7803      	ldrb	r3, [r0, #0]
100088fa:	075b      	lsls	r3, r3, #29
100088fc:	d501      	bpl.n	10008902 <tu_edpt_claim+0x1a>
100088fe:	0028      	movs	r0, r5
10008900:	bd70      	pop	{r4, r5, r6, pc}
10008902:	2101      	movs	r1, #1
10008904:	0030      	movs	r0, r6
10008906:	4249      	negs	r1, r1
10008908:	f000 fc46 	bl	10009198 <__mutex_enter_timeout_ms_veneer>
1000890c:	7823      	ldrb	r3, [r4, #0]
1000890e:	07db      	lsls	r3, r3, #31
10008910:	0fdd      	lsrs	r5, r3, #31
10008912:	2b00      	cmp	r3, #0
10008914:	d10a      	bne.n	1000892c <tu_edpt_claim+0x44>
10008916:	7823      	ldrb	r3, [r4, #0]
10008918:	075b      	lsls	r3, r3, #29
1000891a:	d408      	bmi.n	1000892e <tu_edpt_claim+0x46>
1000891c:	2204      	movs	r2, #4
1000891e:	7823      	ldrb	r3, [r4, #0]
10008920:	2501      	movs	r5, #1
10008922:	4313      	orrs	r3, r2
10008924:	7023      	strb	r3, [r4, #0]
10008926:	e002      	b.n	1000892e <tu_edpt_claim+0x46>
10008928:	2500      	movs	r5, #0
1000892a:	e7e8      	b.n	100088fe <tu_edpt_claim+0x16>
1000892c:	2500      	movs	r5, #0
1000892e:	0030      	movs	r0, r6
10008930:	f000 fc0a 	bl	10009148 <__mutex_exit_veneer>
10008934:	e7e3      	b.n	100088fe <tu_edpt_claim+0x16>
10008936:	46c0      	nop			@ (mov r8, r8)

10008938 <tu_edpt_release>:
10008938:	b570      	push	{r4, r5, r6, lr}
1000893a:	000c      	movs	r4, r1
1000893c:	2101      	movs	r1, #1
1000893e:	0006      	movs	r6, r0
10008940:	4249      	negs	r1, r1
10008942:	0020      	movs	r0, r4
10008944:	f000 fc28 	bl	10009198 <__mutex_enter_timeout_ms_veneer>
10008948:	7833      	ldrb	r3, [r6, #0]
1000894a:	075b      	lsls	r3, r3, #29
1000894c:	0fdd      	lsrs	r5, r3, #31
1000894e:	2b00      	cmp	r3, #0
10008950:	db04      	blt.n	1000895c <tu_edpt_release+0x24>
10008952:	0020      	movs	r0, r4
10008954:	f000 fbf8 	bl	10009148 <__mutex_exit_veneer>
10008958:	0028      	movs	r0, r5
1000895a:	bd70      	pop	{r4, r5, r6, pc}
1000895c:	7833      	ldrb	r3, [r6, #0]
1000895e:	07db      	lsls	r3, r3, #31
10008960:	d404      	bmi.n	1000896c <tu_edpt_release+0x34>
10008962:	2204      	movs	r2, #4
10008964:	7833      	ldrb	r3, [r6, #0]
10008966:	4393      	bics	r3, r2
10008968:	7033      	strb	r3, [r6, #0]
1000896a:	e7f2      	b.n	10008952 <tu_edpt_release+0x1a>
1000896c:	2500      	movs	r5, #0
1000896e:	e7f0      	b.n	10008952 <tu_edpt_release+0x1a>

10008970 <tu_edpt_validate>:
10008970:	7943      	ldrb	r3, [r0, #5]
10008972:	7902      	ldrb	r2, [r0, #4]
10008974:	021b      	lsls	r3, r3, #8
10008976:	4313      	orrs	r3, r2
10008978:	78c2      	ldrb	r2, [r0, #3]
1000897a:	055b      	lsls	r3, r3, #21
1000897c:	0792      	lsls	r2, r2, #30
1000897e:	0d5b      	lsrs	r3, r3, #21
10008980:	0f92      	lsrs	r2, r2, #30
10008982:	2a02      	cmp	r2, #2
10008984:	d01d      	beq.n	100089c2 <tu_edpt_validate+0x52>
10008986:	2a03      	cmp	r2, #3
10008988:	d00c      	beq.n	100089a4 <tu_edpt_validate+0x34>
1000898a:	2000      	movs	r0, #0
1000898c:	2a01      	cmp	r2, #1
1000898e:	d108      	bne.n	100089a2 <tu_edpt_validate+0x32>
10008990:	3902      	subs	r1, #2
10008992:	424a      	negs	r2, r1
10008994:	4151      	adcs	r1, r2
10008996:	4a12      	ldr	r2, [pc, #72]	@ (100089e0 <tu_edpt_validate+0x70>)
10008998:	4694      	mov	ip, r2
1000899a:	4461      	add	r1, ip
1000899c:	4299      	cmp	r1, r3
1000899e:	4140      	adcs	r0, r0
100089a0:	b2c0      	uxtb	r0, r0
100089a2:	4770      	bx	lr
100089a4:	3902      	subs	r1, #2
100089a6:	1e4a      	subs	r2, r1, #1
100089a8:	4191      	sbcs	r1, r2
100089aa:	4a0e      	ldr	r2, [pc, #56]	@ (100089e4 <tu_edpt_validate+0x74>)
100089ac:	4249      	negs	r1, r1
100089ae:	4011      	ands	r1, r2
100089b0:	2280      	movs	r2, #128	@ 0x80
100089b2:	00d2      	lsls	r2, r2, #3
100089b4:	4694      	mov	ip, r2
100089b6:	2000      	movs	r0, #0
100089b8:	4461      	add	r1, ip
100089ba:	4299      	cmp	r1, r3
100089bc:	4140      	adcs	r0, r0
100089be:	b2c0      	uxtb	r0, r0
100089c0:	e7ef      	b.n	100089a2 <tu_edpt_validate+0x32>
100089c2:	2902      	cmp	r1, #2
100089c4:	d005      	beq.n	100089d2 <tu_edpt_validate+0x62>
100089c6:	2000      	movs	r0, #0
100089c8:	2240      	movs	r2, #64	@ 0x40
100089ca:	429a      	cmp	r2, r3
100089cc:	4140      	adcs	r0, r0
100089ce:	b2c0      	uxtb	r0, r0
100089d0:	e7e7      	b.n	100089a2 <tu_edpt_validate+0x32>
100089d2:	4a05      	ldr	r2, [pc, #20]	@ (100089e8 <tu_edpt_validate+0x78>)
100089d4:	1898      	adds	r0, r3, r2
100089d6:	4243      	negs	r3, r0
100089d8:	4158      	adcs	r0, r3
100089da:	b2c0      	uxtb	r0, r0
100089dc:	e7e1      	b.n	100089a2 <tu_edpt_validate+0x32>
100089de:	46c0      	nop			@ (mov r8, r8)
100089e0:	000003ff 	.word	0x000003ff
100089e4:	fffffc40 	.word	0xfffffc40
100089e8:	fffffe00 	.word	0xfffffe00

100089ec <tu_edpt_bind_driver>:
100089ec:	188a      	adds	r2, r1, r2
100089ee:	b570      	push	{r4, r5, r6, lr}
100089f0:	4291      	cmp	r1, r2
100089f2:	d207      	bcs.n	10008a04 <tu_edpt_bind_driver+0x18>
100089f4:	267f      	movs	r6, #127	@ 0x7f
100089f6:	784c      	ldrb	r4, [r1, #1]
100089f8:	2c05      	cmp	r4, #5
100089fa:	d004      	beq.n	10008a06 <tu_edpt_bind_driver+0x1a>
100089fc:	780c      	ldrb	r4, [r1, #0]
100089fe:	1909      	adds	r1, r1, r4
10008a00:	428a      	cmp	r2, r1
10008a02:	d8f8      	bhi.n	100089f6 <tu_edpt_bind_driver+0xa>
10008a04:	bd70      	pop	{r4, r5, r6, pc}
10008a06:	0034      	movs	r4, r6
10008a08:	788d      	ldrb	r5, [r1, #2]
10008a0a:	402c      	ands	r4, r5
10008a0c:	0064      	lsls	r4, r4, #1
10008a0e:	1904      	adds	r4, r0, r4
10008a10:	09ed      	lsrs	r5, r5, #7
10008a12:	5563      	strb	r3, [r4, r5]
10008a14:	780c      	ldrb	r4, [r1, #0]
10008a16:	1909      	adds	r1, r1, r4
10008a18:	428a      	cmp	r2, r1
10008a1a:	d8ec      	bhi.n	100089f6 <tu_edpt_bind_driver+0xa>
10008a1c:	e7f2      	b.n	10008a04 <tu_edpt_bind_driver+0x18>
10008a1e:	46c0      	nop			@ (mov r8, r8)

10008a20 <tu_fifo_config>:
10008a20:	b5f0      	push	{r4, r5, r6, r7, lr}
10008a22:	46c6      	mov	lr, r8
10008a24:	b500      	push	{lr}
10008a26:	0004      	movs	r4, r0
10008a28:	4668      	mov	r0, sp
10008a2a:	7e05      	ldrb	r5, [r0, #24]
10008a2c:	2080      	movs	r0, #128	@ 0x80
10008a2e:	4688      	mov	r8, r1
10008a30:	0017      	movs	r7, r2
10008a32:	001e      	movs	r6, r3
10008a34:	0200      	lsls	r0, r0, #8
10008a36:	4282      	cmp	r2, r0
10008a38:	d826      	bhi.n	10008a88 <tu_fifo_config+0x68>
10008a3a:	68e0      	ldr	r0, [r4, #12]
10008a3c:	2800      	cmp	r0, #0
10008a3e:	d003      	beq.n	10008a48 <tu_fifo_config+0x28>
10008a40:	2101      	movs	r1, #1
10008a42:	4249      	negs	r1, r1
10008a44:	f000 fba8 	bl	10009198 <__mutex_enter_timeout_ms_veneer>
10008a48:	6920      	ldr	r0, [r4, #16]
10008a4a:	2800      	cmp	r0, #0
10008a4c:	d003      	beq.n	10008a56 <tu_fifo_config+0x36>
10008a4e:	2101      	movs	r1, #1
10008a50:	4249      	negs	r1, r1
10008a52:	f000 fba1 	bl	10009198 <__mutex_enter_timeout_ms_veneer>
10008a56:	4643      	mov	r3, r8
10008a58:	6023      	str	r3, [r4, #0]
10008a5a:	0473      	lsls	r3, r6, #17
10008a5c:	0c5b      	lsrs	r3, r3, #17
10008a5e:	03ed      	lsls	r5, r5, #15
10008a60:	431d      	orrs	r5, r3
10008a62:	2300      	movs	r3, #0
10008a64:	68e0      	ldr	r0, [r4, #12]
10008a66:	8163      	strh	r3, [r4, #10]
10008a68:	80a7      	strh	r7, [r4, #4]
10008a6a:	80e5      	strh	r5, [r4, #6]
10008a6c:	8123      	strh	r3, [r4, #8]
10008a6e:	2800      	cmp	r0, #0
10008a70:	d001      	beq.n	10008a76 <tu_fifo_config+0x56>
10008a72:	f000 fb69 	bl	10009148 <__mutex_exit_veneer>
10008a76:	6920      	ldr	r0, [r4, #16]
10008a78:	2800      	cmp	r0, #0
10008a7a:	d001      	beq.n	10008a80 <tu_fifo_config+0x60>
10008a7c:	f000 fb64 	bl	10009148 <__mutex_exit_veneer>
10008a80:	2001      	movs	r0, #1
10008a82:	bc80      	pop	{r7}
10008a84:	46b8      	mov	r8, r7
10008a86:	bdf0      	pop	{r4, r5, r6, r7, pc}
10008a88:	2000      	movs	r0, #0
10008a8a:	e7fa      	b.n	10008a82 <tu_fifo_config+0x62>

10008a8c <tu_fifo_count>:
10008a8c:	b510      	push	{r4, lr}
10008a8e:	8904      	ldrh	r4, [r0, #8]
10008a90:	8941      	ldrh	r1, [r0, #10]
10008a92:	8882      	ldrh	r2, [r0, #4]
10008a94:	b2a3      	uxth	r3, r4
10008a96:	b288      	uxth	r0, r1
10008a98:	428c      	cmp	r4, r1
10008a9a:	d307      	bcc.n	10008aac <tu_fifo_count+0x20>
10008a9c:	1a1b      	subs	r3, r3, r0
10008a9e:	b29b      	uxth	r3, r3
10008aa0:	1c10      	adds	r0, r2, #0
10008aa2:	429a      	cmp	r2, r3
10008aa4:	d900      	bls.n	10008aa8 <tu_fifo_count+0x1c>
10008aa6:	1c18      	adds	r0, r3, #0
10008aa8:	b280      	uxth	r0, r0
10008aaa:	bd10      	pop	{r4, pc}
10008aac:	0051      	lsls	r1, r2, #1
10008aae:	1a09      	subs	r1, r1, r0
10008ab0:	185b      	adds	r3, r3, r1
10008ab2:	b29b      	uxth	r3, r3
10008ab4:	e7f4      	b.n	10008aa0 <tu_fifo_count+0x14>
10008ab6:	46c0      	nop			@ (mov r8, r8)

10008ab8 <tu_fifo_empty>:
10008ab8:	8903      	ldrh	r3, [r0, #8]
10008aba:	8940      	ldrh	r0, [r0, #10]
10008abc:	1a18      	subs	r0, r3, r0
10008abe:	4243      	negs	r3, r0
10008ac0:	4158      	adcs	r0, r3
10008ac2:	b2c0      	uxtb	r0, r0
10008ac4:	4770      	bx	lr
10008ac6:	46c0      	nop			@ (mov r8, r8)

10008ac8 <tu_fifo_remaining>:
10008ac8:	b510      	push	{r4, lr}
10008aca:	8904      	ldrh	r4, [r0, #8]
10008acc:	8941      	ldrh	r1, [r0, #10]
10008ace:	8882      	ldrh	r2, [r0, #4]
10008ad0:	b2a3      	uxth	r3, r4
10008ad2:	b288      	uxth	r0, r1
10008ad4:	428c      	cmp	r4, r1
10008ad6:	d307      	bcc.n	10008ae8 <tu_fifo_remaining+0x20>
10008ad8:	1a1b      	subs	r3, r3, r0
10008ada:	b29b      	uxth	r3, r3
10008adc:	2000      	movs	r0, #0
10008ade:	429a      	cmp	r2, r3
10008ae0:	d901      	bls.n	10008ae6 <tu_fifo_remaining+0x1e>
10008ae2:	1ad2      	subs	r2, r2, r3
10008ae4:	b290      	uxth	r0, r2
10008ae6:	bd10      	pop	{r4, pc}
10008ae8:	0051      	lsls	r1, r2, #1
10008aea:	1a09      	subs	r1, r1, r0
10008aec:	185b      	adds	r3, r3, r1
10008aee:	b29b      	uxth	r3, r3
10008af0:	e7f4      	b.n	10008adc <tu_fifo_remaining+0x14>
10008af2:	46c0      	nop			@ (mov r8, r8)

10008af4 <tu_fifo_read>:
10008af4:	b570      	push	{r4, r5, r6, lr}
10008af6:	0004      	movs	r4, r0
10008af8:	6900      	ldr	r0, [r0, #16]
10008afa:	000e      	movs	r6, r1
10008afc:	2800      	cmp	r0, #0
10008afe:	d003      	beq.n	10008b08 <tu_fifo_read+0x14>
10008b00:	2101      	movs	r1, #1
10008b02:	4249      	negs	r1, r1
10008b04:	f000 fb48 	bl	10009198 <__mutex_enter_timeout_ms_veneer>
10008b08:	8925      	ldrh	r5, [r4, #8]
10008b0a:	8960      	ldrh	r0, [r4, #10]
10008b0c:	88a2      	ldrh	r2, [r4, #4]
10008b0e:	b2a9      	uxth	r1, r5
10008b10:	b283      	uxth	r3, r0
10008b12:	4285      	cmp	r5, r0
10008b14:	d332      	bcc.n	10008b7c <tu_fifo_read+0x88>
10008b16:	1acd      	subs	r5, r1, r3
10008b18:	b2ad      	uxth	r5, r5
10008b1a:	2d00      	cmp	r5, #0
10008b1c:	d028      	beq.n	10008b70 <tu_fifo_read+0x7c>
10008b1e:	42aa      	cmp	r2, r5
10008b20:	d208      	bcs.n	10008b34 <tu_fifo_read+0x40>
10008b22:	4291      	cmp	r1, r2
10008b24:	d32f      	bcc.n	10008b86 <tu_fifo_read+0x92>
10008b26:	1a89      	subs	r1, r1, r2
10008b28:	b28b      	uxth	r3, r1
10008b2a:	8163      	strh	r3, [r4, #10]
10008b2c:	429a      	cmp	r2, r3
10008b2e:	d803      	bhi.n	10008b38 <tu_fifo_read+0x44>
10008b30:	1a9b      	subs	r3, r3, r2
10008b32:	b29b      	uxth	r3, r3
10008b34:	429a      	cmp	r2, r3
10008b36:	d9fb      	bls.n	10008b30 <tu_fifo_read+0x3c>
10008b38:	88e2      	ldrh	r2, [r4, #6]
10008b3a:	6821      	ldr	r1, [r4, #0]
10008b3c:	0452      	lsls	r2, r2, #17
10008b3e:	0c52      	lsrs	r2, r2, #17
10008b40:	4353      	muls	r3, r2
10008b42:	0030      	movs	r0, r6
10008b44:	18c9      	adds	r1, r1, r3
10008b46:	f7fc fa73 	bl	10005030 <__wrap___aeabi_memcpy>
10008b4a:	8963      	ldrh	r3, [r4, #10]
10008b4c:	2501      	movs	r5, #1
10008b4e:	1c59      	adds	r1, r3, #1
10008b50:	b289      	uxth	r1, r1
10008b52:	88a2      	ldrh	r2, [r4, #4]
10008b54:	428b      	cmp	r3, r1
10008b56:	d90d      	bls.n	10008b74 <tu_fifo_read+0x80>
10008b58:	2100      	movs	r1, #0
10008b5a:	0052      	lsls	r2, r2, #1
10008b5c:	1a89      	subs	r1, r1, r2
10008b5e:	b289      	uxth	r1, r1
10008b60:	6920      	ldr	r0, [r4, #16]
10008b62:	8161      	strh	r1, [r4, #10]
10008b64:	2800      	cmp	r0, #0
10008b66:	d001      	beq.n	10008b6c <tu_fifo_read+0x78>
10008b68:	f000 faee 	bl	10009148 <__mutex_exit_veneer>
10008b6c:	0028      	movs	r0, r5
10008b6e:	bd70      	pop	{r4, r5, r6, pc}
10008b70:	8961      	ldrh	r1, [r4, #10]
10008b72:	b289      	uxth	r1, r1
10008b74:	0052      	lsls	r2, r2, #1
10008b76:	4291      	cmp	r1, r2
10008b78:	dbf2      	blt.n	10008b60 <tu_fifo_read+0x6c>
10008b7a:	e7ef      	b.n	10008b5c <tu_fifo_read+0x68>
10008b7c:	0055      	lsls	r5, r2, #1
10008b7e:	1aed      	subs	r5, r5, r3
10008b80:	194d      	adds	r5, r1, r5
10008b82:	b2ad      	uxth	r5, r5
10008b84:	e7c9      	b.n	10008b1a <tu_fifo_read+0x26>
10008b86:	1889      	adds	r1, r1, r2
10008b88:	b28b      	uxth	r3, r1
10008b8a:	8163      	strh	r3, [r4, #10]
10008b8c:	e7ce      	b.n	10008b2c <tu_fifo_read+0x38>
10008b8e:	46c0      	nop			@ (mov r8, r8)

10008b90 <tu_fifo_read_n>:
10008b90:	b5f0      	push	{r4, r5, r6, r7, lr}
10008b92:	4646      	mov	r6, r8
10008b94:	464f      	mov	r7, r9
10008b96:	46d6      	mov	lr, sl
10008b98:	b5c0      	push	{r6, r7, lr}
10008b9a:	0006      	movs	r6, r0
10008b9c:	6900      	ldr	r0, [r0, #16]
10008b9e:	4689      	mov	r9, r1
10008ba0:	4690      	mov	r8, r2
10008ba2:	2800      	cmp	r0, #0
10008ba4:	d003      	beq.n	10008bae <tu_fifo_read_n+0x1e>
10008ba6:	2101      	movs	r1, #1
10008ba8:	4249      	negs	r1, r1
10008baa:	f000 faf5 	bl	10009198 <__mutex_enter_timeout_ms_veneer>
10008bae:	8931      	ldrh	r1, [r6, #8]
10008bb0:	8972      	ldrh	r2, [r6, #10]
10008bb2:	88b5      	ldrh	r5, [r6, #4]
10008bb4:	b28b      	uxth	r3, r1
10008bb6:	b294      	uxth	r4, r2
10008bb8:	4291      	cmp	r1, r2
10008bba:	d354      	bcc.n	10008c66 <tu_fifo_read_n+0xd6>
10008bbc:	1b1f      	subs	r7, r3, r4
10008bbe:	b2bf      	uxth	r7, r7
10008bc0:	2f00      	cmp	r7, #0
10008bc2:	d04a      	beq.n	10008c5a <tu_fifo_read_n+0xca>
10008bc4:	42bd      	cmp	r5, r7
10008bc6:	d205      	bcs.n	10008bd4 <tu_fifo_read_n+0x44>
10008bc8:	42ab      	cmp	r3, r5
10008bca:	d251      	bcs.n	10008c70 <tu_fifo_read_n+0xe0>
10008bcc:	195b      	adds	r3, r3, r5
10008bce:	b29c      	uxth	r4, r3
10008bd0:	002f      	movs	r7, r5
10008bd2:	8174      	strh	r4, [r6, #10]
10008bd4:	4643      	mov	r3, r8
10008bd6:	45b8      	cmp	r8, r7
10008bd8:	d83d      	bhi.n	10008c56 <tu_fifo_read_n+0xc6>
10008bda:	b29f      	uxth	r7, r3
10008bdc:	42a5      	cmp	r5, r4
10008bde:	d803      	bhi.n	10008be8 <tu_fifo_read_n+0x58>
10008be0:	1b64      	subs	r4, r4, r5
10008be2:	b2a4      	uxth	r4, r4
10008be4:	42a5      	cmp	r5, r4
10008be6:	d9fb      	bls.n	10008be0 <tu_fifo_read_n+0x50>
10008be8:	88f2      	ldrh	r2, [r6, #6]
10008bea:	6831      	ldr	r1, [r6, #0]
10008bec:	0452      	lsls	r2, r2, #17
10008bee:	0c52      	lsrs	r2, r2, #17
10008bf0:	4690      	mov	r8, r2
10008bf2:	4362      	muls	r2, r4
10008bf4:	1b2b      	subs	r3, r5, r4
10008bf6:	b29b      	uxth	r3, r3
10008bf8:	1889      	adds	r1, r1, r2
10008bfa:	4642      	mov	r2, r8
10008bfc:	429f      	cmp	r7, r3
10008bfe:	d925      	bls.n	10008c4c <tu_fifo_read_n+0xbc>
10008c00:	4353      	muls	r3, r2
10008c02:	b29b      	uxth	r3, r3
10008c04:	001a      	movs	r2, r3
10008c06:	4648      	mov	r0, r9
10008c08:	469a      	mov	sl, r3
10008c0a:	f7fc fa11 	bl	10005030 <__wrap___aeabi_memcpy>
10008c0e:	4643      	mov	r3, r8
10008c10:	4648      	mov	r0, r9
10008c12:	1b7d      	subs	r5, r7, r5
10008c14:	1964      	adds	r4, r4, r5
10008c16:	435c      	muls	r4, r3
10008c18:	6831      	ldr	r1, [r6, #0]
10008c1a:	4450      	add	r0, sl
10008c1c:	b2a2      	uxth	r2, r4
10008c1e:	f7fc fa07 	bl	10005030 <__wrap___aeabi_memcpy>
10008c22:	8971      	ldrh	r1, [r6, #10]
10008c24:	88b5      	ldrh	r5, [r6, #4]
10008c26:	19cb      	adds	r3, r1, r7
10008c28:	b29b      	uxth	r3, r3
10008c2a:	006a      	lsls	r2, r5, #1
10008c2c:	4299      	cmp	r1, r3
10008c2e:	d916      	bls.n	10008c5e <tu_fifo_read_n+0xce>
10008c30:	1a9b      	subs	r3, r3, r2
10008c32:	b29b      	uxth	r3, r3
10008c34:	6930      	ldr	r0, [r6, #16]
10008c36:	8173      	strh	r3, [r6, #10]
10008c38:	2800      	cmp	r0, #0
10008c3a:	d001      	beq.n	10008c40 <tu_fifo_read_n+0xb0>
10008c3c:	f000 fa84 	bl	10009148 <__mutex_exit_veneer>
10008c40:	0038      	movs	r0, r7
10008c42:	bce0      	pop	{r5, r6, r7}
10008c44:	46ba      	mov	sl, r7
10008c46:	46b1      	mov	r9, r6
10008c48:	46a8      	mov	r8, r5
10008c4a:	bdf0      	pop	{r4, r5, r6, r7, pc}
10008c4c:	4648      	mov	r0, r9
10008c4e:	437a      	muls	r2, r7
10008c50:	f7fc f9ee 	bl	10005030 <__wrap___aeabi_memcpy>
10008c54:	e7e5      	b.n	10008c22 <tu_fifo_read_n+0x92>
10008c56:	1c3b      	adds	r3, r7, #0
10008c58:	e7bf      	b.n	10008bda <tu_fifo_read_n+0x4a>
10008c5a:	8973      	ldrh	r3, [r6, #10]
10008c5c:	b29b      	uxth	r3, r3
10008c5e:	006a      	lsls	r2, r5, #1
10008c60:	4293      	cmp	r3, r2
10008c62:	dbe7      	blt.n	10008c34 <tu_fifo_read_n+0xa4>
10008c64:	e7e4      	b.n	10008c30 <tu_fifo_read_n+0xa0>
10008c66:	006f      	lsls	r7, r5, #1
10008c68:	1b3f      	subs	r7, r7, r4
10008c6a:	19df      	adds	r7, r3, r7
10008c6c:	b2bf      	uxth	r7, r7
10008c6e:	e7a7      	b.n	10008bc0 <tu_fifo_read_n+0x30>
10008c70:	1b5b      	subs	r3, r3, r5
10008c72:	b29c      	uxth	r4, r3
10008c74:	e7ac      	b.n	10008bd0 <tu_fifo_read_n+0x40>
10008c76:	46c0      	nop			@ (mov r8, r8)

10008c78 <tu_fifo_write>:
10008c78:	b5f8      	push	{r3, r4, r5, r6, r7, lr}
10008c7a:	0004      	movs	r4, r0
10008c7c:	68c0      	ldr	r0, [r0, #12]
10008c7e:	000e      	movs	r6, r1
10008c80:	2800      	cmp	r0, #0
10008c82:	d003      	beq.n	10008c8c <tu_fifo_write+0x14>
10008c84:	2101      	movs	r1, #1
10008c86:	4249      	negs	r1, r1
10008c88:	f000 fa86 	bl	10009198 <__mutex_enter_timeout_ms_veneer>
10008c8c:	8925      	ldrh	r5, [r4, #8]
10008c8e:	8920      	ldrh	r0, [r4, #8]
10008c90:	8961      	ldrh	r1, [r4, #10]
10008c92:	88a2      	ldrh	r2, [r4, #4]
10008c94:	b2ad      	uxth	r5, r5
10008c96:	b283      	uxth	r3, r0
10008c98:	b28f      	uxth	r7, r1
10008c9a:	4288      	cmp	r0, r1
10008c9c:	d329      	bcc.n	10008cf2 <tu_fifo_write+0x7a>
10008c9e:	1bdb      	subs	r3, r3, r7
10008ca0:	b29b      	uxth	r3, r3
10008ca2:	429a      	cmp	r2, r3
10008ca4:	d809      	bhi.n	10008cba <tu_fifo_write+0x42>
10008ca6:	79e7      	ldrb	r7, [r4, #7]
10008ca8:	09ff      	lsrs	r7, r7, #7
10008caa:	d106      	bne.n	10008cba <tu_fifo_write+0x42>
10008cac:	68e0      	ldr	r0, [r4, #12]
10008cae:	2800      	cmp	r0, #0
10008cb0:	d001      	beq.n	10008cb6 <tu_fifo_write+0x3e>
10008cb2:	f000 fa49 	bl	10009148 <__mutex_exit_veneer>
10008cb6:	0038      	movs	r0, r7
10008cb8:	bdf8      	pop	{r3, r4, r5, r6, r7, pc}
10008cba:	002b      	movs	r3, r5
10008cbc:	4295      	cmp	r5, r2
10008cbe:	d31d      	bcc.n	10008cfc <tu_fifo_write+0x84>
10008cc0:	1a9b      	subs	r3, r3, r2
10008cc2:	b29b      	uxth	r3, r3
10008cc4:	4293      	cmp	r3, r2
10008cc6:	d2fb      	bcs.n	10008cc0 <tu_fifo_write+0x48>
10008cc8:	88e2      	ldrh	r2, [r4, #6]
10008cca:	6820      	ldr	r0, [r4, #0]
10008ccc:	0452      	lsls	r2, r2, #17
10008cce:	0c52      	lsrs	r2, r2, #17
10008cd0:	4353      	muls	r3, r2
10008cd2:	0031      	movs	r1, r6
10008cd4:	18c0      	adds	r0, r0, r3
10008cd6:	f7fc f9ab 	bl	10005030 <__wrap___aeabi_memcpy>
10008cda:	1c6b      	adds	r3, r5, #1
10008cdc:	b29b      	uxth	r3, r3
10008cde:	88a2      	ldrh	r2, [r4, #4]
10008ce0:	429d      	cmp	r5, r3
10008ce2:	d917      	bls.n	10008d14 <tu_fifo_write+0x9c>
10008ce4:	2300      	movs	r3, #0
10008ce6:	0052      	lsls	r2, r2, #1
10008ce8:	1a9b      	subs	r3, r3, r2
10008cea:	b29b      	uxth	r3, r3
10008cec:	2701      	movs	r7, #1
10008cee:	8123      	strh	r3, [r4, #8]
10008cf0:	e7dc      	b.n	10008cac <tu_fifo_write+0x34>
10008cf2:	0051      	lsls	r1, r2, #1
10008cf4:	1bc9      	subs	r1, r1, r7
10008cf6:	185b      	adds	r3, r3, r1
10008cf8:	b29b      	uxth	r3, r3
10008cfa:	e7d2      	b.n	10008ca2 <tu_fifo_write+0x2a>
10008cfc:	88e2      	ldrh	r2, [r4, #6]
10008cfe:	6820      	ldr	r0, [r4, #0]
10008d00:	0452      	lsls	r2, r2, #17
10008d02:	0c52      	lsrs	r2, r2, #17
10008d04:	4353      	muls	r3, r2
10008d06:	0031      	movs	r1, r6
10008d08:	18c0      	adds	r0, r0, r3
10008d0a:	f7fc f991 	bl	10005030 <__wrap___aeabi_memcpy>
10008d0e:	3501      	adds	r5, #1
10008d10:	88a2      	ldrh	r2, [r4, #4]
10008d12:	b2ab      	uxth	r3, r5
10008d14:	0052      	lsls	r2, r2, #1
10008d16:	4293      	cmp	r3, r2
10008d18:	dbe8      	blt.n	10008cec <tu_fifo_write+0x74>
10008d1a:	e7e5      	b.n	10008ce8 <tu_fifo_write+0x70>

10008d1c <tu_fifo_write_n>:
10008d1c:	b5f0      	push	{r4, r5, r6, r7, lr}
10008d1e:	464e      	mov	r6, r9
10008d20:	4657      	mov	r7, sl
10008d22:	46de      	mov	lr, fp
10008d24:	4645      	mov	r5, r8
10008d26:	b5e0      	push	{r5, r6, r7, lr}
10008d28:	4689      	mov	r9, r1
10008d2a:	0006      	movs	r6, r0
10008d2c:	0017      	movs	r7, r2
10008d2e:	b083      	sub	sp, #12
10008d30:	2a00      	cmp	r2, #0
10008d32:	d067      	beq.n	10008e04 <tu_fifo_write_n+0xe8>
10008d34:	68c0      	ldr	r0, [r0, #12]
10008d36:	2800      	cmp	r0, #0
10008d38:	d003      	beq.n	10008d42 <tu_fifo_write_n+0x26>
10008d3a:	2101      	movs	r1, #1
10008d3c:	4249      	negs	r1, r1
10008d3e:	f000 fa2b 	bl	10009198 <__mutex_enter_timeout_ms_veneer>
10008d42:	8933      	ldrh	r3, [r6, #8]
10008d44:	79f2      	ldrb	r2, [r6, #7]
10008d46:	b29b      	uxth	r3, r3
10008d48:	4698      	mov	r8, r3
10008d4a:	8973      	ldrh	r3, [r6, #10]
10008d4c:	88b5      	ldrh	r5, [r6, #4]
10008d4e:	b29b      	uxth	r3, r3
10008d50:	09d2      	lsrs	r2, r2, #7
10008d52:	d140      	bne.n	10008dd6 <tu_fifo_write_n+0xba>
10008d54:	4598      	cmp	r8, r3
10008d56:	d25e      	bcs.n	10008e16 <tu_fifo_write_n+0xfa>
10008d58:	006a      	lsls	r2, r5, #1
10008d5a:	1ad3      	subs	r3, r2, r3
10008d5c:	4443      	add	r3, r8
10008d5e:	b29b      	uxth	r3, r3
10008d60:	42ab      	cmp	r3, r5
10008d62:	d25d      	bcs.n	10008e20 <tu_fifo_write_n+0x104>
10008d64:	1aeb      	subs	r3, r5, r3
10008d66:	1c1a      	adds	r2, r3, #0
10008d68:	b29b      	uxth	r3, r3
10008d6a:	42bb      	cmp	r3, r7
10008d6c:	d900      	bls.n	10008d70 <tu_fifo_write_n+0x54>
10008d6e:	1c3a      	adds	r2, r7, #0
10008d70:	b297      	uxth	r7, r2
10008d72:	1b7b      	subs	r3, r7, r5
10008d74:	b29b      	uxth	r3, r3
10008d76:	9301      	str	r3, [sp, #4]
10008d78:	88f3      	ldrh	r3, [r6, #6]
10008d7a:	045b      	lsls	r3, r3, #17
10008d7c:	0c5b      	lsrs	r3, r3, #17
10008d7e:	469a      	mov	sl, r3
10008d80:	4643      	mov	r3, r8
10008d82:	19db      	adds	r3, r3, r7
10008d84:	b29b      	uxth	r3, r3
10008d86:	469b      	mov	fp, r3
10008d88:	4644      	mov	r4, r8
10008d8a:	45a8      	cmp	r8, r5
10008d8c:	d303      	bcc.n	10008d96 <tu_fifo_write_n+0x7a>
10008d8e:	1b64      	subs	r4, r4, r5
10008d90:	b2a4      	uxth	r4, r4
10008d92:	42ac      	cmp	r4, r5
10008d94:	d2fb      	bcs.n	10008d8e <tu_fifo_write_n+0x72>
10008d96:	4653      	mov	r3, sl
10008d98:	4363      	muls	r3, r4
10008d9a:	6830      	ldr	r0, [r6, #0]
10008d9c:	1b2d      	subs	r5, r5, r4
10008d9e:	b2ad      	uxth	r5, r5
10008da0:	18c0      	adds	r0, r0, r3
10008da2:	42bd      	cmp	r5, r7
10008da4:	d34b      	bcc.n	10008e3e <tu_fifo_write_n+0x122>
10008da6:	4652      	mov	r2, sl
10008da8:	4649      	mov	r1, r9
10008daa:	437a      	muls	r2, r7
10008dac:	f7fc f940 	bl	10005030 <__wrap___aeabi_memcpy>
10008db0:	88b3      	ldrh	r3, [r6, #4]
10008db2:	005b      	lsls	r3, r3, #1
10008db4:	45d8      	cmp	r8, fp
10008db6:	d801      	bhi.n	10008dbc <tu_fifo_write_n+0xa0>
10008db8:	459b      	cmp	fp, r3
10008dba:	db03      	blt.n	10008dc4 <tu_fifo_write_n+0xa8>
10008dbc:	465a      	mov	r2, fp
10008dbe:	1ad3      	subs	r3, r2, r3
10008dc0:	b29b      	uxth	r3, r3
10008dc2:	469b      	mov	fp, r3
10008dc4:	465b      	mov	r3, fp
10008dc6:	003d      	movs	r5, r7
10008dc8:	8133      	strh	r3, [r6, #8]
10008dca:	68f0      	ldr	r0, [r6, #12]
10008dcc:	2800      	cmp	r0, #0
10008dce:	d01a      	beq.n	10008e06 <tu_fifo_write_n+0xea>
10008dd0:	f000 f9ba 	bl	10009148 <__mutex_exit_veneer>
10008dd4:	e017      	b.n	10008e06 <tu_fifo_write_n+0xea>
10008dd6:	88f2      	ldrh	r2, [r6, #6]
10008dd8:	0452      	lsls	r2, r2, #17
10008dda:	0c52      	lsrs	r2, r2, #17
10008ddc:	4692      	mov	sl, r2
10008dde:	42af      	cmp	r7, r5
10008de0:	d220      	bcs.n	10008e24 <tu_fifo_write_n+0x108>
10008de2:	4598      	cmp	r8, r3
10008de4:	d34d      	bcc.n	10008e82 <tu_fifo_write_n+0x166>
10008de6:	4642      	mov	r2, r8
10008de8:	1ad2      	subs	r2, r2, r3
10008dea:	b292      	uxth	r2, r2
10008dec:	0069      	lsls	r1, r5, #1
10008dee:	1b78      	subs	r0, r7, r5
10008df0:	b280      	uxth	r0, r0
10008df2:	19d2      	adds	r2, r2, r7
10008df4:	9001      	str	r0, [sp, #4]
10008df6:	428a      	cmp	r2, r1
10008df8:	da33      	bge.n	10008e62 <tu_fifo_write_n+0x146>
10008dfa:	4643      	mov	r3, r8
10008dfc:	18fb      	adds	r3, r7, r3
10008dfe:	b29b      	uxth	r3, r3
10008e00:	469b      	mov	fp, r3
10008e02:	e7c1      	b.n	10008d88 <tu_fifo_write_n+0x6c>
10008e04:	2500      	movs	r5, #0
10008e06:	0028      	movs	r0, r5
10008e08:	b003      	add	sp, #12
10008e0a:	bcf0      	pop	{r4, r5, r6, r7}
10008e0c:	46bb      	mov	fp, r7
10008e0e:	46b2      	mov	sl, r6
10008e10:	46a9      	mov	r9, r5
10008e12:	46a0      	mov	r8, r4
10008e14:	bdf0      	pop	{r4, r5, r6, r7, pc}
10008e16:	4642      	mov	r2, r8
10008e18:	1ad3      	subs	r3, r2, r3
10008e1a:	b29b      	uxth	r3, r3
10008e1c:	42ab      	cmp	r3, r5
10008e1e:	d3a1      	bcc.n	10008d64 <tu_fifo_write_n+0x48>
10008e20:	2500      	movs	r5, #0
10008e22:	e7d2      	b.n	10008dca <tu_fifo_write_n+0xae>
10008e24:	2d00      	cmp	r5, #0
10008e26:	d0d0      	beq.n	10008dca <tu_fifo_write_n+0xae>
10008e28:	1b7f      	subs	r7, r7, r5
10008e2a:	4357      	muls	r7, r2
10008e2c:	4698      	mov	r8, r3
10008e2e:	195a      	adds	r2, r3, r5
10008e30:	2300      	movs	r3, #0
10008e32:	b292      	uxth	r2, r2
10008e34:	44b9      	add	r9, r7
10008e36:	4693      	mov	fp, r2
10008e38:	002f      	movs	r7, r5
10008e3a:	9301      	str	r3, [sp, #4]
10008e3c:	e7a4      	b.n	10008d88 <tu_fifo_write_n+0x6c>
10008e3e:	4653      	mov	r3, sl
10008e40:	435d      	muls	r5, r3
10008e42:	b2ad      	uxth	r5, r5
10008e44:	002a      	movs	r2, r5
10008e46:	4649      	mov	r1, r9
10008e48:	f7fc f8f2 	bl	10005030 <__wrap___aeabi_memcpy>
10008e4c:	9b01      	ldr	r3, [sp, #4]
10008e4e:	0029      	movs	r1, r5
10008e50:	18e2      	adds	r2, r4, r3
10008e52:	4653      	mov	r3, sl
10008e54:	435a      	muls	r2, r3
10008e56:	6830      	ldr	r0, [r6, #0]
10008e58:	b292      	uxth	r2, r2
10008e5a:	4449      	add	r1, r9
10008e5c:	f7fc f8e8 	bl	10005030 <__wrap___aeabi_memcpy>
10008e60:	e7a6      	b.n	10008db0 <tu_fifo_write_n+0x94>
10008e62:	195a      	adds	r2, r3, r5
10008e64:	b292      	uxth	r2, r2
10008e66:	4693      	mov	fp, r2
10008e68:	1bd2      	subs	r2, r2, r7
10008e6a:	b292      	uxth	r2, r2
10008e6c:	4690      	mov	r8, r2
10008e6e:	4293      	cmp	r3, r2
10008e70:	d90c      	bls.n	10008e8c <tu_fifo_write_n+0x170>
10008e72:	4643      	mov	r3, r8
10008e74:	1a59      	subs	r1, r3, r1
10008e76:	b28b      	uxth	r3, r1
10008e78:	4698      	mov	r8, r3
10008e7a:	18fb      	adds	r3, r7, r3
10008e7c:	b29b      	uxth	r3, r3
10008e7e:	469b      	mov	fp, r3
10008e80:	e782      	b.n	10008d88 <tu_fifo_write_n+0x6c>
10008e82:	0069      	lsls	r1, r5, #1
10008e84:	1aca      	subs	r2, r1, r3
10008e86:	4442      	add	r2, r8
10008e88:	b292      	uxth	r2, r2
10008e8a:	e7b0      	b.n	10008dee <tu_fifo_write_n+0xd2>
10008e8c:	4291      	cmp	r1, r2
10008e8e:	dd00      	ble.n	10008e92 <tu_fifo_write_n+0x176>
10008e90:	e77a      	b.n	10008d88 <tu_fifo_write_n+0x6c>
10008e92:	e7ee      	b.n	10008e72 <tu_fifo_write_n+0x156>

10008e94 <tu_fifo_clear>:
10008e94:	b510      	push	{r4, lr}
10008e96:	0004      	movs	r4, r0
10008e98:	68c0      	ldr	r0, [r0, #12]
10008e9a:	2800      	cmp	r0, #0
10008e9c:	d003      	beq.n	10008ea6 <tu_fifo_clear+0x12>
10008e9e:	2101      	movs	r1, #1
10008ea0:	4249      	negs	r1, r1
10008ea2:	f000 f979 	bl	10009198 <__mutex_enter_timeout_ms_veneer>
10008ea6:	6920      	ldr	r0, [r4, #16]
10008ea8:	2800      	cmp	r0, #0
10008eaa:	d003      	beq.n	10008eb4 <tu_fifo_clear+0x20>
10008eac:	2101      	movs	r1, #1
10008eae:	4249      	negs	r1, r1
10008eb0:	f000 f972 	bl	10009198 <__mutex_enter_timeout_ms_veneer>
10008eb4:	2300      	movs	r3, #0
10008eb6:	68e0      	ldr	r0, [r4, #12]
10008eb8:	8163      	strh	r3, [r4, #10]
10008eba:	8123      	strh	r3, [r4, #8]
10008ebc:	2800      	cmp	r0, #0
10008ebe:	d001      	beq.n	10008ec4 <tu_fifo_clear+0x30>
10008ec0:	f000 f942 	bl	10009148 <__mutex_exit_veneer>
10008ec4:	6920      	ldr	r0, [r4, #16]
10008ec6:	2800      	cmp	r0, #0
10008ec8:	d001      	beq.n	10008ece <tu_fifo_clear+0x3a>
10008eca:	f000 f93d 	bl	10009148 <__mutex_exit_veneer>
10008ece:	2001      	movs	r0, #1
10008ed0:	bd10      	pop	{r4, pc}
10008ed2:	46c0      	nop			@ (mov r8, r8)

10008ed4 <tu_fifo_set_overwritable>:
10008ed4:	b570      	push	{r4, r5, r6, lr}
10008ed6:	0004      	movs	r4, r0
10008ed8:	68c0      	ldr	r0, [r0, #12]
10008eda:	000d      	movs	r5, r1
10008edc:	2800      	cmp	r0, #0
10008ede:	d003      	beq.n	10008ee8 <tu_fifo_set_overwritable+0x14>
10008ee0:	2101      	movs	r1, #1
10008ee2:	4249      	negs	r1, r1
10008ee4:	f000 f958 	bl	10009198 <__mutex_enter_timeout_ms_veneer>
10008ee8:	6920      	ldr	r0, [r4, #16]
10008eea:	2800      	cmp	r0, #0
10008eec:	d003      	beq.n	10008ef6 <tu_fifo_set_overwritable+0x22>
10008eee:	2101      	movs	r1, #1
10008ef0:	4249      	negs	r1, r1
10008ef2:	f000 f951 	bl	10009198 <__mutex_enter_timeout_ms_veneer>
10008ef6:	217f      	movs	r1, #127	@ 0x7f
10008ef8:	79e3      	ldrb	r3, [r4, #7]
10008efa:	01ed      	lsls	r5, r5, #7
10008efc:	4019      	ands	r1, r3
10008efe:	68e0      	ldr	r0, [r4, #12]
10008f00:	4329      	orrs	r1, r5
10008f02:	71e1      	strb	r1, [r4, #7]
10008f04:	2800      	cmp	r0, #0
10008f06:	d001      	beq.n	10008f0c <tu_fifo_set_overwritable+0x38>
10008f08:	f000 f91e 	bl	10009148 <__mutex_exit_veneer>
10008f0c:	6920      	ldr	r0, [r4, #16]
10008f0e:	2800      	cmp	r0, #0
10008f10:	d001      	beq.n	10008f16 <tu_fifo_set_overwritable+0x42>
10008f12:	f000 f919 	bl	10009148 <__mutex_exit_veneer>
10008f16:	2001      	movs	r0, #1
10008f18:	bd70      	pop	{r4, r5, r6, pc}
10008f1a:	46c0      	nop			@ (mov r8, r8)

10008f1c <adc_init>:
10008f1c:	2301      	movs	r3, #1
10008f1e:	2101      	movs	r1, #1
10008f20:	4a08      	ldr	r2, [pc, #32]	@ (10008f44 <adc_init+0x28>)
10008f22:	6013      	str	r3, [r2, #0]
10008f24:	4a08      	ldr	r2, [pc, #32]	@ (10008f48 <adc_init+0x2c>)
10008f26:	6013      	str	r3, [r2, #0]
10008f28:	4a08      	ldr	r2, [pc, #32]	@ (10008f4c <adc_init+0x30>)
10008f2a:	0008      	movs	r0, r1
10008f2c:	6813      	ldr	r3, [r2, #0]
10008f2e:	4398      	bics	r0, r3
10008f30:	d1fb      	bne.n	10008f2a <adc_init+0xe>
10008f32:	4a07      	ldr	r2, [pc, #28]	@ (10008f50 <adc_init+0x34>)
10008f34:	6011      	str	r1, [r2, #0]
10008f36:	2180      	movs	r1, #128	@ 0x80
10008f38:	0049      	lsls	r1, r1, #1
10008f3a:	6813      	ldr	r3, [r2, #0]
10008f3c:	420b      	tst	r3, r1
10008f3e:	d0fc      	beq.n	10008f3a <adc_init+0x1e>
10008f40:	4770      	bx	lr
10008f42:	46c0      	nop			@ (mov r8, r8)
10008f44:	4000e000 	.word	0x4000e000
10008f48:	4000f000 	.word	0x4000f000
10008f4c:	4000c008 	.word	0x4000c008
10008f50:	4004c000 	.word	0x4004c000

10008f54 <dma_channel_claim>:
10008f54:	b510      	push	{r4, lr}
10008f56:	4b03      	ldr	r3, [pc, #12]	@ (10008f64 <dma_channel_claim+0x10>)
10008f58:	0001      	movs	r1, r0
10008f5a:	0018      	movs	r0, r3
10008f5c:	4a02      	ldr	r2, [pc, #8]	@ (10008f68 <dma_channel_claim+0x14>)
10008f5e:	f7f9 fd5d 	bl	10002a1c <hw_claim_or_assert>
10008f62:	bd10      	pop	{r4, pc}
10008f64:	2000bf5e 	.word	0x2000bf5e
10008f68:	100095b8 	.word	0x100095b8

10008f6c <spi_init>:
10008f6c:	b5f0      	push	{r4, r5, r6, r7, lr}
10008f6e:	464e      	mov	r6, r9
10008f70:	4681      	mov	r9, r0
10008f72:	4b48      	ldr	r3, [pc, #288]	@ (10009094 <spi_init+0x128>)
10008f74:	46de      	mov	lr, fp
10008f76:	444b      	add	r3, r9
10008f78:	1e5a      	subs	r2, r3, #1
10008f7a:	4193      	sbcs	r3, r2
10008f7c:	2280      	movs	r2, #128	@ 0x80
10008f7e:	4657      	mov	r7, sl
10008f80:	4645      	mov	r5, r8
10008f82:	0292      	lsls	r2, r2, #10
10008f84:	4694      	mov	ip, r2
10008f86:	b5e0      	push	{r5, r6, r7, lr}
10008f88:	425b      	negs	r3, r3
10008f8a:	0c1b      	lsrs	r3, r3, #16
10008f8c:	4a42      	ldr	r2, [pc, #264]	@ (10009098 <spi_init+0x12c>)
10008f8e:	041b      	lsls	r3, r3, #16
10008f90:	4463      	add	r3, ip
10008f92:	b085      	sub	sp, #20
10008f94:	6013      	str	r3, [r2, #0]
10008f96:	4a41      	ldr	r2, [pc, #260]	@ (1000909c <spi_init+0x130>)
10008f98:	000c      	movs	r4, r1
10008f9a:	4941      	ldr	r1, [pc, #260]	@ (100090a0 <spi_init+0x134>)
10008f9c:	6013      	str	r3, [r2, #0]
10008f9e:	0018      	movs	r0, r3
10008fa0:	680a      	ldr	r2, [r1, #0]
10008fa2:	4390      	bics	r0, r2
10008fa4:	d1fb      	bne.n	10008f9e <spi_init+0x32>
10008fa6:	4680      	mov	r8, r0
10008fa8:	2006      	movs	r0, #6
10008faa:	f7fa fde9 	bl	10003b80 <clock_get_hz>
10008fae:	464b      	mov	r3, r9
10008fb0:	685a      	ldr	r2, [r3, #4]
10008fb2:	2302      	movs	r3, #2
10008fb4:	401a      	ands	r2, r3
10008fb6:	9201      	str	r2, [sp, #4]
10008fb8:	464a      	mov	r2, r9
10008fba:	9000      	str	r0, [sp, #0]
10008fbc:	2080      	movs	r0, #128	@ 0x80
10008fbe:	3204      	adds	r2, #4
10008fc0:	9202      	str	r2, [sp, #8]
10008fc2:	4a38      	ldr	r2, [pc, #224]	@ (100090a4 <spi_init+0x138>)
10008fc4:	0de7      	lsrs	r7, r4, #23
10008fc6:	444a      	add	r2, r9
10008fc8:	0266      	lsls	r6, r4, #9
10008fca:	6013      	str	r3, [r2, #0]
10008fcc:	4693      	mov	fp, r2
10008fce:	003b      	movs	r3, r7
10008fd0:	0032      	movs	r2, r6
10008fd2:	2502      	movs	r5, #2
10008fd4:	0040      	lsls	r0, r0, #1
10008fd6:	e007      	b.n	10008fe8 <spi_init+0x7c>
10008fd8:	9900      	ldr	r1, [sp, #0]
10008fda:	4291      	cmp	r1, r2
10008fdc:	d306      	bcc.n	10008fec <spi_init+0x80>
10008fde:	3502      	adds	r5, #2
10008fe0:	1992      	adds	r2, r2, r6
10008fe2:	417b      	adcs	r3, r7
10008fe4:	4285      	cmp	r5, r0
10008fe6:	d001      	beq.n	10008fec <spi_init+0x80>
10008fe8:	2b00      	cmp	r3, #0
10008fea:	d0f5      	beq.n	10008fd8 <spi_init+0x6c>
10008fec:	4643      	mov	r3, r8
10008fee:	2680      	movs	r6, #128	@ 0x80
10008ff0:	9303      	str	r3, [sp, #12]
10008ff2:	9b00      	ldr	r3, [sp, #0]
10008ff4:	022f      	lsls	r7, r5, #8
10008ff6:	46aa      	mov	sl, r5
10008ff8:	4698      	mov	r8, r3
10008ffa:	1b7f      	subs	r7, r7, r5
10008ffc:	0076      	lsls	r6, r6, #1
10008ffe:	e003      	b.n	10009008 <spi_init+0x9c>
10009000:	4653      	mov	r3, sl
10009002:	1aff      	subs	r7, r7, r3
10009004:	2e01      	cmp	r6, #1
10009006:	d03f      	beq.n	10009088 <spi_init+0x11c>
10009008:	0039      	movs	r1, r7
1000900a:	4640      	mov	r0, r8
1000900c:	0035      	movs	r5, r6
1000900e:	3e01      	subs	r6, #1
10009010:	f7fb f854 	bl	100040bc <__wrap___aeabi_uidiv>
10009014:	4284      	cmp	r4, r0
10009016:	d2f3      	bcs.n	10009000 <spi_init+0x94>
10009018:	002b      	movs	r3, r5
1000901a:	4655      	mov	r5, sl
1000901c:	469a      	mov	sl, r3
1000901e:	4650      	mov	r0, sl
10009020:	0233      	lsls	r3, r6, #8
10009022:	4698      	mov	r8, r3
10009024:	4368      	muls	r0, r5
10009026:	464b      	mov	r3, r9
10009028:	4642      	mov	r2, r8
1000902a:	611d      	str	r5, [r3, #16]
1000902c:	681b      	ldr	r3, [r3, #0]
1000902e:	2680      	movs	r6, #128	@ 0x80
10009030:	4053      	eors	r3, r2
10009032:	22ff      	movs	r2, #255	@ 0xff
10009034:	0176      	lsls	r6, r6, #5
10009036:	0212      	lsls	r2, r2, #8
10009038:	4013      	ands	r3, r2
1000903a:	444e      	add	r6, r9
1000903c:	6033      	str	r3, [r6, #0]
1000903e:	2380      	movs	r3, #128	@ 0x80
10009040:	019b      	lsls	r3, r3, #6
10009042:	469c      	mov	ip, r3
10009044:	9a02      	ldr	r2, [sp, #8]
10009046:	9b01      	ldr	r3, [sp, #4]
10009048:	4462      	add	r2, ip
1000904a:	6013      	str	r3, [r2, #0]
1000904c:	2102      	movs	r1, #2
1000904e:	465c      	mov	r4, fp
10009050:	464b      	mov	r3, r9
10009052:	685b      	ldr	r3, [r3, #4]
10009054:	6021      	str	r1, [r4, #0]
10009056:	464c      	mov	r4, r9
10009058:	6827      	ldr	r7, [r4, #0]
1000905a:	2407      	movs	r4, #7
1000905c:	4067      	eors	r7, r4
1000905e:	34c8      	adds	r4, #200	@ 0xc8
10009060:	403c      	ands	r4, r7
10009062:	6034      	str	r4, [r6, #0]
10009064:	2403      	movs	r4, #3
10009066:	400b      	ands	r3, r1
10009068:	6013      	str	r3, [r2, #0]
1000906a:	4b0f      	ldr	r3, [pc, #60]	@ (100090a8 <spi_init+0x13c>)
1000906c:	444b      	add	r3, r9
1000906e:	601c      	str	r4, [r3, #0]
10009070:	6011      	str	r1, [r2, #0]
10009072:	0001      	movs	r1, r0
10009074:	9800      	ldr	r0, [sp, #0]
10009076:	f7fb f821 	bl	100040bc <__wrap___aeabi_uidiv>
1000907a:	b005      	add	sp, #20
1000907c:	bcf0      	pop	{r4, r5, r6, r7}
1000907e:	46bb      	mov	fp, r7
10009080:	46b2      	mov	sl, r6
10009082:	46a9      	mov	r9, r5
10009084:	46a0      	mov	r8, r4
10009086:	bdf0      	pop	{r4, r5, r6, r7, pc}
10009088:	4655      	mov	r5, sl
1000908a:	9b03      	ldr	r3, [sp, #12]
1000908c:	0028      	movs	r0, r5
1000908e:	4698      	mov	r8, r3
10009090:	e7c9      	b.n	10009026 <spi_init+0xba>
10009092:	46c0      	nop			@ (mov r8, r8)
10009094:	bffc0000 	.word	0xbffc0000
10009098:	4000e000 	.word	0x4000e000
1000909c:	4000f000 	.word	0x4000f000
100090a0:	4000c008 	.word	0x4000c008
100090a4:	00003004 	.word	0x00003004
100090a8:	00002024 	.word	0x00002024

100090ac <strlen>:
100090ac:	b510      	push	{r4, lr}
100090ae:	0783      	lsls	r3, r0, #30
100090b0:	d00a      	beq.n	100090c8 <strlen+0x1c>
100090b2:	0003      	movs	r3, r0
100090b4:	2103      	movs	r1, #3
100090b6:	e002      	b.n	100090be <strlen+0x12>
100090b8:	3301      	adds	r3, #1
100090ba:	420b      	tst	r3, r1
100090bc:	d005      	beq.n	100090ca <strlen+0x1e>
100090be:	781a      	ldrb	r2, [r3, #0]
100090c0:	2a00      	cmp	r2, #0
100090c2:	d1f9      	bne.n	100090b8 <strlen+0xc>
100090c4:	1a18      	subs	r0, r3, r0
100090c6:	bd10      	pop	{r4, pc}
100090c8:	0003      	movs	r3, r0
100090ca:	6819      	ldr	r1, [r3, #0]
100090cc:	4a0c      	ldr	r2, [pc, #48]	@ (10009100 <strlen+0x54>)
100090ce:	4c0d      	ldr	r4, [pc, #52]	@ (10009104 <strlen+0x58>)
100090d0:	188a      	adds	r2, r1, r2
100090d2:	438a      	bics	r2, r1
100090d4:	4222      	tst	r2, r4
100090d6:	d10f      	bne.n	100090f8 <strlen+0x4c>
100090d8:	6859      	ldr	r1, [r3, #4]
100090da:	4a09      	ldr	r2, [pc, #36]	@ (10009100 <strlen+0x54>)
100090dc:	3304      	adds	r3, #4
100090de:	188a      	adds	r2, r1, r2
100090e0:	438a      	bics	r2, r1
100090e2:	4222      	tst	r2, r4
100090e4:	d108      	bne.n	100090f8 <strlen+0x4c>
100090e6:	6859      	ldr	r1, [r3, #4]
100090e8:	4a05      	ldr	r2, [pc, #20]	@ (10009100 <strlen+0x54>)
100090ea:	3304      	adds	r3, #4
100090ec:	188a      	adds	r2, r1, r2
100090ee:	438a      	bics	r2, r1
100090f0:	4222      	tst	r2, r4
100090f2:	d0f1      	beq.n	100090d8 <strlen+0x2c>
100090f4:	e000      	b.n	100090f8 <strlen+0x4c>
100090f6:	3301      	adds	r3, #1
100090f8:	781a      	ldrb	r2, [r3, #0]
100090fa:	2a00      	cmp	r2, #0
100090fc:	d1fb      	bne.n	100090f6 <strlen+0x4a>
100090fe:	e7e1      	b.n	100090c4 <strlen+0x18>
10009100:	fefefeff 	.word	0xfefefeff
10009104:	80808080 	.word	0x80808080

10009108 <___hw_endpoint_buffer_control_update32_veneer>:
10009108:	b401      	push	{r0}
1000910a:	4802      	ldr	r0, [pc, #8]	@ (10009114 <___hw_endpoint_buffer_control_update32_veneer+0xc>)
1000910c:	4684      	mov	ip, r0
1000910e:	bc01      	pop	{r0}
10009110:	4760      	bx	ip
10009112:	bf00      	nop
10009114:	20000c7d 	.word	0x20000c7d

10009118 <__e15_is_bulkin_ep_veneer>:
10009118:	b401      	push	{r0}
1000911a:	4802      	ldr	r0, [pc, #8]	@ (10009124 <__e15_is_bulkin_ep_veneer+0xc>)
1000911c:	4684      	mov	ip, r0
1000911e:	bc01      	pop	{r0}
10009120:	4760      	bx	ip
10009122:	bf00      	nop
10009124:	20000c15 	.word	0x20000c15

10009128 <__mutex_try_enter_block_until_veneer>:
10009128:	b401      	push	{r0}
1000912a:	4802      	ldr	r0, [pc, #8]	@ (10009134 <__mutex_try_enter_block_until_veneer+0xc>)
1000912c:	4684      	mov	ip, r0
1000912e:	bc01      	pop	{r0}
10009130:	4760      	bx	ip
10009132:	bf00      	nop
10009134:	20000101 	.word	0x20000101

10009138 <__e15_is_critical_frame_period_veneer>:
10009138:	b401      	push	{r0}
1000913a:	4802      	ldr	r0, [pc, #8]	@ (10009144 <__e15_is_critical_frame_period_veneer+0xc>)
1000913c:	4684      	mov	ip, r0
1000913e:	bc01      	pop	{r0}
10009140:	4760      	bx	ip
10009142:	bf00      	nop
10009144:	20000c3d 	.word	0x20000c3d

10009148 <__mutex_exit_veneer>:
10009148:	b401      	push	{r0}
1000914a:	4802      	ldr	r0, [pc, #8]	@ (10009154 <__mutex_exit_veneer+0xc>)
1000914c:	4684      	mov	ip, r0
1000914e:	bc01      	pop	{r0}
10009150:	4760      	bx	ip
10009152:	bf00      	nop
10009154:	20000225 	.word	0x20000225

10009158 <__reset_non_control_endpoints_veneer>:
10009158:	b401      	push	{r0}
1000915a:	4802      	ldr	r0, [pc, #8]	@ (10009164 <__reset_non_control_endpoints_veneer+0xc>)
1000915c:	4684      	mov	ip, r0
1000915e:	bc01      	pop	{r0}
10009160:	4760      	bx	ip
10009162:	bf00      	nop
10009164:	20000439 	.word	0x20000439

10009168 <__spi_write_blocking_veneer>:
10009168:	b401      	push	{r0}
1000916a:	4802      	ldr	r0, [pc, #8]	@ (10009174 <__spi_write_blocking_veneer+0xc>)
1000916c:	4684      	mov	ip, r0
1000916e:	bc01      	pop	{r0}
10009170:	4760      	bx	ip
10009172:	bf00      	nop
10009174:	20000f55 	.word	0x20000f55

10009178 <__hw_endpoint_start_next_buffer_veneer>:
10009178:	b401      	push	{r0}
1000917a:	4802      	ldr	r0, [pc, #8]	@ (10009184 <__hw_endpoint_start_next_buffer_veneer+0xc>)
1000917c:	4684      	mov	ip, r0
1000917e:	bc01      	pop	{r0}
10009180:	4760      	bx	ip
10009182:	bf00      	nop
10009184:	20000ccd 	.word	0x20000ccd

10009188 <__mutex_try_enter_veneer>:
10009188:	b401      	push	{r0}
1000918a:	4802      	ldr	r0, [pc, #8]	@ (10009194 <__mutex_try_enter_veneer+0xc>)
1000918c:	4684      	mov	ip, r0
1000918e:	bc01      	pop	{r0}
10009190:	4760      	bx	ip
10009192:	bf00      	nop
10009194:	200000c1 	.word	0x200000c1

10009198 <__mutex_enter_timeout_ms_veneer>:
10009198:	b401      	push	{r0}
1000919a:	4802      	ldr	r0, [pc, #8]	@ (100091a4 <__mutex_enter_timeout_ms_veneer+0xc>)
1000919c:	4684      	mov	ip, r0
1000919e:	bc01      	pop	{r0}
100091a0:	4760      	bx	ip
100091a2:	bf00      	nop
100091a4:	20000199 	.word	0x20000199

100091a8 <____aeabi_ldiv0_veneer>:
100091a8:	b401      	push	{r0}
100091aa:	4802      	ldr	r0, [pc, #8]	@ (100091b4 <____aeabi_ldiv0_veneer+0xc>)
100091ac:	4684      	mov	ip, r0
100091ae:	bc01      	pop	{r0}
100091b0:	4760      	bx	ip
100091b2:	bf00      	nop
100091b4:	20000fa1 	.word	0x20000fa1

100091b8 <____aeabi_idiv0_veneer>:
100091b8:	b401      	push	{r0}
100091ba:	4802      	ldr	r0, [pc, #8]	@ (100091c4 <____aeabi_idiv0_veneer+0xc>)
100091bc:	4684      	mov	ip, r0
100091be:	bc01      	pop	{r0}
100091c0:	4760      	bx	ip
100091c2:	bf00      	nop
100091c4:	20000fa1 	.word	0x20000fa1

100091c8 <__flash_do_cmd_cs_veneer>:
100091c8:	b401      	push	{r0}
100091ca:	4802      	ldr	r0, [pc, #8]	@ (100091d4 <__flash_do_cmd_cs_veneer+0xc>)
100091cc:	4684      	mov	ip, r0
100091ce:	bc01      	pop	{r0}
100091d0:	4760      	bx	ip
100091d2:	bf00      	nop
100091d4:	200002d9 	.word	0x200002d9

100091d8 <__pre_init_runtime_init_early_resets>:
100091d8:	10003e4d                                M>..

100091dc <__pre_init_runtime_init_usb_power_down>:
100091dc:	10003e79 1000405d 10005015 10004719     y>..]@...P...G..
100091ec:	10004f3d                                =O..

100091f0 <__pre_init_runtime_init_clocks>:
100091f0:	10003f85                                .?..

100091f4 <__pre_init_runtime_init_post_clock_resets>:
100091f4:	10003e95                                .>..

100091f8 <__pre_init_runtime_init_rp2040_gpio_ie_disable>:
100091f8:	10003eb5                                .>..

100091fc <__pre_init_runtime_init_spin_locks_reset>:
100091fc:	10003ec9                                .>..

10009200 <__pre_init_runtime_init_mutex>:
10009200:	10002f0d                                ./..

10009204 <__pre_init_runtime_init_install_ram_vector_table>:
10009204:	10003ed1                                .>..

10009208 <__pre_init_runtime_init_default_alarm_pool>:
10009208:	100032f1                                .2..

1000920c <__pre_init_first_per_core_initializer>:
1000920c:	10003e15                                .>..

10009210 <__pre_init_runtime_init_per_core_irq_priorities>:
10009210:	10002b41                                A+..

10009214 <__init_array_start>:
10009214:	100070c1 	.word	0x100070c1

Disassembly of section .data:

200000c0 <mutex_try_enter>:
200000c0:	0003      	movs	r3, r0
200000c2:	6800      	ldr	r0, [r0, #0]
200000c4:	f3ef 8c10 	mrs	ip, PRIMASK
200000c8:	b672      	cpsid	i
200000ca:	6802      	ldr	r2, [r0, #0]
200000cc:	2a00      	cmp	r2, #0
200000ce:	d0fc      	beq.n	200000ca <mutex_try_enter+0xa>
200000d0:	f3bf 8f5f 	dmb	sy
200000d4:	2204      	movs	r2, #4
200000d6:	569a      	ldrsb	r2, [r3, r2]
200000d8:	2a00      	cmp	r2, #0
200000da:	db0b      	blt.n	200000f4 <mutex_try_enter+0x34>
200000dc:	2900      	cmp	r1, #0
200000de:	d000      	beq.n	200000e2 <mutex_try_enter+0x22>
200000e0:	600a      	str	r2, [r1, #0]
200000e2:	2000      	movs	r0, #0
200000e4:	681b      	ldr	r3, [r3, #0]
200000e6:	f3bf 8f5f 	dmb	sy
200000ea:	2200      	movs	r2, #0
200000ec:	601a      	str	r2, [r3, #0]
200000ee:	f38c 8810 	msr	PRIMASK, ip
200000f2:	4770      	bx	lr
200000f4:	22d0      	movs	r2, #208	@ 0xd0
200000f6:	0612      	lsls	r2, r2, #24
200000f8:	6812      	ldr	r2, [r2, #0]
200000fa:	2001      	movs	r0, #1
200000fc:	711a      	strb	r2, [r3, #4]
200000fe:	e7f1      	b.n	200000e4 <mutex_try_enter+0x24>

20000100 <mutex_try_enter_block_until>:
20000100:	b5f0      	push	{r4, r5, r6, r7, lr}
20000102:	46c6      	mov	lr, r8
20000104:	0015      	movs	r5, r2
20000106:	b500      	push	{lr}
20000108:	0004      	movs	r4, r0
2000010a:	001e      	movs	r6, r3
2000010c:	6802      	ldr	r2, [r0, #0]
2000010e:	f3ef 8110 	mrs	r1, PRIMASK
20000112:	b672      	cpsid	i
20000114:	6813      	ldr	r3, [r2, #0]
20000116:	2b00      	cmp	r3, #0
20000118:	d0fc      	beq.n	20000114 <mutex_try_enter_block_until+0x14>
2000011a:	f3bf 8f5f 	dmb	sy
2000011e:	2304      	movs	r3, #4
20000120:	56e3      	ldrsb	r3, [r4, r3]
20000122:	6822      	ldr	r2, [r4, #0]
20000124:	2b00      	cmp	r3, #0
20000126:	db2b      	blt.n	20000180 <mutex_try_enter_block_until+0x80>
20000128:	f3bf 8f5f 	dmb	sy
2000012c:	2000      	movs	r0, #0
2000012e:	6010      	str	r0, [r2, #0]
20000130:	f381 8810 	msr	PRIMASK, r1
20000134:	22d0      	movs	r2, #208	@ 0xd0
20000136:	0612      	lsls	r2, r2, #24
20000138:	7812      	ldrb	r2, [r2, #0]
2000013a:	2700      	movs	r7, #0
2000013c:	b252      	sxtb	r2, r2
2000013e:	4690      	mov	r8, r2
20000140:	429a      	cmp	r2, r3
20000142:	d10e      	bne.n	20000162 <mutex_try_enter_block_until+0x62>
20000144:	2000      	movs	r0, #0
20000146:	bc80      	pop	{r7}
20000148:	46b8      	mov	r8, r7
2000014a:	bdf0      	pop	{r4, r5, r6, r7, pc}
2000014c:	f3bf 8f5f 	dmb	sy
20000150:	6017      	str	r7, [r2, #0]
20000152:	f381 8810 	msr	PRIMASK, r1
20000156:	0028      	movs	r0, r5
20000158:	0031      	movs	r1, r6
2000015a:	f000 ff45 	bl	20000fe8 <__best_effort_wfe_or_timeout_veneer>
2000015e:	2800      	cmp	r0, #0
20000160:	d1f0      	bne.n	20000144 <mutex_try_enter_block_until+0x44>
20000162:	6822      	ldr	r2, [r4, #0]
20000164:	f3ef 8110 	mrs	r1, PRIMASK
20000168:	b672      	cpsid	i
2000016a:	6813      	ldr	r3, [r2, #0]
2000016c:	2b00      	cmp	r3, #0
2000016e:	d0fc      	beq.n	2000016a <mutex_try_enter_block_until+0x6a>
20000170:	f3bf 8f5f 	dmb	sy
20000174:	7923      	ldrb	r3, [r4, #4]
20000176:	6822      	ldr	r2, [r4, #0]
20000178:	2b7f      	cmp	r3, #127	@ 0x7f
2000017a:	d9e7      	bls.n	2000014c <mutex_try_enter_block_until+0x4c>
2000017c:	4643      	mov	r3, r8
2000017e:	e002      	b.n	20000186 <mutex_try_enter_block_until+0x86>
20000180:	23d0      	movs	r3, #208	@ 0xd0
20000182:	061b      	lsls	r3, r3, #24
20000184:	681b      	ldr	r3, [r3, #0]
20000186:	7123      	strb	r3, [r4, #4]
20000188:	f3bf 8f5f 	dmb	sy
2000018c:	2300      	movs	r3, #0
2000018e:	6013      	str	r3, [r2, #0]
20000190:	f381 8810 	msr	PRIMASK, r1
20000194:	2001      	movs	r0, #1
20000196:	e7d6      	b.n	20000146 <mutex_try_enter_block_until+0x46>

20000198 <mutex_enter_timeout_ms>:
20000198:	b5f0      	push	{r4, r5, r6, r7, lr}
2000019a:	46c6      	mov	lr, r8
2000019c:	b500      	push	{lr}
2000019e:	000d      	movs	r5, r1
200001a0:	0004      	movs	r4, r0
200001a2:	f000 ff01 	bl	20000fa8 <__time_us_64_veneer>
200001a6:	22fa      	movs	r2, #250	@ 0xfa
200001a8:	0006      	movs	r6, r0
200001aa:	000f      	movs	r7, r1
200001ac:	2300      	movs	r3, #0
200001ae:	0028      	movs	r0, r5
200001b0:	2100      	movs	r1, #0
200001b2:	0092      	lsls	r2, r2, #2
200001b4:	f000 ff28 	bl	20001008 <____wrap___aeabi_lmul_veneer>
200001b8:	1836      	adds	r6, r6, r0
200001ba:	414f      	adcs	r7, r1
200001bc:	2f00      	cmp	r7, #0
200001be:	da02      	bge.n	200001c6 <mutex_enter_timeout_ms+0x2e>
200001c0:	2601      	movs	r6, #1
200001c2:	4f17      	ldr	r7, [pc, #92]	@ (20000220 <mutex_enter_timeout_ms+0x88>)
200001c4:	4276      	negs	r6, r6
200001c6:	23d0      	movs	r3, #208	@ 0xd0
200001c8:	061b      	lsls	r3, r3, #24
200001ca:	681b      	ldr	r3, [r3, #0]
200001cc:	2500      	movs	r5, #0
200001ce:	4698      	mov	r8, r3
200001d0:	e00a      	b.n	200001e8 <mutex_enter_timeout_ms+0x50>
200001d2:	f3bf 8f5f 	dmb	sy
200001d6:	6015      	str	r5, [r2, #0]
200001d8:	f381 8810 	msr	PRIMASK, r1
200001dc:	0030      	movs	r0, r6
200001de:	0039      	movs	r1, r7
200001e0:	f000 ff02 	bl	20000fe8 <__best_effort_wfe_or_timeout_veneer>
200001e4:	2800      	cmp	r0, #0
200001e6:	d118      	bne.n	2000021a <mutex_enter_timeout_ms+0x82>
200001e8:	6822      	ldr	r2, [r4, #0]
200001ea:	f3ef 8110 	mrs	r1, PRIMASK
200001ee:	b672      	cpsid	i
200001f0:	6813      	ldr	r3, [r2, #0]
200001f2:	2b00      	cmp	r3, #0
200001f4:	d0fc      	beq.n	200001f0 <mutex_enter_timeout_ms+0x58>
200001f6:	f3bf 8f5f 	dmb	sy
200001fa:	7923      	ldrb	r3, [r4, #4]
200001fc:	6822      	ldr	r2, [r4, #0]
200001fe:	2b7f      	cmp	r3, #127	@ 0x7f
20000200:	d9e7      	bls.n	200001d2 <mutex_enter_timeout_ms+0x3a>
20000202:	4643      	mov	r3, r8
20000204:	7123      	strb	r3, [r4, #4]
20000206:	f3bf 8f5f 	dmb	sy
2000020a:	2300      	movs	r3, #0
2000020c:	6013      	str	r3, [r2, #0]
2000020e:	f381 8810 	msr	PRIMASK, r1
20000212:	2001      	movs	r0, #1
20000214:	bc80      	pop	{r7}
20000216:	46b8      	mov	r8, r7
20000218:	bdf0      	pop	{r4, r5, r6, r7, pc}
2000021a:	2000      	movs	r0, #0
2000021c:	e7fa      	b.n	20000214 <mutex_enter_timeout_ms+0x7c>
2000021e:	46c0      	nop			@ (mov r8, r8)
20000220:	7fffffff 	.word	0x7fffffff

20000224 <mutex_exit>:
20000224:	6802      	ldr	r2, [r0, #0]
20000226:	f3ef 8110 	mrs	r1, PRIMASK
2000022a:	b672      	cpsid	i
2000022c:	6813      	ldr	r3, [r2, #0]
2000022e:	2b00      	cmp	r3, #0
20000230:	d0fc      	beq.n	2000022c <mutex_exit+0x8>
20000232:	f3bf 8f5f 	dmb	sy
20000236:	23ff      	movs	r3, #255	@ 0xff
20000238:	7103      	strb	r3, [r0, #4]
2000023a:	6803      	ldr	r3, [r0, #0]
2000023c:	f3bf 8f5f 	dmb	sy
20000240:	2200      	movs	r2, #0
20000242:	601a      	str	r2, [r3, #0]
20000244:	f381 8810 	msr	PRIMASK, r1
20000248:	bf40      	sev
2000024a:	4770      	bx	lr

2000024c <flash_init_boot2_copyout>:
2000024c:	b510      	push	{r4, lr}
2000024e:	4c08      	ldr	r4, [pc, #32]	@ (20000270 <flash_init_boot2_copyout+0x24>)
20000250:	7823      	ldrb	r3, [r4, #0]
20000252:	2b00      	cmp	r3, #0
20000254:	d10a      	bne.n	2000026c <flash_init_boot2_copyout+0x20>
20000256:	2380      	movs	r3, #128	@ 0x80
20000258:	4806      	ldr	r0, [pc, #24]	@ (20000274 <flash_init_boot2_copyout+0x28>)
2000025a:	4907      	ldr	r1, [pc, #28]	@ (20000278 <flash_init_boot2_copyout+0x2c>)
2000025c:	055b      	lsls	r3, r3, #21
2000025e:	681a      	ldr	r2, [r3, #0]
20000260:	50c2      	str	r2, [r0, r3]
20000262:	3304      	adds	r3, #4
20000264:	428b      	cmp	r3, r1
20000266:	d1fa      	bne.n	2000025e <flash_init_boot2_copyout+0x12>
20000268:	2301      	movs	r3, #1
2000026a:	7023      	strb	r3, [r4, #0]
2000026c:	bd10      	pop	{r4, pc}
2000026e:	46c0      	nop			@ (mov r8, r8)
20000270:	2000bf6a 	.word	0x2000bf6a
20000274:	10001984 	.word	0x10001984
20000278:	10000100 	.word	0x10000100

2000027c <flash_enable_xip_via_boot2>:
2000027c:	b510      	push	{r4, lr}
2000027e:	4b01      	ldr	r3, [pc, #4]	@ (20000284 <flash_enable_xip_via_boot2+0x8>)
20000280:	4798      	blx	r3
20000282:	bd10      	pop	{r4, pc}
20000284:	20001985 	.word	0x20001985

20000288 <flash_save_hardware_state>:
20000288:	4b08      	ldr	r3, [pc, #32]	@ (200002ac <flash_save_hardware_state+0x24>)
2000028a:	685a      	ldr	r2, [r3, #4]
2000028c:	6042      	str	r2, [r0, #4]
2000028e:	689a      	ldr	r2, [r3, #8]
20000290:	6082      	str	r2, [r0, #8]
20000292:	68da      	ldr	r2, [r3, #12]
20000294:	60c2      	str	r2, [r0, #12]
20000296:	691a      	ldr	r2, [r3, #16]
20000298:	6102      	str	r2, [r0, #16]
2000029a:	695a      	ldr	r2, [r3, #20]
2000029c:	6142      	str	r2, [r0, #20]
2000029e:	699b      	ldr	r3, [r3, #24]
200002a0:	6183      	str	r3, [r0, #24]
200002a2:	23a0      	movs	r3, #160	@ 0xa0
200002a4:	055b      	lsls	r3, r3, #21
200002a6:	681b      	ldr	r3, [r3, #0]
200002a8:	6003      	str	r3, [r0, #0]
200002aa:	4770      	bx	lr
200002ac:	40020000 	.word	0x40020000

200002b0 <flash_restore_hardware_state>:
200002b0:	6842      	ldr	r2, [r0, #4]
200002b2:	4b08      	ldr	r3, [pc, #32]	@ (200002d4 <flash_restore_hardware_state+0x24>)
200002b4:	605a      	str	r2, [r3, #4]
200002b6:	6882      	ldr	r2, [r0, #8]
200002b8:	609a      	str	r2, [r3, #8]
200002ba:	68c2      	ldr	r2, [r0, #12]
200002bc:	60da      	str	r2, [r3, #12]
200002be:	6902      	ldr	r2, [r0, #16]
200002c0:	611a      	str	r2, [r3, #16]
200002c2:	6942      	ldr	r2, [r0, #20]
200002c4:	615a      	str	r2, [r3, #20]
200002c6:	6982      	ldr	r2, [r0, #24]
200002c8:	619a      	str	r2, [r3, #24]
200002ca:	23a0      	movs	r3, #160	@ 0xa0
200002cc:	6802      	ldr	r2, [r0, #0]
200002ce:	055b      	lsls	r3, r3, #21
200002d0:	601a      	str	r2, [r3, #0]
200002d2:	4770      	bx	lr
200002d4:	40020000 	.word	0x40020000

200002d8 <flash_do_cmd_cs>:
200002d8:	2300      	movs	r3, #0
200002da:	b5f0      	push	{r4, r5, r6, r7, lr}
200002dc:	46de      	mov	lr, fp
200002de:	4657      	mov	r7, sl
200002e0:	464e      	mov	r6, r9
200002e2:	4645      	mov	r5, r8
200002e4:	469a      	mov	sl, r3
200002e6:	b5e0      	push	{r5, r6, r7, lr}
200002e8:	b08b      	sub	sp, #44	@ 0x2c
200002ea:	9001      	str	r0, [sp, #4]
200002ec:	000e      	movs	r6, r1
200002ee:	8a98      	ldrh	r0, [r3, #20]
200002f0:	494c      	ldr	r1, [pc, #304]	@ (20000424 <flash_do_cmd_cs+0x14c>)
200002f2:	8b1b      	ldrh	r3, [r3, #24]
200002f4:	0014      	movs	r4, r2
200002f6:	4798      	blx	r3
200002f8:	4653      	mov	r3, sl
200002fa:	4681      	mov	r9, r0
200002fc:	494a      	ldr	r1, [pc, #296]	@ (20000428 <flash_do_cmd_cs+0x150>)
200002fe:	8a98      	ldrh	r0, [r3, #20]
20000300:	8b1b      	ldrh	r3, [r3, #24]
20000302:	4798      	blx	r3
20000304:	4653      	mov	r3, sl
20000306:	4949      	ldr	r1, [pc, #292]	@ (2000042c <flash_do_cmd_cs+0x154>)
20000308:	0005      	movs	r5, r0
2000030a:	8a98      	ldrh	r0, [r3, #20]
2000030c:	8b1b      	ldrh	r3, [r3, #24]
2000030e:	4798      	blx	r3
20000310:	4680      	mov	r8, r0
20000312:	f7ff ff9b 	bl	2000024c <flash_init_boot2_copyout>
20000316:	a803      	add	r0, sp, #12
20000318:	f7ff ffb6 	bl	20000288 <flash_save_hardware_state>
2000031c:	47c8      	blx	r9
2000031e:	47a8      	blx	r5
20000320:	4b43      	ldr	r3, [pc, #268]	@ (20000430 <flash_do_cmd_cs+0x158>)
20000322:	0025      	movs	r5, r4
20000324:	681a      	ldr	r2, [r3, #0]
20000326:	2380      	movs	r3, #128	@ 0x80
20000328:	009b      	lsls	r3, r3, #2
2000032a:	4053      	eors	r3, r2
2000032c:	22c0      	movs	r2, #192	@ 0xc0
2000032e:	0092      	lsls	r2, r2, #2
20000330:	4013      	ands	r3, r2
20000332:	4a40      	ldr	r2, [pc, #256]	@ (20000434 <flash_do_cmd_cs+0x15c>)
20000334:	6013      	str	r3, [r2, #0]
20000336:	2c00      	cmp	r4, #0
20000338:	d022      	beq.n	20000380 <flash_do_cmd_cs+0xa8>
2000033a:	2308      	movs	r3, #8
2000033c:	21c0      	movs	r1, #192	@ 0xc0
2000033e:	469c      	mov	ip, r3
20000340:	2002      	movs	r0, #2
20000342:	0549      	lsls	r1, r1, #21
20000344:	4662      	mov	r2, ip
20000346:	6a8b      	ldr	r3, [r1, #40]	@ 0x28
20000348:	401a      	ands	r2, r3
2000034a:	4218      	tst	r0, r3
2000034c:	d044      	beq.n	200003d8 <flash_do_cmd_cs+0x100>
2000034e:	1b63      	subs	r3, r4, r5
20000350:	2d00      	cmp	r5, #0
20000352:	d134      	bne.n	200003be <flash_do_cmd_cs+0xe6>
20000354:	2a00      	cmp	r2, #0
20000356:	d111      	bne.n	2000037c <flash_do_cmd_cs+0xa4>
20000358:	2c00      	cmp	r4, #0
2000035a:	d011      	beq.n	20000380 <flash_do_cmd_cs+0xa8>
2000035c:	23c0      	movs	r3, #192	@ 0xc0
2000035e:	055b      	lsls	r3, r3, #21
20000360:	469b      	mov	fp, r3
20000362:	2302      	movs	r3, #2
20000364:	469a      	mov	sl, r3
20000366:	3306      	adds	r3, #6
20000368:	4699      	mov	r9, r3
2000036a:	465b      	mov	r3, fp
2000036c:	464a      	mov	r2, r9
2000036e:	4657      	mov	r7, sl
20000370:	6a9b      	ldr	r3, [r3, #40]	@ 0x28
20000372:	401a      	ands	r2, r3
20000374:	421f      	tst	r7, r3
20000376:	d047      	beq.n	20000408 <flash_do_cmd_cs+0x130>
20000378:	2a00      	cmp	r2, #0
2000037a:	d0f6      	beq.n	2000036a <flash_do_cmd_cs+0x92>
2000037c:	2c00      	cmp	r4, #0
2000037e:	d135      	bne.n	200003ec <flash_do_cmd_cs+0x114>
20000380:	4b2b      	ldr	r3, [pc, #172]	@ (20000430 <flash_do_cmd_cs+0x158>)
20000382:	681a      	ldr	r2, [r3, #0]
20000384:	23c0      	movs	r3, #192	@ 0xc0
20000386:	009b      	lsls	r3, r3, #2
20000388:	4393      	bics	r3, r2
2000038a:	4a2a      	ldr	r2, [pc, #168]	@ (20000434 <flash_do_cmd_cs+0x15c>)
2000038c:	6013      	str	r3, [r2, #0]
2000038e:	47c0      	blx	r8
20000390:	f7ff ff74 	bl	2000027c <flash_enable_xip_via_boot2>
20000394:	a803      	add	r0, sp, #12
20000396:	f7ff ff8b 	bl	200002b0 <flash_restore_hardware_state>
2000039a:	b00b      	add	sp, #44	@ 0x2c
2000039c:	bcf0      	pop	{r4, r5, r6, r7}
2000039e:	46bb      	mov	fp, r7
200003a0:	46b2      	mov	sl, r6
200003a2:	46a9      	mov	r9, r5
200003a4:	46a0      	mov	r8, r4
200003a6:	bdf0      	pop	{r4, r5, r6, r7, pc}
200003a8:	2c00      	cmp	r4, #0
200003aa:	d12f      	bne.n	2000040c <flash_do_cmd_cs+0x134>
200003ac:	22c0      	movs	r2, #192	@ 0xc0
200003ae:	0552      	lsls	r2, r2, #21
200003b0:	6a92      	ldr	r2, [r2, #40]	@ 0x28
200003b2:	4691      	mov	r9, r2
200003b4:	2208      	movs	r2, #8
200003b6:	464f      	mov	r7, r9
200003b8:	403a      	ands	r2, r7
200003ba:	07bf      	lsls	r7, r7, #30
200003bc:	d52d      	bpl.n	2000041a <flash_do_cmd_cs+0x142>
200003be:	2b0d      	cmp	r3, #13
200003c0:	d91b      	bls.n	200003fa <flash_do_cmd_cs+0x122>
200003c2:	2a00      	cmp	r2, #0
200003c4:	d1f0      	bne.n	200003a8 <flash_do_cmd_cs+0xd0>
200003c6:	22c0      	movs	r2, #192	@ 0xc0
200003c8:	0552      	lsls	r2, r2, #21
200003ca:	6a92      	ldr	r2, [r2, #40]	@ 0x28
200003cc:	4691      	mov	r9, r2
200003ce:	2208      	movs	r2, #8
200003d0:	464f      	mov	r7, r9
200003d2:	403a      	ands	r2, r7
200003d4:	07bf      	lsls	r7, r7, #30
200003d6:	d4f2      	bmi.n	200003be <flash_do_cmd_cs+0xe6>
200003d8:	2a00      	cmp	r2, #0
200003da:	d104      	bne.n	200003e6 <flash_do_cmd_cs+0x10e>
200003dc:	002b      	movs	r3, r5
200003de:	4323      	orrs	r3, r4
200003e0:	2b00      	cmp	r3, #0
200003e2:	d1af      	bne.n	20000344 <flash_do_cmd_cs+0x6c>
200003e4:	e7cc      	b.n	20000380 <flash_do_cmd_cs+0xa8>
200003e6:	002b      	movs	r3, r5
200003e8:	2c00      	cmp	r4, #0
200003ea:	d0f9      	beq.n	200003e0 <flash_do_cmd_cs+0x108>
200003ec:	6e0b      	ldr	r3, [r1, #96]	@ 0x60
200003ee:	3c01      	subs	r4, #1
200003f0:	7033      	strb	r3, [r6, #0]
200003f2:	0023      	movs	r3, r4
200003f4:	3601      	adds	r6, #1
200003f6:	432b      	orrs	r3, r5
200003f8:	e7f2      	b.n	200003e0 <flash_do_cmd_cs+0x108>
200003fa:	9f01      	ldr	r7, [sp, #4]
200003fc:	3d01      	subs	r5, #1
200003fe:	783b      	ldrb	r3, [r7, #0]
20000400:	3701      	adds	r7, #1
20000402:	660b      	str	r3, [r1, #96]	@ 0x60
20000404:	9701      	str	r7, [sp, #4]
20000406:	e7e7      	b.n	200003d8 <flash_do_cmd_cs+0x100>
20000408:	2500      	movs	r5, #0
2000040a:	e7e5      	b.n	200003d8 <flash_do_cmd_cs+0x100>
2000040c:	23c0      	movs	r3, #192	@ 0xc0
2000040e:	055b      	lsls	r3, r3, #21
20000410:	6e1b      	ldr	r3, [r3, #96]	@ 0x60
20000412:	3c01      	subs	r4, #1
20000414:	7033      	strb	r3, [r6, #0]
20000416:	3601      	adds	r6, #1
20000418:	e794      	b.n	20000344 <flash_do_cmd_cs+0x6c>
2000041a:	002b      	movs	r3, r5
2000041c:	2a00      	cmp	r2, #0
2000041e:	d1df      	bne.n	200003e0 <flash_do_cmd_cs+0x108>
20000420:	e7dc      	b.n	200003dc <flash_do_cmd_cs+0x104>
20000422:	46c0      	nop			@ (mov r8, r8)
20000424:	00004649 	.word	0x00004649
20000428:	00005845 	.word	0x00005845
2000042c:	00004346 	.word	0x00004346
20000430:	4001800c 	.word	0x4001800c
20000434:	4001900c 	.word	0x4001900c

20000438 <reset_non_control_endpoints>:
20000438:	2200      	movs	r2, #0
2000043a:	4b15      	ldr	r3, [pc, #84]	@ (20000490 <reset_non_control_endpoints+0x58>)
2000043c:	b510      	push	{r4, lr}
2000043e:	609a      	str	r2, [r3, #8]
20000440:	60da      	str	r2, [r3, #12]
20000442:	611a      	str	r2, [r3, #16]
20000444:	615a      	str	r2, [r3, #20]
20000446:	619a      	str	r2, [r3, #24]
20000448:	61da      	str	r2, [r3, #28]
2000044a:	621a      	str	r2, [r3, #32]
2000044c:	625a      	str	r2, [r3, #36]	@ 0x24
2000044e:	629a      	str	r2, [r3, #40]	@ 0x28
20000450:	62da      	str	r2, [r3, #44]	@ 0x2c
20000452:	631a      	str	r2, [r3, #48]	@ 0x30
20000454:	635a      	str	r2, [r3, #52]	@ 0x34
20000456:	639a      	str	r2, [r3, #56]	@ 0x38
20000458:	63da      	str	r2, [r3, #60]	@ 0x3c
2000045a:	641a      	str	r2, [r3, #64]	@ 0x40
2000045c:	645a      	str	r2, [r3, #68]	@ 0x44
2000045e:	649a      	str	r2, [r3, #72]	@ 0x48
20000460:	64da      	str	r2, [r3, #76]	@ 0x4c
20000462:	651a      	str	r2, [r3, #80]	@ 0x50
20000464:	655a      	str	r2, [r3, #84]	@ 0x54
20000466:	659a      	str	r2, [r3, #88]	@ 0x58
20000468:	65da      	str	r2, [r3, #92]	@ 0x5c
2000046a:	661a      	str	r2, [r3, #96]	@ 0x60
2000046c:	665a      	str	r2, [r3, #100]	@ 0x64
2000046e:	669a      	str	r2, [r3, #104]	@ 0x68
20000470:	66da      	str	r2, [r3, #108]	@ 0x6c
20000472:	671a      	str	r2, [r3, #112]	@ 0x70
20000474:	675a      	str	r2, [r3, #116]	@ 0x74
20000476:	679a      	str	r2, [r3, #120]	@ 0x78
20000478:	67da      	str	r2, [r3, #124]	@ 0x7c
2000047a:	32f0      	adds	r2, #240	@ 0xf0
2000047c:	0092      	lsls	r2, r2, #2
2000047e:	2100      	movs	r1, #0
20000480:	4804      	ldr	r0, [pc, #16]	@ (20000494 <reset_non_control_endpoints+0x5c>)
20000482:	f000 fd99 	bl	20000fb8 <____wrap_memset_veneer>
20000486:	4b04      	ldr	r3, [pc, #16]	@ (20000498 <reset_non_control_endpoints+0x60>)
20000488:	4a04      	ldr	r2, [pc, #16]	@ (2000049c <reset_non_control_endpoints+0x64>)
2000048a:	601a      	str	r2, [r3, #0]
2000048c:	bd10      	pop	{r4, pc}
2000048e:	46c0      	nop			@ (mov r8, r8)
20000490:	50100000 	.word	0x50100000
20000494:	2000bb30 	.word	0x2000bb30
20000498:	2000bf04 	.word	0x2000bf04
2000049c:	50100180 	.word	0x50100180

200004a0 <hw_handle_buff_status>:
200004a0:	b5f0      	push	{r4, r5, r6, r7, lr}
200004a2:	464e      	mov	r6, r9
200004a4:	4645      	mov	r5, r8
200004a6:	46de      	mov	lr, fp
200004a8:	4657      	mov	r7, sl
200004aa:	b5e0      	push	{r5, r6, r7, lr}
200004ac:	4b21      	ldr	r3, [pc, #132]	@ (20000534 <hw_handle_buff_status+0x94>)
200004ae:	2400      	movs	r4, #0
200004b0:	6d9e      	ldr	r6, [r3, #88]	@ 0x58
200004b2:	2501      	movs	r5, #1
200004b4:	b085      	sub	sp, #20
200004b6:	2e00      	cmp	r6, #0
200004b8:	d022      	beq.n	20000500 <hw_handle_buff_status+0x60>
200004ba:	4b1f      	ldr	r3, [pc, #124]	@ (20000538 <hw_handle_buff_status+0x98>)
200004bc:	469a      	mov	sl, r3
200004be:	2301      	movs	r3, #1
200004c0:	4699      	mov	r9, r3
200004c2:	4b1e      	ldr	r3, [pc, #120]	@ (2000053c <hw_handle_buff_status+0x9c>)
200004c4:	4698      	mov	r8, r3
200004c6:	e001      	b.n	200004cc <hw_handle_buff_status+0x2c>
200004c8:	2c20      	cmp	r4, #32
200004ca:	d019      	beq.n	20000500 <hw_handle_buff_status+0x60>
200004cc:	002a      	movs	r2, r5
200004ce:	0023      	movs	r3, r4
200004d0:	3401      	adds	r4, #1
200004d2:	002f      	movs	r7, r5
200004d4:	4032      	ands	r2, r6
200004d6:	b2e4      	uxtb	r4, r4
200004d8:	006d      	lsls	r5, r5, #1
200004da:	2a00      	cmp	r2, #0
200004dc:	d0f4      	beq.n	200004c8 <hw_handle_buff_status+0x28>
200004de:	4652      	mov	r2, sl
200004e0:	6597      	str	r7, [r2, #88]	@ 0x58
200004e2:	464a      	mov	r2, r9
200004e4:	085b      	lsrs	r3, r3, #1
200004e6:	005b      	lsls	r3, r3, #1
200004e8:	4022      	ands	r2, r4
200004ea:	189b      	adds	r3, r3, r2
200004ec:	015b      	lsls	r3, r3, #5
200004ee:	4443      	add	r3, r8
200004f0:	0018      	movs	r0, r3
200004f2:	469b      	mov	fp, r3
200004f4:	f000 fc1e 	bl	20000d34 <hw_endpoint_xfer_continue>
200004f8:	2800      	cmp	r0, #0
200004fa:	d108      	bne.n	2000050e <hw_handle_buff_status+0x6e>
200004fc:	43be      	bics	r6, r7
200004fe:	d1e3      	bne.n	200004c8 <hw_handle_buff_status+0x28>
20000500:	b005      	add	sp, #20
20000502:	bcf0      	pop	{r4, r5, r6, r7}
20000504:	46bb      	mov	fp, r7
20000506:	46b2      	mov	sl, r6
20000508:	46a9      	mov	r9, r5
2000050a:	46a0      	mov	r8, r4
2000050c:	bdf0      	pop	{r4, r5, r6, r7, pc}
2000050e:	465b      	mov	r3, fp
20000510:	21e0      	movs	r1, #224	@ 0xe0
20000512:	789a      	ldrb	r2, [r3, #2]
20000514:	8adb      	ldrh	r3, [r3, #22]
20000516:	a801      	add	r0, sp, #4
20000518:	6083      	str	r3, [r0, #8]
2000051a:	2300      	movs	r3, #0
2000051c:	00c9      	lsls	r1, r1, #3
2000051e:	8001      	strh	r1, [r0, #0]
20000520:	2101      	movs	r1, #1
20000522:	7102      	strb	r2, [r0, #4]
20000524:	7143      	strb	r3, [r0, #5]
20000526:	f000 fc25 	bl	20000d74 <dcd_event_handler>
2000052a:	4658      	mov	r0, fp
2000052c:	f000 fba0 	bl	20000c70 <hw_endpoint_reset_transfer>
20000530:	e7e4      	b.n	200004fc <hw_handle_buff_status+0x5c>
20000532:	46c0      	nop			@ (mov r8, r8)
20000534:	50110000 	.word	0x50110000
20000538:	50113000 	.word	0x50113000
2000053c:	2000baf0 	.word	0x2000baf0

20000540 <dcd_rp2040_irq>:
20000540:	2398      	movs	r3, #152	@ 0x98
20000542:	b5f0      	push	{r4, r5, r6, r7, lr}
20000544:	46c6      	mov	lr, r8
20000546:	4ac8      	ldr	r2, [pc, #800]	@ (20000868 <dcd_rp2040_irq+0x328>)
20000548:	b500      	push	{lr}
2000054a:	58d5      	ldr	r5, [r2, r3]
2000054c:	2380      	movs	r3, #128	@ 0x80
2000054e:	002e      	movs	r6, r5
20000550:	029b      	lsls	r3, r3, #10
20000552:	2410      	movs	r4, #16
20000554:	b084      	sub	sp, #16
20000556:	401e      	ands	r6, r3
20000558:	421d      	tst	r5, r3
2000055a:	d074      	beq.n	20000646 <dcd_rp2040_irq+0x106>
2000055c:	4bc3      	ldr	r3, [pc, #780]	@ (2000086c <dcd_rp2040_irq+0x32c>)
2000055e:	4cc4      	ldr	r4, [pc, #784]	@ (20000870 <dcd_rp2040_irq+0x330>)
20000560:	6a9a      	ldr	r2, [r3, #40]	@ 0x28
20000562:	4bc4      	ldr	r3, [pc, #784]	@ (20000874 <dcd_rp2040_irq+0x334>)
20000564:	2600      	movs	r6, #0
20000566:	601a      	str	r2, [r3, #0]
20000568:	233b      	movs	r3, #59	@ 0x3b
2000056a:	5ce3      	ldrb	r3, [r4, r3]
2000056c:	2b02      	cmp	r3, #2
2000056e:	d100      	bne.n	20000572 <dcd_rp2040_irq+0x32>
20000570:	e14f      	b.n	20000812 <dcd_rp2040_irq+0x2d2>
20000572:	237b      	movs	r3, #123	@ 0x7b
20000574:	5ce3      	ldrb	r3, [r4, r3]
20000576:	2b02      	cmp	r3, #2
20000578:	d100      	bne.n	2000057c <dcd_rp2040_irq+0x3c>
2000057a:	e0f3      	b.n	20000764 <dcd_rp2040_irq+0x224>
2000057c:	23bb      	movs	r3, #187	@ 0xbb
2000057e:	5ce3      	ldrb	r3, [r4, r3]
20000580:	2b02      	cmp	r3, #2
20000582:	d100      	bne.n	20000586 <dcd_rp2040_irq+0x46>
20000584:	e0fa      	b.n	2000077c <dcd_rp2040_irq+0x23c>
20000586:	23fb      	movs	r3, #251	@ 0xfb
20000588:	5ce3      	ldrb	r3, [r4, r3]
2000058a:	2b02      	cmp	r3, #2
2000058c:	d100      	bne.n	20000590 <dcd_rp2040_irq+0x50>
2000058e:	e101      	b.n	20000794 <dcd_rp2040_irq+0x254>
20000590:	233c      	movs	r3, #60	@ 0x3c
20000592:	33ff      	adds	r3, #255	@ 0xff
20000594:	5ce3      	ldrb	r3, [r4, r3]
20000596:	2b02      	cmp	r3, #2
20000598:	d100      	bne.n	2000059c <dcd_rp2040_irq+0x5c>
2000059a:	e12d      	b.n	200007f8 <dcd_rp2040_irq+0x2b8>
2000059c:	237c      	movs	r3, #124	@ 0x7c
2000059e:	33ff      	adds	r3, #255	@ 0xff
200005a0:	5ce3      	ldrb	r3, [r4, r3]
200005a2:	2b02      	cmp	r3, #2
200005a4:	d100      	bne.n	200005a8 <dcd_rp2040_irq+0x68>
200005a6:	e10e      	b.n	200007c6 <dcd_rp2040_irq+0x286>
200005a8:	23bc      	movs	r3, #188	@ 0xbc
200005aa:	33ff      	adds	r3, #255	@ 0xff
200005ac:	5ce3      	ldrb	r3, [r4, r3]
200005ae:	2b02      	cmp	r3, #2
200005b0:	d100      	bne.n	200005b4 <dcd_rp2040_irq+0x74>
200005b2:	e13f      	b.n	20000834 <dcd_rp2040_irq+0x2f4>
200005b4:	23fc      	movs	r3, #252	@ 0xfc
200005b6:	33ff      	adds	r3, #255	@ 0xff
200005b8:	5ce3      	ldrb	r3, [r4, r3]
200005ba:	2b02      	cmp	r3, #2
200005bc:	d100      	bne.n	200005c0 <dcd_rp2040_irq+0x80>
200005be:	e0f5      	b.n	200007ac <dcd_rp2040_irq+0x26c>
200005c0:	4bad      	ldr	r3, [pc, #692]	@ (20000878 <dcd_rp2040_irq+0x338>)
200005c2:	5ce3      	ldrb	r3, [r4, r3]
200005c4:	2b02      	cmp	r3, #2
200005c6:	d100      	bne.n	200005ca <dcd_rp2040_irq+0x8a>
200005c8:	e174      	b.n	200008b4 <dcd_rp2040_irq+0x374>
200005ca:	4bac      	ldr	r3, [pc, #688]	@ (2000087c <dcd_rp2040_irq+0x33c>)
200005cc:	5ce3      	ldrb	r3, [r4, r3]
200005ce:	2b02      	cmp	r3, #2
200005d0:	d100      	bne.n	200005d4 <dcd_rp2040_irq+0x94>
200005d2:	e105      	b.n	200007e0 <dcd_rp2040_irq+0x2a0>
200005d4:	4baa      	ldr	r3, [pc, #680]	@ (20000880 <dcd_rp2040_irq+0x340>)
200005d6:	5ce3      	ldrb	r3, [r4, r3]
200005d8:	2b02      	cmp	r3, #2
200005da:	d100      	bne.n	200005de <dcd_rp2040_irq+0x9e>
200005dc:	e175      	b.n	200008ca <dcd_rp2040_irq+0x38a>
200005de:	4ba9      	ldr	r3, [pc, #676]	@ (20000884 <dcd_rp2040_irq+0x344>)
200005e0:	5ce3      	ldrb	r3, [r4, r3]
200005e2:	2b02      	cmp	r3, #2
200005e4:	d100      	bne.n	200005e8 <dcd_rp2040_irq+0xa8>
200005e6:	e132      	b.n	2000084e <dcd_rp2040_irq+0x30e>
200005e8:	4ba7      	ldr	r3, [pc, #668]	@ (20000888 <dcd_rp2040_irq+0x348>)
200005ea:	5ce3      	ldrb	r3, [r4, r3]
200005ec:	2b02      	cmp	r3, #2
200005ee:	d100      	bne.n	200005f2 <dcd_rp2040_irq+0xb2>
200005f0:	e1a0      	b.n	20000934 <dcd_rp2040_irq+0x3f4>
200005f2:	4ba6      	ldr	r3, [pc, #664]	@ (2000088c <dcd_rp2040_irq+0x34c>)
200005f4:	5ce3      	ldrb	r3, [r4, r3]
200005f6:	2b02      	cmp	r3, #2
200005f8:	d100      	bne.n	200005fc <dcd_rp2040_irq+0xbc>
200005fa:	e171      	b.n	200008e0 <dcd_rp2040_irq+0x3a0>
200005fc:	4ba4      	ldr	r3, [pc, #656]	@ (20000890 <dcd_rp2040_irq+0x350>)
200005fe:	5ce3      	ldrb	r3, [r4, r3]
20000600:	2b02      	cmp	r3, #2
20000602:	d100      	bne.n	20000606 <dcd_rp2040_irq+0xc6>
20000604:	e1a1      	b.n	2000094a <dcd_rp2040_irq+0x40a>
20000606:	4ba3      	ldr	r3, [pc, #652]	@ (20000894 <dcd_rp2040_irq+0x354>)
20000608:	5ce3      	ldrb	r3, [r4, r3]
2000060a:	2b02      	cmp	r3, #2
2000060c:	d100      	bne.n	20000610 <dcd_rp2040_irq+0xd0>
2000060e:	e17f      	b.n	20000910 <dcd_rp2040_irq+0x3d0>
20000610:	2e00      	cmp	r6, #0
20000612:	d108      	bne.n	20000626 <dcd_rp2040_irq+0xe6>
20000614:	4ba0      	ldr	r3, [pc, #640]	@ (20000898 <dcd_rp2040_irq+0x358>)
20000616:	781b      	ldrb	r3, [r3, #0]
20000618:	2b00      	cmp	r3, #0
2000061a:	d104      	bne.n	20000626 <dcd_rp2040_irq+0xe6>
2000061c:	2180      	movs	r1, #128	@ 0x80
2000061e:	4a9f      	ldr	r2, [pc, #636]	@ (2000089c <dcd_rp2040_irq+0x35c>)
20000620:	3390      	adds	r3, #144	@ 0x90
20000622:	0289      	lsls	r1, r1, #10
20000624:	50d1      	str	r1, [r2, r3]
20000626:	22c0      	movs	r2, #192	@ 0xc0
20000628:	4669      	mov	r1, sp
2000062a:	4b8f      	ldr	r3, [pc, #572]	@ (20000868 <dcd_rp2040_irq+0x328>)
2000062c:	0092      	lsls	r2, r2, #2
2000062e:	6c9b      	ldr	r3, [r3, #72]	@ 0x48
20000630:	2680      	movs	r6, #128	@ 0x80
20000632:	055b      	lsls	r3, r3, #21
20000634:	808a      	strh	r2, [r1, #4]
20000636:	0d5b      	lsrs	r3, r3, #21
20000638:	2101      	movs	r1, #1
2000063a:	a801      	add	r0, sp, #4
2000063c:	9302      	str	r3, [sp, #8]
2000063e:	f000 fb99 	bl	20000d74 <dcd_event_handler>
20000642:	4c97      	ldr	r4, [pc, #604]	@ (200008a0 <dcd_rp2040_irq+0x360>)
20000644:	02b6      	lsls	r6, r6, #10
20000646:	06eb      	lsls	r3, r5, #27
20000648:	d500      	bpl.n	2000064c <dcd_rp2040_irq+0x10c>
2000064a:	e07f      	b.n	2000074c <dcd_rp2040_irq+0x20c>
2000064c:	2380      	movs	r3, #128	@ 0x80
2000064e:	025b      	lsls	r3, r3, #9
20000650:	421d      	tst	r5, r3
20000652:	d031      	beq.n	200006b8 <dcd_rp2040_irq+0x178>
20000654:	431e      	orrs	r6, r3
20000656:	2301      	movs	r3, #1
20000658:	2402      	movs	r4, #2
2000065a:	4698      	mov	r8, r3
2000065c:	4f84      	ldr	r7, [pc, #528]	@ (20000870 <dcd_rp2040_irq+0x330>)
2000065e:	7ebb      	ldrb	r3, [r7, #26]
20000660:	2b00      	cmp	r3, #0
20000662:	d014      	beq.n	2000068e <dcd_rp2040_irq+0x14e>
20000664:	f000 fcc8 	bl	20000ff8 <__rp2040_chip_version_veneer>
20000668:	2801      	cmp	r0, #1
2000066a:	d900      	bls.n	2000066e <dcd_rp2040_irq+0x12e>
2000066c:	e072      	b.n	20000754 <dcd_rp2040_irq+0x214>
2000066e:	22c0      	movs	r2, #192	@ 0xc0
20000670:	2100      	movs	r1, #0
20000672:	0038      	movs	r0, r7
20000674:	0192      	lsls	r2, r2, #6
20000676:	f000 fb01 	bl	20000c7c <_hw_endpoint_buffer_control_update32>
2000067a:	0038      	movs	r0, r7
2000067c:	f000 faf8 	bl	20000c70 <hw_endpoint_reset_transfer>
20000680:	f000 fcba 	bl	20000ff8 <__rp2040_chip_version_veneer>
20000684:	2801      	cmp	r0, #1
20000686:	d902      	bls.n	2000068e <dcd_rp2040_irq+0x14e>
20000688:	4b84      	ldr	r3, [pc, #528]	@ (2000089c <dcd_rp2040_irq+0x35c>)
2000068a:	665c      	str	r4, [r3, #100]	@ 0x64
2000068c:	661c      	str	r4, [r3, #96]	@ 0x60
2000068e:	4643      	mov	r3, r8
20000690:	70fb      	strb	r3, [r7, #3]
20000692:	3720      	adds	r7, #32
20000694:	2c01      	cmp	r4, #1
20000696:	d122      	bne.n	200006de <dcd_rp2040_irq+0x19e>
20000698:	23c0      	movs	r3, #192	@ 0xc0
2000069a:	466a      	mov	r2, sp
2000069c:	00db      	lsls	r3, r3, #3
2000069e:	8093      	strh	r3, [r2, #4]
200006a0:	4a80      	ldr	r2, [pc, #512]	@ (200008a4 <dcd_rp2040_irq+0x364>)
200006a2:	ab02      	add	r3, sp, #8
200006a4:	ca03      	ldmia	r2!, {r0, r1}
200006a6:	c303      	stmia	r3!, {r0, r1}
200006a8:	2101      	movs	r1, #1
200006aa:	a801      	add	r0, sp, #4
200006ac:	f000 fb62 	bl	20000d74 <dcd_event_handler>
200006b0:	2280      	movs	r2, #128	@ 0x80
200006b2:	4b7a      	ldr	r3, [pc, #488]	@ (2000089c <dcd_rp2040_irq+0x35c>)
200006b4:	0292      	lsls	r2, r2, #10
200006b6:	651a      	str	r2, [r3, #80]	@ 0x50
200006b8:	2380      	movs	r3, #128	@ 0x80
200006ba:	015b      	lsls	r3, r3, #5
200006bc:	421d      	tst	r5, r3
200006be:	d110      	bne.n	200006e2 <dcd_rp2040_irq+0x1a2>
200006c0:	2380      	movs	r3, #128	@ 0x80
200006c2:	01db      	lsls	r3, r3, #7
200006c4:	421d      	tst	r5, r3
200006c6:	d123      	bne.n	20000710 <dcd_rp2040_irq+0x1d0>
200006c8:	2380      	movs	r3, #128	@ 0x80
200006ca:	021b      	lsls	r3, r3, #8
200006cc:	421d      	tst	r5, r3
200006ce:	d12f      	bne.n	20000730 <dcd_rp2040_irq+0x1f0>
200006d0:	42ae      	cmp	r6, r5
200006d2:	d000      	beq.n	200006d6 <dcd_rp2040_irq+0x196>
200006d4:	e1c0      	b.n	20000a58 <dcd_rp2040_irq+0x518>
200006d6:	b004      	add	sp, #16
200006d8:	bc80      	pop	{r7}
200006da:	46b8      	mov	r8, r7
200006dc:	bdf0      	pop	{r4, r5, r6, r7, pc}
200006de:	2401      	movs	r4, #1
200006e0:	e7bd      	b.n	2000065e <dcd_rp2040_irq+0x11e>
200006e2:	2400      	movs	r4, #0
200006e4:	431e      	orrs	r6, r3
200006e6:	4b60      	ldr	r3, [pc, #384]	@ (20000868 <dcd_rp2040_irq+0x328>)
200006e8:	601c      	str	r4, [r3, #0]
200006ea:	f7ff fea5 	bl	20000438 <reset_non_control_endpoints>
200006ee:	2380      	movs	r3, #128	@ 0x80
200006f0:	466a      	mov	r2, sp
200006f2:	005b      	lsls	r3, r3, #1
200006f4:	8093      	strh	r3, [r2, #4]
200006f6:	7214      	strb	r4, [r2, #8]
200006f8:	2101      	movs	r1, #1
200006fa:	a801      	add	r0, sp, #4
200006fc:	f000 fb3a 	bl	20000d74 <dcd_event_handler>
20000700:	2280      	movs	r2, #128	@ 0x80
20000702:	4b66      	ldr	r3, [pc, #408]	@ (2000089c <dcd_rp2040_irq+0x35c>)
20000704:	0312      	lsls	r2, r2, #12
20000706:	651a      	str	r2, [r3, #80]	@ 0x50
20000708:	2380      	movs	r3, #128	@ 0x80
2000070a:	01db      	lsls	r3, r3, #7
2000070c:	421d      	tst	r5, r3
2000070e:	d0db      	beq.n	200006c8 <dcd_rp2040_irq+0x188>
20000710:	431e      	orrs	r6, r3
20000712:	2380      	movs	r3, #128	@ 0x80
20000714:	466a      	mov	r2, sp
20000716:	00db      	lsls	r3, r3, #3
20000718:	8093      	strh	r3, [r2, #4]
2000071a:	2101      	movs	r1, #1
2000071c:	a801      	add	r0, sp, #4
2000071e:	f000 fb29 	bl	20000d74 <dcd_event_handler>
20000722:	2210      	movs	r2, #16
20000724:	4b5d      	ldr	r3, [pc, #372]	@ (2000089c <dcd_rp2040_irq+0x35c>)
20000726:	651a      	str	r2, [r3, #80]	@ 0x50
20000728:	2380      	movs	r3, #128	@ 0x80
2000072a:	021b      	lsls	r3, r3, #8
2000072c:	421d      	tst	r5, r3
2000072e:	d0cf      	beq.n	200006d0 <dcd_rp2040_irq+0x190>
20000730:	431e      	orrs	r6, r3
20000732:	23a0      	movs	r3, #160	@ 0xa0
20000734:	466a      	mov	r2, sp
20000736:	00db      	lsls	r3, r3, #3
20000738:	8093      	strh	r3, [r2, #4]
2000073a:	2101      	movs	r1, #1
2000073c:	a801      	add	r0, sp, #4
2000073e:	f000 fb19 	bl	20000d74 <dcd_event_handler>
20000742:	2280      	movs	r2, #128	@ 0x80
20000744:	4b55      	ldr	r3, [pc, #340]	@ (2000089c <dcd_rp2040_irq+0x35c>)
20000746:	0112      	lsls	r2, r2, #4
20000748:	651a      	str	r2, [r3, #80]	@ 0x50
2000074a:	e7c1      	b.n	200006d0 <dcd_rp2040_irq+0x190>
2000074c:	f7ff fea8 	bl	200004a0 <hw_handle_buff_status>
20000750:	0026      	movs	r6, r4
20000752:	e77b      	b.n	2000064c <dcd_rp2040_irq+0x10c>
20000754:	4b54      	ldr	r3, [pc, #336]	@ (200008a8 <dcd_rp2040_irq+0x368>)
20000756:	4a44      	ldr	r2, [pc, #272]	@ (20000868 <dcd_rp2040_irq+0x328>)
20000758:	661c      	str	r4, [r3, #96]	@ 0x60
2000075a:	6e53      	ldr	r3, [r2, #100]	@ 0x64
2000075c:	4023      	ands	r3, r4
2000075e:	42a3      	cmp	r3, r4
20000760:	d1fb      	bne.n	2000075a <dcd_rp2040_irq+0x21a>
20000762:	e784      	b.n	2000066e <dcd_rp2040_irq+0x12e>
20000764:	3378      	adds	r3, #120	@ 0x78
20000766:	5ce7      	ldrb	r7, [r4, r3]
20000768:	2f00      	cmp	r7, #0
2000076a:	d100      	bne.n	2000076e <dcd_rp2040_irq+0x22e>
2000076c:	e706      	b.n	2000057c <dcd_rp2040_irq+0x3c>
2000076e:	3302      	adds	r3, #2
20000770:	5ce2      	ldrb	r2, [r4, r3]
20000772:	2a00      	cmp	r2, #0
20000774:	d000      	beq.n	20000778 <dcd_rp2040_irq+0x238>
20000776:	e10d      	b.n	20000994 <dcd_rp2040_irq+0x454>
20000778:	003e      	movs	r6, r7
2000077a:	e6ff      	b.n	2000057c <dcd_rp2040_irq+0x3c>
2000077c:	33b8      	adds	r3, #184	@ 0xb8
2000077e:	5ce7      	ldrb	r7, [r4, r3]
20000780:	2f00      	cmp	r7, #0
20000782:	d100      	bne.n	20000786 <dcd_rp2040_irq+0x246>
20000784:	e6ff      	b.n	20000586 <dcd_rp2040_irq+0x46>
20000786:	3302      	adds	r3, #2
20000788:	5ce2      	ldrb	r2, [r4, r3]
2000078a:	2a00      	cmp	r2, #0
2000078c:	d000      	beq.n	20000790 <dcd_rp2040_irq+0x250>
2000078e:	e0f9      	b.n	20000984 <dcd_rp2040_irq+0x444>
20000790:	003e      	movs	r6, r7
20000792:	e6f8      	b.n	20000586 <dcd_rp2040_irq+0x46>
20000794:	33f8      	adds	r3, #248	@ 0xf8
20000796:	5ce7      	ldrb	r7, [r4, r3]
20000798:	2f00      	cmp	r7, #0
2000079a:	d100      	bne.n	2000079e <dcd_rp2040_irq+0x25e>
2000079c:	e6f8      	b.n	20000590 <dcd_rp2040_irq+0x50>
2000079e:	3302      	adds	r3, #2
200007a0:	5ce2      	ldrb	r2, [r4, r3]
200007a2:	2a00      	cmp	r2, #0
200007a4:	d000      	beq.n	200007a8 <dcd_rp2040_irq+0x268>
200007a6:	e141      	b.n	20000a2c <dcd_rp2040_irq+0x4ec>
200007a8:	003e      	movs	r6, r7
200007aa:	e6f1      	b.n	20000590 <dcd_rp2040_irq+0x50>
200007ac:	33f9      	adds	r3, #249	@ 0xf9
200007ae:	33ff      	adds	r3, #255	@ 0xff
200007b0:	5ce7      	ldrb	r7, [r4, r3]
200007b2:	2f00      	cmp	r7, #0
200007b4:	d100      	bne.n	200007b8 <dcd_rp2040_irq+0x278>
200007b6:	e703      	b.n	200005c0 <dcd_rp2040_irq+0x80>
200007b8:	3302      	adds	r3, #2
200007ba:	5ce2      	ldrb	r2, [r4, r3]
200007bc:	2a00      	cmp	r2, #0
200007be:	d000      	beq.n	200007c2 <dcd_rp2040_irq+0x282>
200007c0:	e12b      	b.n	20000a1a <dcd_rp2040_irq+0x4da>
200007c2:	003e      	movs	r6, r7
200007c4:	e6fc      	b.n	200005c0 <dcd_rp2040_irq+0x80>
200007c6:	3379      	adds	r3, #121	@ 0x79
200007c8:	33ff      	adds	r3, #255	@ 0xff
200007ca:	5ce7      	ldrb	r7, [r4, r3]
200007cc:	2f00      	cmp	r7, #0
200007ce:	d100      	bne.n	200007d2 <dcd_rp2040_irq+0x292>
200007d0:	e6ea      	b.n	200005a8 <dcd_rp2040_irq+0x68>
200007d2:	3302      	adds	r3, #2
200007d4:	5ce2      	ldrb	r2, [r4, r3]
200007d6:	2a00      	cmp	r2, #0
200007d8:	d000      	beq.n	200007dc <dcd_rp2040_irq+0x29c>
200007da:	e115      	b.n	20000a08 <dcd_rp2040_irq+0x4c8>
200007dc:	003e      	movs	r6, r7
200007de:	e6e3      	b.n	200005a8 <dcd_rp2040_irq+0x68>
200007e0:	4b32      	ldr	r3, [pc, #200]	@ (200008ac <dcd_rp2040_irq+0x36c>)
200007e2:	5ce7      	ldrb	r7, [r4, r3]
200007e4:	2f00      	cmp	r7, #0
200007e6:	d100      	bne.n	200007ea <dcd_rp2040_irq+0x2aa>
200007e8:	e6f4      	b.n	200005d4 <dcd_rp2040_irq+0x94>
200007ea:	3302      	adds	r3, #2
200007ec:	5ce2      	ldrb	r2, [r4, r3]
200007ee:	2a00      	cmp	r2, #0
200007f0:	d000      	beq.n	200007f4 <dcd_rp2040_irq+0x2b4>
200007f2:	e101      	b.n	200009f8 <dcd_rp2040_irq+0x4b8>
200007f4:	003e      	movs	r6, r7
200007f6:	e6ed      	b.n	200005d4 <dcd_rp2040_irq+0x94>
200007f8:	3339      	adds	r3, #57	@ 0x39
200007fa:	33ff      	adds	r3, #255	@ 0xff
200007fc:	5ce7      	ldrb	r7, [r4, r3]
200007fe:	2f00      	cmp	r7, #0
20000800:	d100      	bne.n	20000804 <dcd_rp2040_irq+0x2c4>
20000802:	e6cb      	b.n	2000059c <dcd_rp2040_irq+0x5c>
20000804:	3302      	adds	r3, #2
20000806:	5ce2      	ldrb	r2, [r4, r3]
20000808:	2a00      	cmp	r2, #0
2000080a:	d000      	beq.n	2000080e <dcd_rp2040_irq+0x2ce>
2000080c:	e0eb      	b.n	200009e6 <dcd_rp2040_irq+0x4a6>
2000080e:	003e      	movs	r6, r7
20000810:	e6c4      	b.n	2000059c <dcd_rp2040_irq+0x5c>
20000812:	3338      	adds	r3, #56	@ 0x38
20000814:	5ce6      	ldrb	r6, [r4, r3]
20000816:	2e00      	cmp	r6, #0
20000818:	d100      	bne.n	2000081c <dcd_rp2040_irq+0x2dc>
2000081a:	e6aa      	b.n	20000572 <dcd_rp2040_irq+0x32>
2000081c:	3302      	adds	r3, #2
2000081e:	5ce2      	ldrb	r2, [r4, r3]
20000820:	2a00      	cmp	r2, #0
20000822:	d100      	bne.n	20000826 <dcd_rp2040_irq+0x2e6>
20000824:	e6a5      	b.n	20000572 <dcd_rp2040_irq+0x32>
20000826:	0020      	movs	r0, r4
20000828:	2200      	movs	r2, #0
2000082a:	3020      	adds	r0, #32
2000082c:	54e2      	strb	r2, [r4, r3]
2000082e:	f000 fa4d 	bl	20000ccc <hw_endpoint_start_next_buffer>
20000832:	e69e      	b.n	20000572 <dcd_rp2040_irq+0x32>
20000834:	33b9      	adds	r3, #185	@ 0xb9
20000836:	33ff      	adds	r3, #255	@ 0xff
20000838:	5ce7      	ldrb	r7, [r4, r3]
2000083a:	2f00      	cmp	r7, #0
2000083c:	d100      	bne.n	20000840 <dcd_rp2040_irq+0x300>
2000083e:	e6b9      	b.n	200005b4 <dcd_rp2040_irq+0x74>
20000840:	3302      	adds	r3, #2
20000842:	5ce2      	ldrb	r2, [r4, r3]
20000844:	2a00      	cmp	r2, #0
20000846:	d000      	beq.n	2000084a <dcd_rp2040_irq+0x30a>
20000848:	e0c4      	b.n	200009d4 <dcd_rp2040_irq+0x494>
2000084a:	003e      	movs	r6, r7
2000084c:	e6b2      	b.n	200005b4 <dcd_rp2040_irq+0x74>
2000084e:	4b18      	ldr	r3, [pc, #96]	@ (200008b0 <dcd_rp2040_irq+0x370>)
20000850:	5ce7      	ldrb	r7, [r4, r3]
20000852:	2f00      	cmp	r7, #0
20000854:	d100      	bne.n	20000858 <dcd_rp2040_irq+0x318>
20000856:	e6c7      	b.n	200005e8 <dcd_rp2040_irq+0xa8>
20000858:	3302      	adds	r3, #2
2000085a:	5ce2      	ldrb	r2, [r4, r3]
2000085c:	2a00      	cmp	r2, #0
2000085e:	d000      	beq.n	20000862 <dcd_rp2040_irq+0x322>
20000860:	e0b0      	b.n	200009c4 <dcd_rp2040_irq+0x484>
20000862:	003e      	movs	r6, r7
20000864:	e6c0      	b.n	200005e8 <dcd_rp2040_irq+0xa8>
20000866:	46c0      	nop			@ (mov r8, r8)
20000868:	50110000 	.word	0x50110000
2000086c:	40054000 	.word	0x40054000
20000870:	2000baf0 	.word	0x2000baf0
20000874:	20001ae8 	.word	0x20001ae8
20000878:	0000023b 	.word	0x0000023b
2000087c:	0000027b 	.word	0x0000027b
20000880:	000002bb 	.word	0x000002bb
20000884:	000002fb 	.word	0x000002fb
20000888:	0000033b 	.word	0x0000033b
2000088c:	0000037b 	.word	0x0000037b
20000890:	000003bb 	.word	0x000003bb
20000894:	000003fb 	.word	0x000003fb
20000898:	2000bf67 	.word	0x2000bf67
2000089c:	50113000 	.word	0x50113000
200008a0:	00020010 	.word	0x00020010
200008a4:	50100000 	.word	0x50100000
200008a8:	50112000 	.word	0x50112000
200008ac:	0000027a 	.word	0x0000027a
200008b0:	000002fa 	.word	0x000002fa
200008b4:	4b6b      	ldr	r3, [pc, #428]	@ (20000a64 <dcd_rp2040_irq+0x524>)
200008b6:	5ce7      	ldrb	r7, [r4, r3]
200008b8:	2f00      	cmp	r7, #0
200008ba:	d100      	bne.n	200008be <dcd_rp2040_irq+0x37e>
200008bc:	e685      	b.n	200005ca <dcd_rp2040_irq+0x8a>
200008be:	3302      	adds	r3, #2
200008c0:	5ce2      	ldrb	r2, [r4, r3]
200008c2:	2a00      	cmp	r2, #0
200008c4:	d176      	bne.n	200009b4 <dcd_rp2040_irq+0x474>
200008c6:	003e      	movs	r6, r7
200008c8:	e67f      	b.n	200005ca <dcd_rp2040_irq+0x8a>
200008ca:	4b67      	ldr	r3, [pc, #412]	@ (20000a68 <dcd_rp2040_irq+0x528>)
200008cc:	5ce7      	ldrb	r7, [r4, r3]
200008ce:	2f00      	cmp	r7, #0
200008d0:	d100      	bne.n	200008d4 <dcd_rp2040_irq+0x394>
200008d2:	e684      	b.n	200005de <dcd_rp2040_irq+0x9e>
200008d4:	3302      	adds	r3, #2
200008d6:	5ce2      	ldrb	r2, [r4, r3]
200008d8:	2a00      	cmp	r2, #0
200008da:	d163      	bne.n	200009a4 <dcd_rp2040_irq+0x464>
200008dc:	003e      	movs	r6, r7
200008de:	e67e      	b.n	200005de <dcd_rp2040_irq+0x9e>
200008e0:	4b62      	ldr	r3, [pc, #392]	@ (20000a6c <dcd_rp2040_irq+0x52c>)
200008e2:	5ce7      	ldrb	r7, [r4, r3]
200008e4:	2f00      	cmp	r7, #0
200008e6:	d100      	bne.n	200008ea <dcd_rp2040_irq+0x3aa>
200008e8:	e688      	b.n	200005fc <dcd_rp2040_irq+0xbc>
200008ea:	3302      	adds	r3, #2
200008ec:	5ce2      	ldrb	r2, [r4, r3]
200008ee:	2a00      	cmp	r2, #0
200008f0:	d000      	beq.n	200008f4 <dcd_rp2040_irq+0x3b4>
200008f2:	e0a3      	b.n	20000a3c <dcd_rp2040_irq+0x4fc>
200008f4:	4b5e      	ldr	r3, [pc, #376]	@ (20000a70 <dcd_rp2040_irq+0x530>)
200008f6:	5ce3      	ldrb	r3, [r4, r3]
200008f8:	2b02      	cmp	r3, #2
200008fa:	d130      	bne.n	2000095e <dcd_rp2040_irq+0x41e>
200008fc:	4b5d      	ldr	r3, [pc, #372]	@ (20000a74 <dcd_rp2040_irq+0x534>)
200008fe:	5ce3      	ldrb	r3, [r4, r3]
20000900:	2b00      	cmp	r3, #0
20000902:	d127      	bne.n	20000954 <dcd_rp2040_irq+0x414>
20000904:	4b5c      	ldr	r3, [pc, #368]	@ (20000a78 <dcd_rp2040_irq+0x538>)
20000906:	5ce3      	ldrb	r3, [r4, r3]
20000908:	2b02      	cmp	r3, #2
2000090a:	d000      	beq.n	2000090e <dcd_rp2040_irq+0x3ce>
2000090c:	e68b      	b.n	20000626 <dcd_rp2040_irq+0xe6>
2000090e:	003e      	movs	r6, r7
20000910:	4b5a      	ldr	r3, [pc, #360]	@ (20000a7c <dcd_rp2040_irq+0x53c>)
20000912:	5ce3      	ldrb	r3, [r4, r3]
20000914:	2b00      	cmp	r3, #0
20000916:	d100      	bne.n	2000091a <dcd_rp2040_irq+0x3da>
20000918:	e67a      	b.n	20000610 <dcd_rp2040_irq+0xd0>
2000091a:	23ff      	movs	r3, #255	@ 0xff
2000091c:	009b      	lsls	r3, r3, #2
2000091e:	5ce2      	ldrb	r2, [r4, r3]
20000920:	2a00      	cmp	r2, #0
20000922:	d100      	bne.n	20000926 <dcd_rp2040_irq+0x3e6>
20000924:	e67f      	b.n	20000626 <dcd_rp2040_irq+0xe6>
20000926:	2200      	movs	r2, #0
20000928:	54e2      	strb	r2, [r4, r3]
2000092a:	3b1c      	subs	r3, #28
2000092c:	18e0      	adds	r0, r4, r3
2000092e:	f000 f9cd 	bl	20000ccc <hw_endpoint_start_next_buffer>
20000932:	e678      	b.n	20000626 <dcd_rp2040_irq+0xe6>
20000934:	4b52      	ldr	r3, [pc, #328]	@ (20000a80 <dcd_rp2040_irq+0x540>)
20000936:	5ce7      	ldrb	r7, [r4, r3]
20000938:	2f00      	cmp	r7, #0
2000093a:	d100      	bne.n	2000093e <dcd_rp2040_irq+0x3fe>
2000093c:	e659      	b.n	200005f2 <dcd_rp2040_irq+0xb2>
2000093e:	3302      	adds	r3, #2
20000940:	5ce2      	ldrb	r2, [r4, r3]
20000942:	2a00      	cmp	r2, #0
20000944:	d116      	bne.n	20000974 <dcd_rp2040_irq+0x434>
20000946:	003e      	movs	r6, r7
20000948:	e653      	b.n	200005f2 <dcd_rp2040_irq+0xb2>
2000094a:	4b4a      	ldr	r3, [pc, #296]	@ (20000a74 <dcd_rp2040_irq+0x534>)
2000094c:	5ce3      	ldrb	r3, [r4, r3]
2000094e:	2b00      	cmp	r3, #0
20000950:	d100      	bne.n	20000954 <dcd_rp2040_irq+0x414>
20000952:	e658      	b.n	20000606 <dcd_rp2040_irq+0xc6>
20000954:	23ef      	movs	r3, #239	@ 0xef
20000956:	009b      	lsls	r3, r3, #2
20000958:	5ce2      	ldrb	r2, [r4, r3]
2000095a:	2a00      	cmp	r2, #0
2000095c:	d175      	bne.n	20000a4a <dcd_rp2040_irq+0x50a>
2000095e:	4b46      	ldr	r3, [pc, #280]	@ (20000a78 <dcd_rp2040_irq+0x538>)
20000960:	5ce3      	ldrb	r3, [r4, r3]
20000962:	2b02      	cmp	r3, #2
20000964:	d000      	beq.n	20000968 <dcd_rp2040_irq+0x428>
20000966:	e65e      	b.n	20000626 <dcd_rp2040_irq+0xe6>
20000968:	4b44      	ldr	r3, [pc, #272]	@ (20000a7c <dcd_rp2040_irq+0x53c>)
2000096a:	5ce3      	ldrb	r3, [r4, r3]
2000096c:	2b00      	cmp	r3, #0
2000096e:	d100      	bne.n	20000972 <dcd_rp2040_irq+0x432>
20000970:	e659      	b.n	20000626 <dcd_rp2040_irq+0xe6>
20000972:	e7d2      	b.n	2000091a <dcd_rp2040_irq+0x3da>
20000974:	2200      	movs	r2, #0
20000976:	54e2      	strb	r2, [r4, r3]
20000978:	3b1c      	subs	r3, #28
2000097a:	18e0      	adds	r0, r4, r3
2000097c:	f000 f9a6 	bl	20000ccc <hw_endpoint_start_next_buffer>
20000980:	003e      	movs	r6, r7
20000982:	e636      	b.n	200005f2 <dcd_rp2040_irq+0xb2>
20000984:	0020      	movs	r0, r4
20000986:	2200      	movs	r2, #0
20000988:	30a0      	adds	r0, #160	@ 0xa0
2000098a:	54e2      	strb	r2, [r4, r3]
2000098c:	003e      	movs	r6, r7
2000098e:	f000 f99d 	bl	20000ccc <hw_endpoint_start_next_buffer>
20000992:	e5f8      	b.n	20000586 <dcd_rp2040_irq+0x46>
20000994:	0020      	movs	r0, r4
20000996:	2200      	movs	r2, #0
20000998:	3060      	adds	r0, #96	@ 0x60
2000099a:	54e2      	strb	r2, [r4, r3]
2000099c:	003e      	movs	r6, r7
2000099e:	f000 f995 	bl	20000ccc <hw_endpoint_start_next_buffer>
200009a2:	e5eb      	b.n	2000057c <dcd_rp2040_irq+0x3c>
200009a4:	2200      	movs	r2, #0
200009a6:	54e2      	strb	r2, [r4, r3]
200009a8:	3b1c      	subs	r3, #28
200009aa:	18e0      	adds	r0, r4, r3
200009ac:	f000 f98e 	bl	20000ccc <hw_endpoint_start_next_buffer>
200009b0:	003e      	movs	r6, r7
200009b2:	e614      	b.n	200005de <dcd_rp2040_irq+0x9e>
200009b4:	2200      	movs	r2, #0
200009b6:	54e2      	strb	r2, [r4, r3]
200009b8:	3b1c      	subs	r3, #28
200009ba:	18e0      	adds	r0, r4, r3
200009bc:	f000 f986 	bl	20000ccc <hw_endpoint_start_next_buffer>
200009c0:	003e      	movs	r6, r7
200009c2:	e602      	b.n	200005ca <dcd_rp2040_irq+0x8a>
200009c4:	2200      	movs	r2, #0
200009c6:	54e2      	strb	r2, [r4, r3]
200009c8:	3b1c      	subs	r3, #28
200009ca:	18e0      	adds	r0, r4, r3
200009cc:	f000 f97e 	bl	20000ccc <hw_endpoint_start_next_buffer>
200009d0:	003e      	movs	r6, r7
200009d2:	e609      	b.n	200005e8 <dcd_rp2040_irq+0xa8>
200009d4:	0020      	movs	r0, r4
200009d6:	2200      	movs	r2, #0
200009d8:	30a1      	adds	r0, #161	@ 0xa1
200009da:	30ff      	adds	r0, #255	@ 0xff
200009dc:	54e2      	strb	r2, [r4, r3]
200009de:	003e      	movs	r6, r7
200009e0:	f000 f974 	bl	20000ccc <hw_endpoint_start_next_buffer>
200009e4:	e5e6      	b.n	200005b4 <dcd_rp2040_irq+0x74>
200009e6:	0020      	movs	r0, r4
200009e8:	2200      	movs	r2, #0
200009ea:	3021      	adds	r0, #33	@ 0x21
200009ec:	30ff      	adds	r0, #255	@ 0xff
200009ee:	54e2      	strb	r2, [r4, r3]
200009f0:	003e      	movs	r6, r7
200009f2:	f000 f96b 	bl	20000ccc <hw_endpoint_start_next_buffer>
200009f6:	e5d1      	b.n	2000059c <dcd_rp2040_irq+0x5c>
200009f8:	2200      	movs	r2, #0
200009fa:	54e2      	strb	r2, [r4, r3]
200009fc:	3b1c      	subs	r3, #28
200009fe:	18e0      	adds	r0, r4, r3
20000a00:	f000 f964 	bl	20000ccc <hw_endpoint_start_next_buffer>
20000a04:	003e      	movs	r6, r7
20000a06:	e5e5      	b.n	200005d4 <dcd_rp2040_irq+0x94>
20000a08:	0020      	movs	r0, r4
20000a0a:	2200      	movs	r2, #0
20000a0c:	3061      	adds	r0, #97	@ 0x61
20000a0e:	30ff      	adds	r0, #255	@ 0xff
20000a10:	54e2      	strb	r2, [r4, r3]
20000a12:	003e      	movs	r6, r7
20000a14:	f000 f95a 	bl	20000ccc <hw_endpoint_start_next_buffer>
20000a18:	e5c6      	b.n	200005a8 <dcd_rp2040_irq+0x68>
20000a1a:	0020      	movs	r0, r4
20000a1c:	2200      	movs	r2, #0
20000a1e:	30e1      	adds	r0, #225	@ 0xe1
20000a20:	30ff      	adds	r0, #255	@ 0xff
20000a22:	54e2      	strb	r2, [r4, r3]
20000a24:	003e      	movs	r6, r7
20000a26:	f000 f951 	bl	20000ccc <hw_endpoint_start_next_buffer>
20000a2a:	e5c9      	b.n	200005c0 <dcd_rp2040_irq+0x80>
20000a2c:	0020      	movs	r0, r4
20000a2e:	2200      	movs	r2, #0
20000a30:	30e0      	adds	r0, #224	@ 0xe0
20000a32:	54e2      	strb	r2, [r4, r3]
20000a34:	003e      	movs	r6, r7
20000a36:	f000 f949 	bl	20000ccc <hw_endpoint_start_next_buffer>
20000a3a:	e5a9      	b.n	20000590 <dcd_rp2040_irq+0x50>
20000a3c:	2200      	movs	r2, #0
20000a3e:	54e2      	strb	r2, [r4, r3]
20000a40:	3b1c      	subs	r3, #28
20000a42:	18e0      	adds	r0, r4, r3
20000a44:	f000 f942 	bl	20000ccc <hw_endpoint_start_next_buffer>
20000a48:	e754      	b.n	200008f4 <dcd_rp2040_irq+0x3b4>
20000a4a:	2200      	movs	r2, #0
20000a4c:	54e2      	strb	r2, [r4, r3]
20000a4e:	3b1c      	subs	r3, #28
20000a50:	18e0      	adds	r0, r4, r3
20000a52:	f000 f93b 	bl	20000ccc <hw_endpoint_start_next_buffer>
20000a56:	e782      	b.n	2000095e <dcd_rp2040_irq+0x41e>
20000a58:	0031      	movs	r1, r6
20000a5a:	480a      	ldr	r0, [pc, #40]	@ (20000a84 <dcd_rp2040_irq+0x544>)
20000a5c:	4069      	eors	r1, r5
20000a5e:	f000 fab3 	bl	20000fc8 <__panic_veneer>
20000a62:	46c0      	nop			@ (mov r8, r8)
20000a64:	0000023a 	.word	0x0000023a
20000a68:	000002ba 	.word	0x000002ba
20000a6c:	0000037a 	.word	0x0000037a
20000a70:	000003bb 	.word	0x000003bb
20000a74:	000003ba 	.word	0x000003ba
20000a78:	000003fb 	.word	0x000003fb
20000a7c:	000003fa 	.word	0x000003fa
20000a80:	0000033a 	.word	0x0000033a
20000a84:	1000955c 	.word	0x1000955c

20000a88 <prepare_ep_buffer>:
20000a88:	b5f0      	push	{r4, r5, r6, r7, lr}
20000a8a:	46c6      	mov	lr, r8
20000a8c:	b500      	push	{lr}
20000a8e:	0002      	movs	r2, r0
20000a90:	8a83      	ldrh	r3, [r0, #20]
20000a92:	8b00      	ldrh	r0, [r0, #24]
20000a94:	468c      	mov	ip, r1
20000a96:	1c01      	adds	r1, r0, #0
20000a98:	4298      	cmp	r0, r3
20000a9a:	d900      	bls.n	20000a9e <prepare_ep_buffer+0x16>
20000a9c:	1c19      	adds	r1, r3, #0
20000a9e:	78d4      	ldrb	r4, [r2, #3]
20000aa0:	2580      	movs	r5, #128	@ 0x80
20000aa2:	0020      	movs	r0, r4
20000aa4:	1e46      	subs	r6, r0, #1
20000aa6:	41b0      	sbcs	r0, r6
20000aa8:	b289      	uxth	r1, r1
20000aaa:	00ed      	lsls	r5, r5, #3
20000aac:	430d      	orrs	r5, r1
20000aae:	0340      	lsls	r0, r0, #13
20000ab0:	4328      	orrs	r0, r5
20000ab2:	2501      	movs	r5, #1
20000ab4:	406c      	eors	r4, r5
20000ab6:	1a5b      	subs	r3, r3, r1
20000ab8:	70d4      	strb	r4, [r2, #3]
20000aba:	7854      	ldrb	r4, [r2, #1]
20000abc:	b29b      	uxth	r3, r3
20000abe:	8293      	strh	r3, [r2, #20]
20000ac0:	2c00      	cmp	r4, #0
20000ac2:	d131      	bne.n	20000b28 <prepare_ep_buffer+0xa0>
20000ac4:	4664      	mov	r4, ip
20000ac6:	68d5      	ldr	r5, [r2, #12]
20000ac8:	01a4      	lsls	r4, r4, #6
20000aca:	1e4e      	subs	r6, r1, #1
20000acc:	192d      	adds	r5, r5, r4
20000ace:	46b0      	mov	r8, r6
20000ad0:	6914      	ldr	r4, [r2, #16]
20000ad2:	2900      	cmp	r1, #0
20000ad4:	d023      	beq.n	20000b1e <prepare_ep_buffer+0x96>
20000ad6:	2e06      	cmp	r6, #6
20000ad8:	d932      	bls.n	20000b40 <prepare_ep_buffer+0xb8>
20000ada:	002b      	movs	r3, r5
20000adc:	4323      	orrs	r3, r4
20000ade:	079b      	lsls	r3, r3, #30
20000ae0:	d12e      	bne.n	20000b40 <prepare_ep_buffer+0xb8>
20000ae2:	1c63      	adds	r3, r4, #1
20000ae4:	1aeb      	subs	r3, r5, r3
20000ae6:	2b02      	cmp	r3, #2
20000ae8:	d92a      	bls.n	20000b40 <prepare_ep_buffer+0xb8>
20000aea:	2300      	movs	r3, #0
20000aec:	088f      	lsrs	r7, r1, #2
20000aee:	00bf      	lsls	r7, r7, #2
20000af0:	58e6      	ldr	r6, [r4, r3]
20000af2:	50ee      	str	r6, [r5, r3]
20000af4:	3304      	adds	r3, #4
20000af6:	429f      	cmp	r7, r3
20000af8:	d1fa      	bne.n	20000af0 <prepare_ep_buffer+0x68>
20000afa:	4643      	mov	r3, r8
20000afc:	19ed      	adds	r5, r5, r7
20000afe:	1bdb      	subs	r3, r3, r7
20000b00:	19e4      	adds	r4, r4, r7
20000b02:	42b9      	cmp	r1, r7
20000b04:	d009      	beq.n	20000b1a <prepare_ep_buffer+0x92>
20000b06:	7826      	ldrb	r6, [r4, #0]
20000b08:	702e      	strb	r6, [r5, #0]
20000b0a:	2b00      	cmp	r3, #0
20000b0c:	d005      	beq.n	20000b1a <prepare_ep_buffer+0x92>
20000b0e:	7866      	ldrb	r6, [r4, #1]
20000b10:	706e      	strb	r6, [r5, #1]
20000b12:	2b01      	cmp	r3, #1
20000b14:	d001      	beq.n	20000b1a <prepare_ep_buffer+0x92>
20000b16:	78a3      	ldrb	r3, [r4, #2]
20000b18:	70ab      	strb	r3, [r5, #2]
20000b1a:	6914      	ldr	r4, [r2, #16]
20000b1c:	8a93      	ldrh	r3, [r2, #20]
20000b1e:	1864      	adds	r4, r4, r1
20000b20:	6114      	str	r4, [r2, #16]
20000b22:	2280      	movs	r2, #128	@ 0x80
20000b24:	0212      	lsls	r2, r2, #8
20000b26:	4310      	orrs	r0, r2
20000b28:	2b00      	cmp	r3, #0
20000b2a:	d102      	bne.n	20000b32 <prepare_ep_buffer+0xaa>
20000b2c:	2380      	movs	r3, #128	@ 0x80
20000b2e:	01db      	lsls	r3, r3, #7
20000b30:	4318      	orrs	r0, r3
20000b32:	4663      	mov	r3, ip
20000b34:	2b00      	cmp	r3, #0
20000b36:	d000      	beq.n	20000b3a <prepare_ep_buffer+0xb2>
20000b38:	0400      	lsls	r0, r0, #16
20000b3a:	bc80      	pop	{r7}
20000b3c:	46b8      	mov	r8, r7
20000b3e:	bdf0      	pop	{r4, r5, r6, r7, pc}
20000b40:	2300      	movs	r3, #0
20000b42:	5ce6      	ldrb	r6, [r4, r3]
20000b44:	54ee      	strb	r6, [r5, r3]
20000b46:	3301      	adds	r3, #1
20000b48:	4299      	cmp	r1, r3
20000b4a:	d1fa      	bne.n	20000b42 <prepare_ep_buffer+0xba>
20000b4c:	e7e5      	b.n	20000b1a <prepare_ep_buffer+0x92>
20000b4e:	46c0      	nop			@ (mov r8, r8)

20000b50 <sync_ep_buffer>:
20000b50:	6883      	ldr	r3, [r0, #8]
20000b52:	b5f0      	push	{r4, r5, r6, r7, lr}
20000b54:	681a      	ldr	r2, [r3, #0]
20000b56:	0004      	movs	r4, r0
20000b58:	2900      	cmp	r1, #0
20000b5a:	d000      	beq.n	20000b5e <sync_ep_buffer+0xe>
20000b5c:	0c12      	lsrs	r2, r2, #16
20000b5e:	7863      	ldrb	r3, [r4, #1]
20000b60:	0592      	lsls	r2, r2, #22
20000b62:	0d90      	lsrs	r0, r2, #22
20000b64:	2b00      	cmp	r3, #0
20000b66:	d108      	bne.n	20000b7a <sync_ep_buffer+0x2a>
20000b68:	8ae3      	ldrh	r3, [r4, #22]
20000b6a:	18c3      	adds	r3, r0, r3
20000b6c:	82e3      	strh	r3, [r4, #22]
20000b6e:	8b23      	ldrh	r3, [r4, #24]
20000b70:	4283      	cmp	r3, r0
20000b72:	d901      	bls.n	20000b78 <sync_ep_buffer+0x28>
20000b74:	2300      	movs	r3, #0
20000b76:	82a3      	strh	r3, [r4, #20]
20000b78:	bdf0      	pop	{r4, r5, r6, r7, pc}
20000b7a:	68e3      	ldr	r3, [r4, #12]
20000b7c:	0189      	lsls	r1, r1, #6
20000b7e:	6925      	ldr	r5, [r4, #16]
20000b80:	185e      	adds	r6, r3, r1
20000b82:	1e47      	subs	r7, r0, #1
20000b84:	2800      	cmp	r0, #0
20000b86:	d022      	beq.n	20000bce <sync_ep_buffer+0x7e>
20000b88:	2f06      	cmp	r7, #6
20000b8a:	d926      	bls.n	20000bda <sync_ep_buffer+0x8a>
20000b8c:	3101      	adds	r1, #1
20000b8e:	185b      	adds	r3, r3, r1
20000b90:	1aeb      	subs	r3, r5, r3
20000b92:	2b02      	cmp	r3, #2
20000b94:	d921      	bls.n	20000bda <sync_ep_buffer+0x8a>
20000b96:	002b      	movs	r3, r5
20000b98:	4333      	orrs	r3, r6
20000b9a:	079b      	lsls	r3, r3, #30
20000b9c:	d11d      	bne.n	20000bda <sync_ep_buffer+0x8a>
20000b9e:	2300      	movs	r3, #0
20000ba0:	0e12      	lsrs	r2, r2, #24
20000ba2:	0092      	lsls	r2, r2, #2
20000ba4:	58f1      	ldr	r1, [r6, r3]
20000ba6:	50e9      	str	r1, [r5, r3]
20000ba8:	3304      	adds	r3, #4
20000baa:	429a      	cmp	r2, r3
20000bac:	d1fa      	bne.n	20000ba4 <sync_ep_buffer+0x54>
20000bae:	1abf      	subs	r7, r7, r2
20000bb0:	18ad      	adds	r5, r5, r2
20000bb2:	18b6      	adds	r6, r6, r2
20000bb4:	4290      	cmp	r0, r2
20000bb6:	d009      	beq.n	20000bcc <sync_ep_buffer+0x7c>
20000bb8:	7832      	ldrb	r2, [r6, #0]
20000bba:	702a      	strb	r2, [r5, #0]
20000bbc:	2f00      	cmp	r7, #0
20000bbe:	d005      	beq.n	20000bcc <sync_ep_buffer+0x7c>
20000bc0:	7872      	ldrb	r2, [r6, #1]
20000bc2:	706a      	strb	r2, [r5, #1]
20000bc4:	2f01      	cmp	r7, #1
20000bc6:	d001      	beq.n	20000bcc <sync_ep_buffer+0x7c>
20000bc8:	78b2      	ldrb	r2, [r6, #2]
20000bca:	70aa      	strb	r2, [r5, #2]
20000bcc:	6925      	ldr	r5, [r4, #16]
20000bce:	8ae3      	ldrh	r3, [r4, #22]
20000bd0:	182d      	adds	r5, r5, r0
20000bd2:	18c3      	adds	r3, r0, r3
20000bd4:	82e3      	strh	r3, [r4, #22]
20000bd6:	6125      	str	r5, [r4, #16]
20000bd8:	e7c9      	b.n	20000b6e <sync_ep_buffer+0x1e>
20000bda:	2200      	movs	r2, #0
20000bdc:	5cb3      	ldrb	r3, [r6, r2]
20000bde:	54ab      	strb	r3, [r5, r2]
20000be0:	3201      	adds	r2, #1
20000be2:	4290      	cmp	r0, r2
20000be4:	d1fa      	bne.n	20000bdc <sync_ep_buffer+0x8c>
20000be6:	6925      	ldr	r5, [r4, #16]
20000be8:	e7f1      	b.n	20000bce <sync_ep_buffer+0x7e>
20000bea:	46c0      	nop			@ (mov r8, r8)

20000bec <_hw_endpoint_xfer_sync>:
20000bec:	b510      	push	{r4, lr}
20000bee:	0004      	movs	r4, r0
20000bf0:	6883      	ldr	r3, [r0, #8]
20000bf2:	2100      	movs	r1, #0
20000bf4:	681b      	ldr	r3, [r3, #0]
20000bf6:	f7ff ffab 	bl	20000b50 <sync_ep_buffer>
20000bfa:	6863      	ldr	r3, [r4, #4]
20000bfc:	681b      	ldr	r3, [r3, #0]
20000bfe:	005b      	lsls	r3, r3, #1
20000c00:	d502      	bpl.n	20000c08 <_hw_endpoint_xfer_sync+0x1c>
20000c02:	8b23      	ldrh	r3, [r4, #24]
20000c04:	4283      	cmp	r3, r0
20000c06:	d000      	beq.n	20000c0a <_hw_endpoint_xfer_sync+0x1e>
20000c08:	bd10      	pop	{r4, pc}
20000c0a:	2101      	movs	r1, #1
20000c0c:	0020      	movs	r0, r4
20000c0e:	f7ff ff9f 	bl	20000b50 <sync_ep_buffer>
20000c12:	e7f9      	b.n	20000c08 <_hw_endpoint_xfer_sync+0x1c>

20000c14 <e15_is_bulkin_ep>:
20000c14:	4a08      	ldr	r2, [pc, #32]	@ (20000c38 <e15_is_bulkin_ep+0x24>)
20000c16:	0003      	movs	r3, r0
20000c18:	6c12      	ldr	r2, [r2, #64]	@ 0x40
20000c1a:	2000      	movs	r0, #0
20000c1c:	0792      	lsls	r2, r2, #30
20000c1e:	d403      	bmi.n	20000c28 <e15_is_bulkin_ep+0x14>
20000c20:	789a      	ldrb	r2, [r3, #2]
20000c22:	09d2      	lsrs	r2, r2, #7
20000c24:	2a01      	cmp	r2, #1
20000c26:	d000      	beq.n	20000c2a <e15_is_bulkin_ep+0x16>
20000c28:	4770      	bx	lr
20000c2a:	7ed8      	ldrb	r0, [r3, #27]
20000c2c:	3802      	subs	r0, #2
20000c2e:	4243      	negs	r3, r0
20000c30:	4158      	adcs	r0, r3
20000c32:	b2c0      	uxtb	r0, r0
20000c34:	e7f8      	b.n	20000c28 <e15_is_bulkin_ep+0x14>
20000c36:	46c0      	nop			@ (mov r8, r8)
20000c38:	50110000 	.word	0x50110000

20000c3c <e15_is_critical_frame_period>:
20000c3c:	b510      	push	{r4, lr}
20000c3e:	f7ff ffe9 	bl	20000c14 <e15_is_bulkin_ep>
20000c42:	2800      	cmp	r0, #0
20000c44:	d00c      	beq.n	20000c60 <e15_is_critical_frame_period+0x24>
20000c46:	4907      	ldr	r1, [pc, #28]	@ (20000c64 <e15_is_critical_frame_period+0x28>)
20000c48:	4b07      	ldr	r3, [pc, #28]	@ (20000c68 <e15_is_critical_frame_period+0x2c>)
20000c4a:	468c      	mov	ip, r1
20000c4c:	4a07      	ldr	r2, [pc, #28]	@ (20000c6c <e15_is_critical_frame_period+0x30>)
20000c4e:	6a9b      	ldr	r3, [r3, #40]	@ 0x28
20000c50:	6812      	ldr	r2, [r2, #0]
20000c52:	4463      	add	r3, ip
20000c54:	1a9b      	subs	r3, r3, r2
20000c56:	2000      	movs	r0, #0
20000c58:	22c6      	movs	r2, #198	@ 0xc6
20000c5a:	429a      	cmp	r2, r3
20000c5c:	4140      	adcs	r0, r0
20000c5e:	b2c0      	uxtb	r0, r0
20000c60:	bd10      	pop	{r4, pc}
20000c62:	46c0      	nop			@ (mov r8, r8)
20000c64:	fffffce0 	.word	0xfffffce0
20000c68:	40054000 	.word	0x40054000
20000c6c:	20001ae8 	.word	0x20001ae8

20000c70 <hw_endpoint_reset_transfer>:
20000c70:	2300      	movs	r3, #0
20000c72:	7683      	strb	r3, [r0, #26]
20000c74:	6143      	str	r3, [r0, #20]
20000c76:	6103      	str	r3, [r0, #16]
20000c78:	4770      	bx	lr
20000c7a:	46c0      	nop			@ (mov r8, r8)

20000c7c <_hw_endpoint_buffer_control_update32>:
20000c7c:	b510      	push	{r4, lr}
20000c7e:	6883      	ldr	r3, [r0, #8]
20000c80:	2900      	cmp	r1, #0
20000c82:	d001      	beq.n	20000c88 <_hw_endpoint_buffer_control_update32+0xc>
20000c84:	681c      	ldr	r4, [r3, #0]
20000c86:	4021      	ands	r1, r4
20000c88:	2a00      	cmp	r2, #0
20000c8a:	d012      	beq.n	20000cb2 <_hw_endpoint_buffer_control_update32+0x36>
20000c8c:	2480      	movs	r4, #128	@ 0x80
20000c8e:	00e4      	lsls	r4, r4, #3
20000c90:	4311      	orrs	r1, r2
20000c92:	4222      	tst	r2, r4
20000c94:	d00d      	beq.n	20000cb2 <_hw_endpoint_buffer_control_update32+0x36>
20000c96:	681a      	ldr	r2, [r3, #0]
20000c98:	4222      	tst	r2, r4
20000c9a:	d10c      	bne.n	20000cb6 <_hw_endpoint_buffer_control_update32+0x3a>
20000c9c:	4a08      	ldr	r2, [pc, #32]	@ (20000cc0 <_hw_endpoint_buffer_control_update32+0x44>)
20000c9e:	400a      	ands	r2, r1
20000ca0:	601a      	str	r2, [r3, #0]
20000ca2:	4a08      	ldr	r2, [pc, #32]	@ (20000cc4 <_hw_endpoint_buffer_control_update32+0x48>)
20000ca4:	6c12      	ldr	r2, [r2, #64]	@ 0x40
20000ca6:	0792      	lsls	r2, r2, #30
20000ca8:	d403      	bmi.n	20000cb2 <_hw_endpoint_buffer_control_update32+0x36>
20000caa:	230c      	movs	r3, #12
20000cac:	3b03      	subs	r3, #3
20000cae:	d2fd      	bcs.n	20000cac <_hw_endpoint_buffer_control_update32+0x30>
20000cb0:	6883      	ldr	r3, [r0, #8]
20000cb2:	6019      	str	r1, [r3, #0]
20000cb4:	bd10      	pop	{r4, pc}
20000cb6:	7881      	ldrb	r1, [r0, #2]
20000cb8:	4803      	ldr	r0, [pc, #12]	@ (20000cc8 <_hw_endpoint_buffer_control_update32+0x4c>)
20000cba:	f000 f985 	bl	20000fc8 <__panic_veneer>
20000cbe:	46c0      	nop			@ (mov r8, r8)
20000cc0:	fffffbff 	.word	0xfffffbff
20000cc4:	50110000 	.word	0x50110000
20000cc8:	10009570 	.word	0x10009570

20000ccc <hw_endpoint_start_next_buffer>:
20000ccc:	6843      	ldr	r3, [r0, #4]
20000cce:	b570      	push	{r4, r5, r6, lr}
20000cd0:	2100      	movs	r1, #0
20000cd2:	2580      	movs	r5, #128	@ 0x80
20000cd4:	0004      	movs	r4, r0
20000cd6:	681e      	ldr	r6, [r3, #0]
20000cd8:	f7ff fed6 	bl	20000a88 <prepare_ep_buffer>
20000cdc:	4b12      	ldr	r3, [pc, #72]	@ (20000d28 <hw_endpoint_start_next_buffer+0x5c>)
20000cde:	016d      	lsls	r5, r5, #5
20000ce0:	6c1a      	ldr	r2, [r3, #64]	@ 0x40
20000ce2:	4305      	orrs	r5, r0
20000ce4:	78a3      	ldrb	r3, [r4, #2]
20000ce6:	0792      	lsls	r2, r2, #30
20000ce8:	d50e      	bpl.n	20000d08 <hw_endpoint_start_next_buffer+0x3c>
20000cea:	065b      	lsls	r3, r3, #25
20000cec:	d00e      	beq.n	20000d0c <hw_endpoint_start_next_buffer+0x40>
20000cee:	4b0f      	ldr	r3, [pc, #60]	@ (20000d2c <hw_endpoint_start_next_buffer+0x60>)
20000cf0:	401e      	ands	r6, r3
20000cf2:	2380      	movs	r3, #128	@ 0x80
20000cf4:	059b      	lsls	r3, r3, #22
20000cf6:	4333      	orrs	r3, r6
20000cf8:	6862      	ldr	r2, [r4, #4]
20000cfa:	2100      	movs	r1, #0
20000cfc:	6013      	str	r3, [r2, #0]
20000cfe:	0020      	movs	r0, r4
20000d00:	002a      	movs	r2, r5
20000d02:	f7ff ffbb 	bl	20000c7c <_hw_endpoint_buffer_control_update32>
20000d06:	bd70      	pop	{r4, r5, r6, pc}
20000d08:	09db      	lsrs	r3, r3, #7
20000d0a:	d0f0      	beq.n	20000cee <hw_endpoint_start_next_buffer+0x22>
20000d0c:	8aa3      	ldrh	r3, [r4, #20]
20000d0e:	2b00      	cmp	r3, #0
20000d10:	d0ed      	beq.n	20000cee <hw_endpoint_start_next_buffer+0x22>
20000d12:	2101      	movs	r1, #1
20000d14:	0020      	movs	r0, r4
20000d16:	f7ff feb7 	bl	20000a88 <prepare_ep_buffer>
20000d1a:	23a0      	movs	r3, #160	@ 0xa0
20000d1c:	4a04      	ldr	r2, [pc, #16]	@ (20000d30 <hw_endpoint_start_next_buffer+0x64>)
20000d1e:	05db      	lsls	r3, r3, #23
20000d20:	4032      	ands	r2, r6
20000d22:	4305      	orrs	r5, r0
20000d24:	4313      	orrs	r3, r2
20000d26:	e7e7      	b.n	20000cf8 <hw_endpoint_start_next_buffer+0x2c>
20000d28:	50110000 	.word	0x50110000
20000d2c:	afffffff 	.word	0xafffffff
20000d30:	dfffffff 	.word	0xdfffffff

20000d34 <hw_endpoint_xfer_continue>:
20000d34:	b570      	push	{r4, r5, r6, lr}
20000d36:	7e85      	ldrb	r5, [r0, #26]
20000d38:	0004      	movs	r4, r0
20000d3a:	2d00      	cmp	r5, #0
20000d3c:	d014      	beq.n	20000d68 <hw_endpoint_xfer_continue+0x34>
20000d3e:	f7ff ff55 	bl	20000bec <_hw_endpoint_xfer_sync>
20000d42:	8aa3      	ldrh	r3, [r4, #20]
20000d44:	2b00      	cmp	r3, #0
20000d46:	d101      	bne.n	20000d4c <hw_endpoint_xfer_continue+0x18>
20000d48:	0028      	movs	r0, r5
20000d4a:	bd70      	pop	{r4, r5, r6, pc}
20000d4c:	0020      	movs	r0, r4
20000d4e:	f7ff ff75 	bl	20000c3c <e15_is_critical_frame_period>
20000d52:	2800      	cmp	r0, #0
20000d54:	d003      	beq.n	20000d5e <hw_endpoint_xfer_continue+0x2a>
20000d56:	2301      	movs	r3, #1
20000d58:	2500      	movs	r5, #0
20000d5a:	7723      	strb	r3, [r4, #28]
20000d5c:	e7f4      	b.n	20000d48 <hw_endpoint_xfer_continue+0x14>
20000d5e:	0020      	movs	r0, r4
20000d60:	f7ff ffb4 	bl	20000ccc <hw_endpoint_start_next_buffer>
20000d64:	2500      	movs	r5, #0
20000d66:	e7ef      	b.n	20000d48 <hw_endpoint_xfer_continue+0x14>
20000d68:	7881      	ldrb	r1, [r0, #2]
20000d6a:	4801      	ldr	r0, [pc, #4]	@ (20000d70 <hw_endpoint_xfer_continue+0x3c>)
20000d6c:	f000 f92c 	bl	20000fc8 <__panic_veneer>
20000d70:	10009590 	.word	0x10009590

20000d74 <dcd_event_handler>:
20000d74:	b5f0      	push	{r4, r5, r6, r7, lr}
20000d76:	46ce      	mov	lr, r9
20000d78:	4647      	mov	r7, r8
20000d7a:	b580      	push	{r7, lr}
20000d7c:	7843      	ldrb	r3, [r0, #1]
20000d7e:	0005      	movs	r5, r0
20000d80:	000e      	movs	r6, r1
20000d82:	b085      	sub	sp, #20
20000d84:	2b06      	cmp	r3, #6
20000d86:	d808      	bhi.n	20000d9a <dcd_event_handler+0x26>
20000d88:	4a6b      	ldr	r2, [pc, #428]	@ (20000f38 <dcd_event_handler+0x1c4>)
20000d8a:	009b      	lsls	r3, r3, #2
20000d8c:	58d3      	ldr	r3, [r2, r3]
20000d8e:	469f      	mov	pc, r3
20000d90:	4a6a      	ldr	r2, [pc, #424]	@ (20000f3c <dcd_event_handler+0x1c8>)
20000d92:	7813      	ldrb	r3, [r2, #0]
20000d94:	3301      	adds	r3, #1
20000d96:	b2db      	uxtb	r3, r3
20000d98:	7013      	strb	r3, [r2, #0]
20000d9a:	4b69      	ldr	r3, [pc, #420]	@ (20000f40 <dcd_event_handler+0x1cc>)
20000d9c:	681c      	ldr	r4, [r3, #0]
20000d9e:	6962      	ldr	r2, [r4, #20]
20000da0:	f3ef 8110 	mrs	r1, PRIMASK
20000da4:	b672      	cpsid	i
20000da6:	6813      	ldr	r3, [r2, #0]
20000da8:	2b00      	cmp	r3, #0
20000daa:	d0fc      	beq.n	20000da6 <dcd_event_handler+0x32>
20000dac:	f3bf 8f5f 	dmb	sy
20000db0:	61a1      	str	r1, [r4, #24]
20000db2:	0020      	movs	r0, r4
20000db4:	0029      	movs	r1, r5
20000db6:	f000 f90f 	bl	20000fd8 <__tu_fifo_write_veneer>
20000dba:	6962      	ldr	r2, [r4, #20]
20000dbc:	69a3      	ldr	r3, [r4, #24]
20000dbe:	f3bf 8f5f 	dmb	sy
20000dc2:	2100      	movs	r1, #0
20000dc4:	6011      	str	r1, [r2, #0]
20000dc6:	f383 8810 	msr	PRIMASK, r3
20000dca:	2800      	cmp	r0, #0
20000dcc:	d104      	bne.n	20000dd8 <dcd_event_handler+0x64>
20000dce:	b005      	add	sp, #20
20000dd0:	bcc0      	pop	{r6, r7}
20000dd2:	46b9      	mov	r9, r7
20000dd4:	46b0      	mov	r8, r6
20000dd6:	bdf0      	pop	{r4, r5, r6, r7, pc}
20000dd8:	0032      	movs	r2, r6
20000dda:	7869      	ldrb	r1, [r5, #1]
20000ddc:	7828      	ldrb	r0, [r5, #0]
20000dde:	f000 f91b 	bl	20001018 <__tud_event_hook_cb_veneer>
20000de2:	e7f4      	b.n	20000dce <dcd_event_handler+0x5a>
20000de4:	2101      	movs	r1, #1
20000de6:	4b57      	ldr	r3, [pc, #348]	@ (20000f44 <dcd_event_handler+0x1d0>)
20000de8:	781a      	ldrb	r2, [r3, #0]
20000dea:	438a      	bics	r2, r1
20000dec:	701a      	strb	r2, [r3, #0]
20000dee:	781a      	ldrb	r2, [r3, #0]
20000df0:	3101      	adds	r1, #1
20000df2:	438a      	bics	r2, r1
20000df4:	701a      	strb	r2, [r3, #0]
20000df6:	2200      	movs	r2, #0
20000df8:	705a      	strb	r2, [r3, #1]
20000dfa:	781a      	ldrb	r2, [r3, #0]
20000dfc:	3102      	adds	r1, #2
20000dfe:	438a      	bics	r2, r1
20000e00:	701a      	strb	r2, [r3, #0]
20000e02:	e7ca      	b.n	20000d9a <dcd_event_handler+0x26>
20000e04:	4b50      	ldr	r3, [pc, #320]	@ (20000f48 <dcd_event_handler+0x1d4>)
20000e06:	4f51      	ldr	r7, [pc, #324]	@ (20000f4c <dcd_event_handler+0x1d8>)
20000e08:	4699      	mov	r9, r3
20000e0a:	4b51      	ldr	r3, [pc, #324]	@ (20000f50 <dcd_event_handler+0x1dc>)
20000e0c:	2400      	movs	r4, #0
20000e0e:	4698      	mov	r8, r3
20000e10:	783a      	ldrb	r2, [r7, #0]
20000e12:	e010      	b.n	20000e36 <dcd_event_handler+0xc2>
20000e14:	4643      	mov	r3, r8
20000e16:	681b      	ldr	r3, [r3, #0]
20000e18:	0161      	lsls	r1, r4, #5
20000e1a:	185b      	adds	r3, r3, r1
20000e1c:	2b00      	cmp	r3, #0
20000e1e:	d006      	beq.n	20000e2e <dcd_event_handler+0xba>
20000e20:	69db      	ldr	r3, [r3, #28]
20000e22:	2b00      	cmp	r3, #0
20000e24:	d003      	beq.n	20000e2e <dcd_event_handler+0xba>
20000e26:	6869      	ldr	r1, [r5, #4]
20000e28:	7828      	ldrb	r0, [r5, #0]
20000e2a:	4798      	blx	r3
20000e2c:	783a      	ldrb	r2, [r7, #0]
20000e2e:	3401      	adds	r4, #1
20000e30:	b2e4      	uxtb	r4, r4
20000e32:	4294      	cmp	r4, r2
20000e34:	d817      	bhi.n	20000e66 <dcd_event_handler+0xf2>
20000e36:	42a2      	cmp	r2, r4
20000e38:	d8ec      	bhi.n	20000e14 <dcd_event_handler+0xa0>
20000e3a:	1aa3      	subs	r3, r4, r2
20000e3c:	015b      	lsls	r3, r3, #5
20000e3e:	444b      	add	r3, r9
20000e40:	e7ee      	b.n	20000e20 <dcd_event_handler+0xac>
20000e42:	4b40      	ldr	r3, [pc, #256]	@ (20000f44 <dcd_event_handler+0x1d0>)
20000e44:	781a      	ldrb	r2, [r3, #0]
20000e46:	07d2      	lsls	r2, r2, #31
20000e48:	d5c1      	bpl.n	20000dce <dcd_event_handler+0x5a>
20000e4a:	2104      	movs	r1, #4
20000e4c:	781a      	ldrb	r2, [r3, #0]
20000e4e:	430a      	orrs	r2, r1
20000e50:	701a      	strb	r2, [r3, #0]
20000e52:	e7a2      	b.n	20000d9a <dcd_event_handler+0x26>
20000e54:	4b3b      	ldr	r3, [pc, #236]	@ (20000f44 <dcd_event_handler+0x1d0>)
20000e56:	781a      	ldrb	r2, [r3, #0]
20000e58:	07d2      	lsls	r2, r2, #31
20000e5a:	d5b8      	bpl.n	20000dce <dcd_event_handler+0x5a>
20000e5c:	2104      	movs	r1, #4
20000e5e:	781a      	ldrb	r2, [r3, #0]
20000e60:	438a      	bics	r2, r1
20000e62:	701a      	strb	r2, [r3, #0]
20000e64:	e799      	b.n	20000d9a <dcd_event_handler+0x26>
20000e66:	4f37      	ldr	r7, [pc, #220]	@ (20000f44 <dcd_event_handler+0x1d0>)
20000e68:	783b      	ldrb	r3, [r7, #0]
20000e6a:	075b      	lsls	r3, r3, #29
20000e6c:	d52b      	bpl.n	20000ec6 <dcd_event_handler+0x152>
20000e6e:	2204      	movs	r2, #4
20000e70:	783b      	ldrb	r3, [r7, #0]
20000e72:	2100      	movs	r1, #0
20000e74:	4393      	bics	r3, r2
20000e76:	703b      	strb	r3, [r7, #0]
20000e78:	466b      	mov	r3, sp
20000e7a:	3206      	adds	r2, #6
20000e7c:	1d98      	adds	r0, r3, #6
20000e7e:	f000 f89b 	bl	20000fb8 <____wrap_memset_veneer>
20000e82:	782b      	ldrb	r3, [r5, #0]
20000e84:	ac01      	add	r4, sp, #4
20000e86:	7023      	strb	r3, [r4, #0]
20000e88:	2305      	movs	r3, #5
20000e8a:	7063      	strb	r3, [r4, #1]
20000e8c:	4b2c      	ldr	r3, [pc, #176]	@ (20000f40 <dcd_event_handler+0x1cc>)
20000e8e:	681b      	ldr	r3, [r3, #0]
20000e90:	4698      	mov	r8, r3
20000e92:	695a      	ldr	r2, [r3, #20]
20000e94:	f3ef 8110 	mrs	r1, PRIMASK
20000e98:	b672      	cpsid	i
20000e9a:	6813      	ldr	r3, [r2, #0]
20000e9c:	2b00      	cmp	r3, #0
20000e9e:	d0fc      	beq.n	20000e9a <dcd_event_handler+0x126>
20000ea0:	f3bf 8f5f 	dmb	sy
20000ea4:	4643      	mov	r3, r8
20000ea6:	4640      	mov	r0, r8
20000ea8:	6199      	str	r1, [r3, #24]
20000eaa:	0021      	movs	r1, r4
20000eac:	f000 f894 	bl	20000fd8 <__tu_fifo_write_veneer>
20000eb0:	4643      	mov	r3, r8
20000eb2:	695a      	ldr	r2, [r3, #20]
20000eb4:	699b      	ldr	r3, [r3, #24]
20000eb6:	f3bf 8f5f 	dmb	sy
20000eba:	2100      	movs	r1, #0
20000ebc:	6011      	str	r1, [r2, #0]
20000ebe:	f383 8810 	msr	PRIMASK, r3
20000ec2:	2800      	cmp	r0, #0
20000ec4:	d131      	bne.n	20000f2a <dcd_event_handler+0x1b6>
20000ec6:	78fb      	ldrb	r3, [r7, #3]
20000ec8:	07db      	lsls	r3, r3, #31
20000eca:	d400      	bmi.n	20000ece <dcd_event_handler+0x15a>
20000ecc:	e77f      	b.n	20000dce <dcd_event_handler+0x5a>
20000ece:	466b      	mov	r3, sp
20000ed0:	220a      	movs	r2, #10
20000ed2:	2100      	movs	r1, #0
20000ed4:	1d98      	adds	r0, r3, #6
20000ed6:	f000 f86f 	bl	20000fb8 <____wrap_memset_veneer>
20000eda:	782b      	ldrb	r3, [r5, #0]
20000edc:	ac01      	add	r4, sp, #4
20000ede:	7023      	strb	r3, [r4, #0]
20000ee0:	2303      	movs	r3, #3
20000ee2:	7063      	strb	r3, [r4, #1]
20000ee4:	686b      	ldr	r3, [r5, #4]
20000ee6:	6063      	str	r3, [r4, #4]
20000ee8:	4b15      	ldr	r3, [pc, #84]	@ (20000f40 <dcd_event_handler+0x1cc>)
20000eea:	681d      	ldr	r5, [r3, #0]
20000eec:	696a      	ldr	r2, [r5, #20]
20000eee:	f3ef 8110 	mrs	r1, PRIMASK
20000ef2:	b672      	cpsid	i
20000ef4:	6813      	ldr	r3, [r2, #0]
20000ef6:	2b00      	cmp	r3, #0
20000ef8:	d0fc      	beq.n	20000ef4 <dcd_event_handler+0x180>
20000efa:	f3bf 8f5f 	dmb	sy
20000efe:	61a9      	str	r1, [r5, #24]
20000f00:	0028      	movs	r0, r5
20000f02:	0021      	movs	r1, r4
20000f04:	f000 f868 	bl	20000fd8 <__tu_fifo_write_veneer>
20000f08:	696a      	ldr	r2, [r5, #20]
20000f0a:	69ab      	ldr	r3, [r5, #24]
20000f0c:	f3bf 8f5f 	dmb	sy
20000f10:	2100      	movs	r1, #0
20000f12:	6011      	str	r1, [r2, #0]
20000f14:	f383 8810 	msr	PRIMASK, r3
20000f18:	2800      	cmp	r0, #0
20000f1a:	d100      	bne.n	20000f1e <dcd_event_handler+0x1aa>
20000f1c:	e757      	b.n	20000dce <dcd_event_handler+0x5a>
20000f1e:	0032      	movs	r2, r6
20000f20:	7861      	ldrb	r1, [r4, #1]
20000f22:	7820      	ldrb	r0, [r4, #0]
20000f24:	f000 f878 	bl	20001018 <__tud_event_hook_cb_veneer>
20000f28:	e751      	b.n	20000dce <dcd_event_handler+0x5a>
20000f2a:	0032      	movs	r2, r6
20000f2c:	7861      	ldrb	r1, [r4, #1]
20000f2e:	7820      	ldrb	r0, [r4, #0]
20000f30:	f000 f872 	bl	20001018 <__tud_event_hook_cb_veneer>
20000f34:	e7c7      	b.n	20000ec6 <dcd_event_handler+0x152>
20000f36:	46c0      	nop			@ (mov r8, r8)
20000f38:	10013fa0 	.word	0x10013fa0
20000f3c:	2000bf68 	.word	0x2000bf68
20000f40:	200016c0 	.word	0x200016c0
20000f44:	20001668 	.word	0x20001668
20000f48:	10013fbc 	.word	0x10013fbc
20000f4c:	2000bf66 	.word	0x2000bf66
20000f50:	200014b8 	.word	0x200014b8

20000f54 <spi_write_blocking>:
20000f54:	b530      	push	{r4, r5, lr}
20000f56:	0004      	movs	r4, r0
20000f58:	1e10      	subs	r0, r2, #0
20000f5a:	d00a      	beq.n	20000f72 <spi_write_blocking+0x1e>
20000f5c:	000a      	movs	r2, r1
20000f5e:	180d      	adds	r5, r1, r0
20000f60:	2102      	movs	r1, #2
20000f62:	68e3      	ldr	r3, [r4, #12]
20000f64:	4219      	tst	r1, r3
20000f66:	d0fc      	beq.n	20000f62 <spi_write_blocking+0xe>
20000f68:	7813      	ldrb	r3, [r2, #0]
20000f6a:	3201      	adds	r2, #1
20000f6c:	60a3      	str	r3, [r4, #8]
20000f6e:	42aa      	cmp	r2, r5
20000f70:	d1f7      	bne.n	20000f62 <spi_write_blocking+0xe>
20000f72:	68e3      	ldr	r3, [r4, #12]
20000f74:	075b      	lsls	r3, r3, #29
20000f76:	d504      	bpl.n	20000f82 <spi_write_blocking+0x2e>
20000f78:	2104      	movs	r1, #4
20000f7a:	68a3      	ldr	r3, [r4, #8]
20000f7c:	68e3      	ldr	r3, [r4, #12]
20000f7e:	4219      	tst	r1, r3
20000f80:	d1fb      	bne.n	20000f7a <spi_write_blocking+0x26>
20000f82:	2110      	movs	r1, #16
20000f84:	68e3      	ldr	r3, [r4, #12]
20000f86:	4219      	tst	r1, r3
20000f88:	d1fc      	bne.n	20000f84 <spi_write_blocking+0x30>
20000f8a:	68e3      	ldr	r3, [r4, #12]
20000f8c:	075b      	lsls	r3, r3, #29
20000f8e:	d504      	bpl.n	20000f9a <spi_write_blocking+0x46>
20000f90:	2104      	movs	r1, #4
20000f92:	68a3      	ldr	r3, [r4, #8]
20000f94:	68e3      	ldr	r3, [r4, #12]
20000f96:	4219      	tst	r1, r3
20000f98:	d1fb      	bne.n	20000f92 <spi_write_blocking+0x3e>
20000f9a:	2301      	movs	r3, #1
20000f9c:	6223      	str	r3, [r4, #32]
20000f9e:	bd30      	pop	{r4, r5, pc}

20000fa0 <__aeabi_idiv0>:
20000fa0:	4770      	bx	lr
20000fa2:	46c0      	nop			@ (mov r8, r8)
20000fa4:	0000      	movs	r0, r0
	...

20000fa8 <__time_us_64_veneer>:
20000fa8:	b401      	push	{r0}
20000faa:	4802      	ldr	r0, [pc, #8]	@ (20000fb4 <__time_us_64_veneer+0xc>)
20000fac:	4684      	mov	ip, r0
20000fae:	bc01      	pop	{r0}
20000fb0:	4760      	bx	ip
20000fb2:	bf00      	nop
20000fb4:	10003715 	.word	0x10003715

20000fb8 <____wrap_memset_veneer>:
20000fb8:	b401      	push	{r0}
20000fba:	4802      	ldr	r0, [pc, #8]	@ (20000fc4 <____wrap_memset_veneer+0xc>)
20000fbc:	4684      	mov	ip, r0
20000fbe:	bc01      	pop	{r0}
20000fc0:	4760      	bx	ip
20000fc2:	bf00      	nop
20000fc4:	10005025 	.word	0x10005025

20000fc8 <__panic_veneer>:
20000fc8:	b401      	push	{r0}
20000fca:	4802      	ldr	r0, [pc, #8]	@ (20000fd4 <__panic_veneer+0xc>)
20000fcc:	4684      	mov	ip, r0
20000fce:	bc01      	pop	{r0}
20000fd0:	4760      	bx	ip
20000fd2:	bf00      	nop
20000fd4:	100029ed 	.word	0x100029ed

20000fd8 <__tu_fifo_write_veneer>:
20000fd8:	b401      	push	{r0}
20000fda:	4802      	ldr	r0, [pc, #8]	@ (20000fe4 <__tu_fifo_write_veneer+0xc>)
20000fdc:	4684      	mov	ip, r0
20000fde:	bc01      	pop	{r0}
20000fe0:	4760      	bx	ip
20000fe2:	bf00      	nop
20000fe4:	10008c79 	.word	0x10008c79

20000fe8 <__best_effort_wfe_or_timeout_veneer>:
20000fe8:	b401      	push	{r0}
20000fea:	4802      	ldr	r0, [pc, #8]	@ (20000ff4 <__best_effort_wfe_or_timeout_veneer+0xc>)
20000fec:	4684      	mov	ip, r0
20000fee:	bc01      	pop	{r0}
20000ff0:	4760      	bx	ip
20000ff2:	bf00      	nop
20000ff4:	100035c1 	.word	0x100035c1

20000ff8 <__rp2040_chip_version_veneer>:
20000ff8:	b401      	push	{r0}
20000ffa:	4802      	ldr	r0, [pc, #8]	@ (20001004 <__rp2040_chip_version_veneer+0xc>)
20000ffc:	4684      	mov	ip, r0
20000ffe:	bc01      	pop	{r0}
20001000:	4760      	bx	ip
20001002:	bf00      	nop
20001004:	100029e1 	.word	0x100029e1

20001008 <____wrap___aeabi_lmul_veneer>:
20001008:	b401      	push	{r0}
2000100a:	4802      	ldr	r0, [pc, #8]	@ (20001014 <____wrap___aeabi_lmul_veneer+0xc>)
2000100c:	4684      	mov	ip, r0
2000100e:	bc01      	pop	{r0}
20001010:	4760      	bx	ip
20001012:	bf00      	nop
20001014:	10004d79 	.word	0x10004d79

20001018 <__tud_event_hook_cb_veneer>:
20001018:	b401      	push	{r0}
2000101a:	4802      	ldr	r0, [pc, #8]	@ (20001024 <__tud_event_hook_cb_veneer+0xc>)
2000101c:	4684      	mov	ip, r0
2000101e:	bc01      	pop	{r0}
20001020:	4760      	bx	ip
20001022:	bf00      	nop
20001024:	100076bd 	.word	0x100076bd

20001028 <textsize_y>:
20001028:	                                         ..

2000102a <textsize_x>:
2000102a:	                                         ..

2000102c <textcolor>:
2000102c:	                                         ..

2000102e <_height>:
2000102e:	                                         ..

20001030 <_width>:
20001030:	000000a0                                ....

20001034 <offsetVoltage>:
20001034:	3fd3b733                                3..?

20001038 <tdiv>:
20001038:	41a00000                                ...A

2000103c <trig>:
2000103c:	00000001                                ....

20001040 <vdiv>:
20001040:	40000000                                ...@

20001044 <atten>:
20001044:	00000001                                ....

20001048 <fast>:
20001048:	                                         .

20001049 <striped_spin_lock_num>:
20001049:	                                         ...

2000104c <irq_handler_chain_slots>:
2000104c:	00000000 	.word	0x00000000
20001050:	00010000 	.word	0x00010000
	...
2000105c:	00020000 	.word	0x00020000
	...
20001068:	00030000 	.word	0x00030000
	...
20001074:	00040000 	.word	0x00040000
	...
20001080:	00050000 	.word	0x00050000
	...
2000108c:	00ff0000 	.word	0x00ff0000
20001090:	00000000 	.word	0x00000000

20001094 <irq_handler_chain_first_slot>:
20001094:	b501      	push	{r0, lr}
20001096:	6848      	ldr	r0, [r1, #4]
20001098:	3101      	adds	r1, #1
2000109a:	468e      	mov	lr, r1
2000109c:	4700      	bx	r0

2000109e <irq_handler_chain_remove_tail>:
2000109e:	4670      	mov	r0, lr
200010a0:	3809      	subs	r0, #9
200010a2:	4901      	ldr	r1, [pc, #4]	@ (200010a8 <irq_handler_chain_remove_tail+0xa>)
200010a4:	4788      	blx	r1
200010a6:	bd01      	pop	{r0, pc}
200010a8:	10002e05 	.word	0x10002e05

200010ac <default_alarm_pool>:
	...
200010c0:	20001130 00000000 00000000 00000000     0.. ............

200010d0 <aeabi_bits_funcs>:
200010d0:	00003350 	.word	0x00003350
200010d4:	0000334c 	.word	0x0000334c
200010d8:	00003354 	.word	0x00003354
200010dc:	00003352 	.word	0x00003352

200010e0 <aeabi_bits_funcs_end>:
200010e0:	0000534d 	.word	0x0000534d
200010e4:	0000434d 	.word	0x0000434d
200010e8:	00003453 	.word	0x00003453
200010ec:	00003443 	.word	0x00003443

200010f0 <stdio_usb>:
200010f0:	10006d89 10006d3d 10006cb1 10006c29     .m..=m...l..)l..
20001100:	00000000 00000100                       ........

20001108 <_usbd_qdef>:
20001108:	200016c4 000c0010 00000000 00000000     ... ............
	...

20001124 <_usbd_rhport>:
20001124:	000000ff                                ....

20001128 <print_mutex>:
	...
